<?xml version="1.0" encoding="ISO-8859-1"?>

<visualisation>
	<time-stamp>1634725283,524923896</time-stamp>
	<name>ED_FILE</name>
	<symplified-user-input>false</symplified-user-input>
	<keyboard-usage-for-table>true</keyboard-usage-for-table>
	<size>1721,1201</size>
	<usage-type>0</usage-type>
	<use-language-file>false</use-language-file>
	<use-dynamic-text>true</use-dynamic-text>
	<hide-elements>false</hide-elements>
	<language>ENGLISH</language>
	<dynamic-text-file>VIS\SPRACHE\DYNSPR.XML</dynamic-text-file>
	<element type="bitmap">
		<file-name>vis\bgpic01.jpg</file-name>
		<transparent>false</transparent>
		<show-frame>true</show-frame>
		<clip-frame>true</clip-frame>
		<frame-type>anisotropic</frame-type>
		<elem-id>0</elem-id>
		<center>860,600</center>
		<line-width>0</line-width>
		<has-frame-color>true</has-frame-color>
		<has-inside-color>true</has-inside-color>
		<frame-color>192,192,192</frame-color>
		<frame-color-alarm>255,255,255</frame-color-alarm>
		<fill-color>255,255,255</fill-color>
		<fill-color-alarm>255,255,255</fill-color-alarm>
		<expr-frame-color>
			<expr>
				<var>.gwdColorRAHMEN</var>
			</expr>
		</expr-frame-color>
		<enable-text-input>false</enable-text-input>
		<hidden-input>false</hidden-input>
		<rect>0,0,1721,1201</rect>
	</element>
	<element type="simple">
		<simple-shape>rectangle</simple-shape>
		<elem-id>1</elem-id>
		<center>848,110</center>
		<line-width>0</line-width>
		<has-frame-color>true</has-frame-color>
		<has-inside-color>false</has-inside-color>
		<frame-color>192,192,192</frame-color>
		<frame-color-alarm>0,0,0</frame-color-alarm>
		<fill-color>255,255,255</fill-color>
		<fill-color-alarm>255,255,255</fill-color-alarm>
		<expr-text-color>
			<expr>
				<var>.gwColorANZEIGETEXT</var>
			</expr>
		</expr-text-color>
		<expr-frame-color>
			<expr>
				<var>.gwdColorRAHMEN</var>
			</expr>
		</expr-frame-color>
		<text-align-horz>center</text-align-horz>
		<text-align-vert>center</text-align-vert>
		<font-height>-35</font-height>
		<font-height-point-size>26</font-height-point-size>
		<font-weight>700</font-weight>
		<font-italic>false</font-italic>
		<font-underline>false</font-underline>
		<font-strike-out>false</font-strike-out>
		<font-char-set>0</font-char-set>
		<text-id>646</text-id>
		<font-name><![CDATA[Arial Unicode MS]]></font-name>
		<font-color>0,0,0</font-color>
		<enable-text-input>false</enable-text-input>
		<text-display>
			<expr>
				<const>1</const>
			</expr>
		</text-display>
		<text-format><![CDATA[%|<|FileCopy01|>|]]></text-format>
		<hidden-input>false</hidden-input>
		<rect>615,60,1081,161</rect>
	</element>
	<element type="button">
		<frame-type>anisotropic</frame-type>
		<elem-id>2</elem-id>
		<center>135,105</center>
		<line-width>0</line-width>
		<has-frame-color>true</has-frame-color>
		<has-inside-color>true</has-inside-color>
		<frame-color>0,0,0</frame-color>
		<frame-color-alarm>0,0,0</frame-color-alarm>
		<fill-color>200,200,200</fill-color>
		<fill-color-alarm>220,220,220</fill-color-alarm>
		<expr-text-color>
			<expr>
				<var>.gwColorTEXTButton</var>
			</expr>
		</expr-text-color>
		<text-align-horz>center</text-align-horz>
		<text-align-vert>center</text-align-vert>
		<font-height>-27</font-height>
		<font-height-point-size>20</font-height-point-size>
		<font-weight>700</font-weight>
		<font-italic>false</font-italic>
		<font-underline>false</font-underline>
		<font-strike-out>false</font-strike-out>
		<font-char-set>0</font-char-set>
		<text-id>647</text-id>
		<font-name><![CDATA[Arial Unicode MS]]></font-name>
		<font-color>0,0,0</font-color>
		<expr-zoom>
			<expr>
				<placeholder>SETUP_7</placeholder>
			</expr>
		</expr-zoom>
		<enable-text-input>false</enable-text-input>
		<input-action-list>
			<expr-assign>
				<lvalue>
					<expr>
						<var>.gxLoadActiveData</var>
					</expr>
				</lvalue>
				<rvalue>
					<expr>
						<const>TRUE</const>
					</expr>
				</rvalue>
			</expr-assign>
		</input-action-list>
		<text-display>
			<expr>
				<const>1</const>
			</expr>
		</text-display>
		<text-format><![CDATA[%|<|RETURN01|>|]]></text-format>
		<hidden-input>false</hidden-input>
		<rect>60,60,211,151</rect>
	</element>
	<element type="button">
		<frame-type>anisotropic</frame-type>
		<elem-id>3</elem-id>
		<center>288,283</center>
		<line-width>0</line-width>
		<has-frame-color>true</has-frame-color>
		<has-inside-color>true</has-inside-color>
		<frame-color>0,0,0</frame-color>
		<frame-color-alarm>0,0,0</frame-color-alarm>
		<fill-color>200,200,200</fill-color>
		<fill-color-alarm>220,220,220</fill-color-alarm>
		<expr-text-color>
			<expr>
				<var>.gwColorTEXTButton</var>
			</expr>
		</expr-text-color>
		<text-align-horz>center</text-align-horz>
		<text-align-vert>center</text-align-vert>
		<font-height>-27</font-height>
		<font-height-point-size>20</font-height-point-size>
		<font-weight>700</font-weight>
		<font-italic>false</font-italic>
		<font-underline>false</font-underline>
		<font-strike-out>false</font-strike-out>
		<font-char-set>0</font-char-set>
		<text-id>656</text-id>
		<font-name><![CDATA[Arial Unicode MS]]></font-name>
		<font-color>0,0,0</font-color>
		<enable-text-input>false</enable-text-input>
		<input-action-list>
			<expr-assign>
				<lvalue>
					<expr>
						<var>.gxInfo2USB</var>
					</expr>
				</lvalue>
				<rvalue>
					<expr>
						<const>TRUE</const>
					</expr>
				</rvalue>
			</expr-assign>
		</input-action-list>
		<text-display>
			<expr>
				<const>1</const>
			</expr>
		</text-display>
		<text-format><![CDATA[%|<|FileCopy02|>|]]></text-format>
		<tooltip>
			<![CDATA[cyclic polling and control setting will be interrupted
if communication watchdog of the fans is used, it could report errors]]>
		</tooltip>
		<hidden-input>false</hidden-input>
		<rect>60,235,516,331</rect>
	</element>
	<element type="button">
		<frame-type>anisotropic</frame-type>
		<elem-id>4</elem-id>
		<center>843,283</center>
		<line-width>0</line-width>
		<has-frame-color>true</has-frame-color>
		<has-inside-color>true</has-inside-color>
		<frame-color>0,0,0</frame-color>
		<frame-color-alarm>0,0,0</frame-color-alarm>
		<fill-color>200,200,200</fill-color>
		<fill-color-alarm>220,220,220</fill-color-alarm>
		<expr-text-color>
			<expr>
				<var>.gwColorTEXTButton</var>
			</expr>
		</expr-text-color>
		<text-align-horz>center</text-align-horz>
		<text-align-vert>center</text-align-vert>
		<font-height>-27</font-height>
		<font-height-point-size>20</font-height-point-size>
		<font-weight>700</font-weight>
		<font-italic>false</font-italic>
		<font-underline>false</font-underline>
		<font-strike-out>false</font-strike-out>
		<font-char-set>0</font-char-set>
		<text-id>662</text-id>
		<font-name><![CDATA[Arial Unicode MS]]></font-name>
		<font-color>0,0,0</font-color>
		<expr-zoom>
			<expr>
				<placeholder>SEL_FILE</placeholder>
			</expr>
		</expr-zoom>
		<enable-text-input>false</enable-text-input>
		<text-display>
			<expr>
				<const>1</const>
			</expr>
		</text-display>
		<text-format><![CDATA[%|<|FileCopy07|>|]]></text-format>
		<hidden-input>false</hidden-input>
		<rect>615,235,1071,331</rect>
	</element>
	<element type="button">
		<frame-type>anisotropic</frame-type>
		<elem-id>5</elem-id>
		<center>288,743</center>
		<line-width>0</line-width>
		<has-frame-color>true</has-frame-color>
		<has-inside-color>true</has-inside-color>
		<frame-color>0,0,0</frame-color>
		<frame-color-alarm>0,0,0</frame-color-alarm>
		<fill-color>200,200,200</fill-color>
		<fill-color-alarm>220,220,220</fill-color-alarm>
		<expr-input-disabled>
			<expr>
				<var>.CurrentUserLevel</var>
				<const>3</const>
				<op><![CDATA[<(2)]]></op>
			</expr>
		</expr-input-disabled>
		<expr-text-color>
			<expr>
				<var>.gwColorTEXTButton</var>
			</expr>
		</expr-text-color>
		<text-align-horz>center</text-align-horz>
		<text-align-vert>center</text-align-vert>
		<font-height>-27</font-height>
		<font-height-point-size>20</font-height-point-size>
		<font-weight>700</font-weight>
		<font-italic>false</font-italic>
		<font-underline>false</font-underline>
		<font-strike-out>false</font-strike-out>
		<font-char-set>0</font-char-set>
		<text-id>663</text-id>
		<font-name><![CDATA[Arial Unicode MS]]></font-name>
		<font-color>0,0,0</font-color>
		<enable-text-input>false</enable-text-input>
		<input-action-list>
			<expr-assign>
				<lvalue>
					<expr>
						<var>.gxFAC2ACT_DATA</var>
					</expr>
				</lvalue>
				<rvalue>
					<expr>
						<const>TRUE</const>
					</expr>
				</rvalue>
			</expr-assign>
			<expr-assign>
				<lvalue>
					<expr>
						<var>.gxNewParaSet</var>
					</expr>
				</lvalue>
				<rvalue>
					<expr>
						<const>TRUE</const>
					</expr>
				</rvalue>
			</expr-assign>
		</input-action-list>
		<text-display>
			<expr>
				<const>1</const>
			</expr>
		</text-display>
		<text-format><![CDATA[%|<|FileCopy05|>|]]></text-format>
		<tooltip><![CDATA[min. User Level 3]]></tooltip>
		<hidden-input>false</hidden-input>
		<rect>60,695,516,791</rect>
	</element>
	<element type="button">
		<frame-type>anisotropic</frame-type>
		<elem-id>6</elem-id>
		<center>288,398</center>
		<line-width>0</line-width>
		<has-frame-color>true</has-frame-color>
		<has-inside-color>true</has-inside-color>
		<frame-color>0,0,0</frame-color>
		<frame-color-alarm>0,0,0</frame-color-alarm>
		<fill-color>200,200,200</fill-color>
		<fill-color-alarm>220,220,220</fill-color-alarm>
		<expr-input-disabled>
			<expr>
				<var>.CurrentUserLevel</var>
				<const>3</const>
				<op><![CDATA[<(2)]]></op>
			</expr>
		</expr-input-disabled>
		<expr-text-color>
			<expr>
				<var>.gwColorTEXTButton</var>
			</expr>
		</expr-text-color>
		<text-align-horz>center</text-align-horz>
		<text-align-vert>center</text-align-vert>
		<font-height>-27</font-height>
		<font-height-point-size>20</font-height-point-size>
		<font-weight>700</font-weight>
		<font-italic>false</font-italic>
		<font-underline>false</font-underline>
		<font-strike-out>false</font-strike-out>
		<font-char-set>0</font-char-set>
		<text-id>664</text-id>
		<font-name><![CDATA[Arial Unicode MS]]></font-name>
		<font-color>0,0,0</font-color>
		<enable-text-input>false</enable-text-input>
		<input-action-list>
			<expr-assign>
				<lvalue>
					<expr>
						<var>.gxACT2DEF_DATA</var>
					</expr>
				</lvalue>
				<rvalue>
					<expr>
						<const>TRUE</const>
					</expr>
				</rvalue>
			</expr-assign>
		</input-action-list>
		<text-display>
			<expr>
				<const>1</const>
			</expr>
		</text-display>
		<text-format><![CDATA[%|<|FileCopy03|>|]]></text-format>
		<tooltip><![CDATA[min. User Level 3]]></tooltip>
		<hidden-input>false</hidden-input>
		<rect>60,350,516,446</rect>
	</element>
	<element type="button">
		<frame-type>anisotropic</frame-type>
		<elem-id>7</elem-id>
		<center>288,858</center>
		<line-width>0</line-width>
		<has-frame-color>true</has-frame-color>
		<has-inside-color>true</has-inside-color>
		<frame-color>0,0,0</frame-color>
		<frame-color-alarm>0,0,0</frame-color-alarm>
		<fill-color>200,200,200</fill-color>
		<fill-color-alarm>220,220,220</fill-color-alarm>
		<expr-input-disabled>
			<expr>
				<var>.CurrentUserLevel</var>
				<const>3</const>
				<op><![CDATA[<(2)]]></op>
			</expr>
		</expr-input-disabled>
		<expr-text-color>
			<expr>
				<var>.gwColorTEXTButton</var>
			</expr>
		</expr-text-color>
		<text-align-horz>center</text-align-horz>
		<text-align-vert>center</text-align-vert>
		<font-height>-27</font-height>
		<font-height-point-size>20</font-height-point-size>
		<font-weight>700</font-weight>
		<font-italic>false</font-italic>
		<font-underline>false</font-underline>
		<font-strike-out>false</font-strike-out>
		<font-char-set>0</font-char-set>
		<text-id>665</text-id>
		<font-name><![CDATA[Arial Unicode MS]]></font-name>
		<font-color>0,0,0</font-color>
		<enable-text-input>false</enable-text-input>
		<input-action-list>
			<expr-assign>
				<lvalue>
					<expr>
						<var>.gxFAC2FAC_DATA</var>
					</expr>
				</lvalue>
				<rvalue>
					<expr>
						<const>TRUE</const>
					</expr>
				</rvalue>
			</expr-assign>
		</input-action-list>
		<text-display>
			<expr>
				<const>1</const>
			</expr>
		</text-display>
		<text-format><![CDATA[%|<|FileCopy06|>|]]></text-format>
		<tooltip><![CDATA[min. User Level 3]]></tooltip>
		<hidden-input>false</hidden-input>
		<rect>60,810,516,906</rect>
	</element>
	<element type="button">
		<frame-type>anisotropic</frame-type>
		<elem-id>8</elem-id>
		<center>288,513</center>
		<line-width>0</line-width>
		<has-frame-color>true</has-frame-color>
		<has-inside-color>true</has-inside-color>
		<frame-color>0,0,0</frame-color>
		<frame-color-alarm>0,0,0</frame-color-alarm>
		<fill-color>200,200,200</fill-color>
		<fill-color-alarm>220,220,220</fill-color-alarm>
		<expr-input-disabled>
			<expr>
				<var>.CurrentUserLevel</var>
				<const>3</const>
				<op><![CDATA[<(2)]]></op>
			</expr>
		</expr-input-disabled>
		<expr-text-color>
			<expr>
				<var>.gwColorTEXTButton</var>
			</expr>
		</expr-text-color>
		<text-align-horz>center</text-align-horz>
		<text-align-vert>center</text-align-vert>
		<font-height>-27</font-height>
		<font-height-point-size>20</font-height-point-size>
		<font-weight>700</font-weight>
		<font-italic>false</font-italic>
		<font-underline>false</font-underline>
		<font-strike-out>false</font-strike-out>
		<font-char-set>0</font-char-set>
		<text-id>666</text-id>
		<font-name><![CDATA[Arial Unicode MS]]></font-name>
		<font-color>0,0,0</font-color>
		<enable-text-input>false</enable-text-input>
		<input-action-list>
			<expr-assign>
				<lvalue>
					<expr>
						<var>.gxDEF2ACT_DATA</var>
					</expr>
				</lvalue>
				<rvalue>
					<expr>
						<const>TRUE</const>
					</expr>
				</rvalue>
			</expr-assign>
			<expr-assign>
				<lvalue>
					<expr>
						<var>.gxNewParaSet</var>
					</expr>
				</lvalue>
				<rvalue>
					<expr>
						<const>TRUE</const>
					</expr>
				</rvalue>
			</expr-assign>
		</input-action-list>
		<text-display>
			<expr>
				<const>1</const>
			</expr>
		</text-display>
		<text-format><![CDATA[%|<|FileCopy04|>|]]></text-format>
		<tooltip><![CDATA[min. User Level 3]]></tooltip>
		<hidden-input>false</hidden-input>
		<rect>60,465,516,561</rect>
	</element>
	<element type="simple">
		<simple-shape>circle</simple-shape>
		<elem-id>9</elem-id>
		<center>565,860</center>
		<line-width>0</line-width>
		<has-frame-color>true</has-frame-color>
		<has-inside-color>true</has-inside-color>
		<frame-color>0,0,0</frame-color>
		<frame-color-alarm>0,0,0</frame-color-alarm>
		<fill-color>0,255,0</fill-color>
		<fill-color-alarm>255,0,0</fill-color-alarm>
		<enable-text-input>false</enable-text-input>
		<expr-invisible>
			<expr>
				<var>.gxFAC2FAC_DATA</var>
				<const>TRUE</const>
				<op>=(2)</op>
			</expr>
		</expr-invisible>
		<expr-toggle-color>
			<expr>
				<var>.gxFAC2FAC_STATE</var>
				<const>FALSE</const>
				<op>=(2)</op>
			</expr>
		</expr-toggle-color>
		<hidden-input>false</hidden-input>
		<rect>535,830,596,891</rect>
	</element>
	<element type="simple">
		<simple-shape>circle</simple-shape>
		<elem-id>10</elem-id>
		<center>565,745</center>
		<line-width>0</line-width>
		<has-frame-color>true</has-frame-color>
		<has-inside-color>true</has-inside-color>
		<frame-color>0,0,0</frame-color>
		<frame-color-alarm>0,0,0</frame-color-alarm>
		<fill-color>0,255,0</fill-color>
		<fill-color-alarm>255,0,0</fill-color-alarm>
		<enable-text-input>false</enable-text-input>
		<expr-invisible>
			<expr>
				<var>.gxFAC2ACT_DATA</var>
				<const>TRUE</const>
				<op>=(2)</op>
			</expr>
		</expr-invisible>
		<expr-toggle-color>
			<expr>
				<var>.gxFAC2ACT_STATE</var>
				<const>FALSE</const>
				<op>=(2)</op>
			</expr>
		</expr-toggle-color>
		<hidden-input>false</hidden-input>
		<rect>535,715,596,776</rect>
	</element>
	<element type="simple">
		<simple-shape>circle</simple-shape>
		<elem-id>11</elem-id>
		<center>565,510</center>
		<line-width>0</line-width>
		<has-frame-color>true</has-frame-color>
		<has-inside-color>true</has-inside-color>
		<frame-color>0,0,0</frame-color>
		<frame-color-alarm>0,0,0</frame-color-alarm>
		<fill-color>0,255,0</fill-color>
		<fill-color-alarm>255,0,0</fill-color-alarm>
		<enable-text-input>false</enable-text-input>
		<expr-invisible>
			<expr>
				<var>.gxDEF2ACT_DATA</var>
				<const>TRUE</const>
				<op>=(2)</op>
			</expr>
		</expr-invisible>
		<expr-toggle-color>
			<expr>
				<var>.gxDEF2ACT_STATE</var>
				<const>FALSE</const>
				<op>=(2)</op>
			</expr>
		</expr-toggle-color>
		<hidden-input>false</hidden-input>
		<rect>535,480,596,541</rect>
	</element>
	<element type="simple">
		<simple-shape>circle</simple-shape>
		<elem-id>12</elem-id>
		<center>565,400</center>
		<line-width>0</line-width>
		<has-frame-color>true</has-frame-color>
		<has-inside-color>true</has-inside-color>
		<frame-color>0,0,0</frame-color>
		<frame-color-alarm>0,0,0</frame-color-alarm>
		<fill-color>0,255,0</fill-color>
		<fill-color-alarm>255,0,0</fill-color-alarm>
		<enable-text-input>false</enable-text-input>
		<expr-invisible>
			<expr>
				<var>.gxACT2DEF_DATA</var>
				<const>TRUE</const>
				<op>=(2)</op>
			</expr>
		</expr-invisible>
		<expr-toggle-color>
			<expr>
				<var>.gxACT2DEF_STATE</var>
				<const>FALSE</const>
				<op>=(2)</op>
			</expr>
		</expr-toggle-color>
		<hidden-input>false</hidden-input>
		<rect>535,370,596,431</rect>
	</element>
	<element type="simple">
		<simple-shape>circle</simple-shape>
		<elem-id>13</elem-id>
		<center>565,280</center>
		<line-width>0</line-width>
		<has-frame-color>true</has-frame-color>
		<has-inside-color>true</has-inside-color>
		<frame-color>0,0,0</frame-color>
		<frame-color-alarm>0,0,0</frame-color-alarm>
		<fill-color>0,255,0</fill-color>
		<fill-color-alarm>255,0,0</fill-color-alarm>
		<enable-text-input>false</enable-text-input>
		<expr-invisible>
			<expr>
				<var>.gxInfo2USB</var>
				<const>TRUE</const>
				<op>=(2)</op>
			</expr>
		</expr-invisible>
		<expr-toggle-color>
			<expr>
				<var>.gxInfo2USB_STATE</var>
				<const>FALSE</const>
				<op>=(2)</op>
			</expr>
		</expr-toggle-color>
		<hidden-input>false</hidden-input>
		<rect>535,250,596,311</rect>
	</element>
	<element type="button">
		<frame-type>anisotropic</frame-type>
		<elem-id>14</elem-id>
		<center>768,1138</center>
		<line-width>0</line-width>
		<has-frame-color>true</has-frame-color>
		<has-inside-color>true</has-inside-color>
		<frame-color>0,0,0</frame-color>
		<frame-color-alarm>0,0,0</frame-color-alarm>
		<fill-color>200,200,200</fill-color>
		<fill-color-alarm>220,220,220</fill-color-alarm>
		<expr-text-color>
			<expr>
				<var>.gwColorTEXTButton</var>
			</expr>
		</expr-text-color>
		<text-align-horz>center</text-align-horz>
		<text-align-vert>center</text-align-vert>
		<font-height>-27</font-height>
		<font-height-point-size>20</font-height-point-size>
		<font-weight>700</font-weight>
		<font-italic>false</font-italic>
		<font-underline>false</font-underline>
		<font-strike-out>false</font-strike-out>
		<font-char-set>0</font-char-set>
		<text-id>680</text-id>
		<font-name><![CDATA[Arial Unicode MS]]></font-name>
		<font-color>0,0,0</font-color>
		<enable-text-input>false</enable-text-input>
		<input-action-list>
			<execute><![CDATA[INTERN CHANGEUSERLEVEL]]></execute>
		</input-action-list>
		<text-display>
			<expr>
				<var>.CurrentUserLevel</var>
			</expr>
		</text-display>
		<text-format><![CDATA[User| |Level| |%s]]></text-format>
		<hidden-input>false</hidden-input>
		<rect>635,1115,901,1161</rect>
	</element>
	<element type="button">
		<frame-type>anisotropic</frame-type>
		<elem-id>15</elem-id>
		<center>1028,1138</center>
		<line-width>0</line-width>
		<has-frame-color>true</has-frame-color>
		<has-inside-color>true</has-inside-color>
		<frame-color>0,0,0</frame-color>
		<frame-color-alarm>0,0,0</frame-color-alarm>
		<fill-color>200,200,200</fill-color>
		<fill-color-alarm>220,220,220</fill-color-alarm>
		<expr-text-color>
			<expr>
				<var>.gwColorTEXTButton</var>
			</expr>
		</expr-text-color>
		<text-align-horz>center</text-align-horz>
		<text-align-vert>center</text-align-vert>
		<font-height>-27</font-height>
		<font-height-point-size>20</font-height-point-size>
		<font-weight>700</font-weight>
		<font-italic>false</font-italic>
		<font-underline>false</font-underline>
		<font-strike-out>false</font-strike-out>
		<font-char-set>0</font-char-set>
		<text-id>681</text-id>
		<font-name><![CDATA[Arial Unicode MS]]></font-name>
		<font-color>0,0,0</font-color>
		<enable-text-input>false</enable-text-input>
		<input-action-list>
			<expr-assign>
				<lvalue>
					<expr>
						<var>.gxLogOut</var>
					</expr>
				</lvalue>
				<rvalue>
					<expr>
						<const>TRUE</const>
					</expr>
				</rvalue>
			</expr-assign>
		</input-action-list>
		<text-format><![CDATA[log| |out]]></text-format>
		<hidden-input>false</hidden-input>
		<rect>960,1115,1096,1161</rect>
	</element>
	<element type="simple">
		<simple-shape>circle</simple-shape>
		<elem-id>16</elem-id>
		<center>565,280</center>
		<line-width>0</line-width>
		<has-frame-color>true</has-frame-color>
		<has-inside-color>true</has-inside-color>
		<frame-color>0,0,0</frame-color>
		<frame-color-alarm>0,0,0</frame-color-alarm>
		<fill-color>255,0,0</fill-color>
		<fill-color-alarm>255,0,0</fill-color-alarm>
		<enable-text-input>false</enable-text-input>
		<expr-invisible>
			<expr>
				<var>.gxParaInfoERROR</var>
				<const>TRUE</const>
				<op>=(2)</op>
				<var>.gxTimeInfoERROR</var>
				<const>TRUE</const>
				<op>=(2)</op>
				<op>AND(2)</op>
			</expr>
		</expr-invisible>
		<hidden-input>false</hidden-input>
		<rect>535,250,596,311</rect>
	</element>
	<element type="bitmap">
		<file-name>vis\refresh.bmp</file-name>
		<transparent>false</transparent>
		<show-frame>false</show-frame>
		<clip-frame>false</clip-frame>
		<frame-type>anisotropic</frame-type>
		<elem-id>17</elem-id>
		<center>565,285</center>
		<line-width>0</line-width>
		<has-frame-color>false</has-frame-color>
		<has-inside-color>true</has-inside-color>
		<frame-color>0,0,0</frame-color>
		<frame-color-alarm>0,0,0</frame-color-alarm>
		<fill-color>255,255,255</fill-color>
		<fill-color-alarm>255,255,255</fill-color-alarm>
		<enable-text-input>false</enable-text-input>
		<expr-invisible>
			<expr>
				<var>.gxParaInfoFileCREATE</var>
				<const>FALSE</const>
				<op>=(2)</op>
				<var>.gxTimeInfoFileCREATE</var>
				<const>FALSE</const>
				<op>=(2)</op>
				<op>AND(2)</op>
			</expr>
		</expr-invisible>
		<hidden-input>false</hidden-input>
		<rect>515,240,611,331</rect>
		<expr-right>
			<expr>
				<var>.gwPulse</var>
			</expr>
		</expr-right>
		<expr-bottom>
			<expr>
				<var>.gwPulse</var>
			</expr>
		</expr-bottom>
	</element>
	<element type="button">
		<frame-type>anisotropic</frame-type>
		<elem-id>18</elem-id>
		<center>288,628</center>
		<line-width>0</line-width>
		<has-frame-color>true</has-frame-color>
		<has-inside-color>true</has-inside-color>
		<frame-color>0,0,0</frame-color>
		<frame-color-alarm>0,0,0</frame-color-alarm>
		<fill-color>200,200,200</fill-color>
		<fill-color-alarm>220,220,220</fill-color-alarm>
		<expr-input-disabled>
			<expr>
				<var>.CurrentUserLevel</var>
				<const>3</const>
				<op><![CDATA[<(2)]]></op>
			</expr>
		</expr-input-disabled>
		<expr-text-color>
			<expr>
				<var>.gwColorTEXTButton</var>
			</expr>
		</expr-text-color>
		<text-align-horz>center</text-align-horz>
		<text-align-vert>center</text-align-vert>
		<font-height>-27</font-height>
		<font-height-point-size>20</font-height-point-size>
		<font-weight>700</font-weight>
		<font-italic>false</font-italic>
		<font-underline>false</font-underline>
		<font-strike-out>false</font-strike-out>
		<font-char-set>0</font-char-set>
		<text-id>684</text-id>
		<font-name><![CDATA[Arial Unicode MS]]></font-name>
		<font-color>0,0,0</font-color>
		<enable-text-input>false</enable-text-input>
		<input-action-list>
			<expr-assign>
				<lvalue>
					<expr>
						<var>.gxACT2ACT_DATA</var>
					</expr>
				</lvalue>
				<rvalue>
					<expr>
						<const>TRUE</const>
					</expr>
				</rvalue>
			</expr-assign>
			<expr-assign>
				<lvalue>
					<expr>
						<var>.gxNewParaSet</var>
					</expr>
				</lvalue>
				<rvalue>
					<expr>
						<const>TRUE</const>
					</expr>
				</rvalue>
			</expr-assign>
		</input-action-list>
		<text-display>
			<expr>
				<const>1</const>
			</expr>
		</text-display>
		<text-format><![CDATA[%|<|FileCopy08|>|]]></text-format>
		<tooltip><![CDATA[min. User Level 3]]></tooltip>
		<hidden-input>false</hidden-input>
		<rect>60,580,516,676</rect>
	</element>
	<element type="simple">
		<simple-shape>circle</simple-shape>
		<elem-id>19</elem-id>
		<center>565,630</center>
		<line-width>0</line-width>
		<has-frame-color>true</has-frame-color>
		<has-inside-color>true</has-inside-color>
		<frame-color>0,0,0</frame-color>
		<frame-color-alarm>0,0,0</frame-color-alarm>
		<fill-color>0,255,0</fill-color>
		<fill-color-alarm>255,0,0</fill-color-alarm>
		<enable-text-input>false</enable-text-input>
		<expr-invisible>
			<expr>
				<var>.gxACT2ACT_DATA</var>
				<const>TRUE</const>
				<op>=(2)</op>
			</expr>
		</expr-invisible>
		<expr-toggle-color>
			<expr>
				<var>.gxACT2ACT_STATE</var>
				<const>FALSE</const>
				<op>=(2)</op>
			</expr>
		</expr-toggle-color>
		<hidden-input>false</hidden-input>
		<rect>535,600,596,661</rect>
	</element>
	<element type="simple">
		<simple-shape>rectangle</simple-shape>
		<elem-id>20</elem-id>
		<center>423,220</center>
		<line-width>0</line-width>
		<has-frame-color>false</has-frame-color>
		<has-inside-color>true</has-inside-color>
		<frame-color>192,192,192</frame-color>
		<frame-color-alarm>0,0,0</frame-color-alarm>
		<fill-color>255,255,0</fill-color>
		<fill-color-alarm>255,255,255</fill-color-alarm>
		<expr-text-color>
			<expr>
				<var>.gwColorANZEIGETEXT</var>
			</expr>
		</expr-text-color>
		<expr-frame-color>
			<expr>
				<var>.gwdColorRAHMEN</var>
			</expr>
		</expr-frame-color>
		<text-align-horz>center</text-align-horz>
		<text-align-vert>center</text-align-vert>
		<font-height>-27</font-height>
		<font-height-point-size>20</font-height-point-size>
		<font-weight>700</font-weight>
		<font-italic>false</font-italic>
		<font-underline>false</font-underline>
		<font-strike-out>false</font-strike-out>
		<font-char-set>0</font-char-set>
		<text-id>690</text-id>
		<font-name><![CDATA[Arial Unicode MS]]></font-name>
		<font-color>0,0,0</font-color>
		<tap-false>false</tap-false>
		<expr-tap-var>
			<expr>
				<var>.gxStoppPolling</var>
			</expr>
		</expr-tap-var>
		<enable-text-input>false</enable-text-input>
		<text-format>
			<![CDATA[important
INFO]]>
		</text-format>
		<tooltip>
			<![CDATA[cyclic polling and control setting will be interrupted
if communication watchdog of the fans is used, it could report errors]]>
		</tooltip>
		<hidden-input>false</hidden-input>
		<rect>325,180,521,261</rect>
	</element>
	<element type="simple">
		<simple-shape>rectangle</simple-shape>
		<elem-id>21</elem-id>
		<center>1385,335</center>
		<line-width>0</line-width>
		<has-frame-color>false</has-frame-color>
		<has-inside-color>true</has-inside-color>
		<frame-color>192,192,192</frame-color>
		<frame-color-alarm>0,0,0</frame-color-alarm>
		<fill-color>255,255,0</fill-color>
		<fill-color-alarm>255,255,255</fill-color-alarm>
		<expr-text-color>
			<expr>
				<var>.gwColorANZEIGETEXT</var>
			</expr>
		</expr-text-color>
		<expr-frame-color>
			<expr>
				<var>.gwdColorRAHMEN</var>
			</expr>
		</expr-frame-color>
		<text-align-horz>center</text-align-horz>
		<text-align-vert>center</text-align-vert>
		<font-height>-27</font-height>
		<font-height-point-size>20</font-height-point-size>
		<font-weight>700</font-weight>
		<font-italic>false</font-italic>
		<font-underline>false</font-underline>
		<font-strike-out>false</font-strike-out>
		<font-char-set>0</font-char-set>
		<text-id>691</text-id>
		<font-name><![CDATA[Arial Unicode MS]]></font-name>
		<font-color>0,0,0</font-color>
		<enable-text-input>false</enable-text-input>
		<expr-invisible>
			<expr>
				<var>.gxStoppPolling</var>
				<const>FALSE</const>
				<op>=(2)</op>
			</expr>
		</expr-invisible>
		<text-format>
			<![CDATA[communication| |watchdog| |of| |the| |fans
could| |report| |errors]]>
		</text-format>
		<hidden-input>false</hidden-input>
		<rect>1120,285,1651,386</rect>
	</element>
	<element type="simple">
		<simple-shape>rectangle</simple-shape>
		<elem-id>22</elem-id>
		<center>1375,213</center>
		<line-width>0</line-width>
		<has-frame-color>false</has-frame-color>
		<has-inside-color>true</has-inside-color>
		<frame-color>192,192,192</frame-color>
		<frame-color-alarm>0,0,0</frame-color-alarm>
		<fill-color>255,255,0</fill-color>
		<fill-color-alarm>255,255,255</fill-color-alarm>
		<expr-text-color>
			<expr>
				<var>.gwColorANZEIGETEXT</var>
			</expr>
		</expr-text-color>
		<expr-frame-color>
			<expr>
				<var>.gwdColorRAHMEN</var>
			</expr>
		</expr-frame-color>
		<text-align-horz>center</text-align-horz>
		<text-align-vert>center</text-align-vert>
		<font-height>-27</font-height>
		<font-height-point-size>20</font-height-point-size>
		<font-weight>700</font-weight>
		<font-italic>false</font-italic>
		<font-underline>false</font-underline>
		<font-strike-out>false</font-strike-out>
		<font-char-set>0</font-char-set>
		<text-id>693</text-id>
		<font-name><![CDATA[Arial Unicode MS]]></font-name>
		<font-color>0,0,0</font-color>
		<enable-text-input>false</enable-text-input>
		<expr-invisible>
			<expr>
				<var>.gxStoppPolling</var>
				<const>FALSE</const>
				<op>=(2)</op>
			</expr>
		</expr-invisible>
		<text-format>
			<![CDATA[cyclic| |polling| |and| |control| |setting
will| |be| |interrupted]]>
		</text-format>
		<hidden-input>false</hidden-input>
		<rect>1140,160,1611,266</rect>
	</element>
	<key-info-list/>
	<variablelist>
		<variable name=".gwdColorRAHMEN">4,32119,4,5</variable>
		<variable name=".gwColorANZEIGETEXT">4,32123,4,5</variable>
		<variable name=".gwColorTEXTButton">4,32127,4,5</variable>
		<variable name=".gxLoadActiveData">4,26740,1,0</variable>
		<variable name=".gxInfo2USB">4,27819,1,0</variable>
		<variable name=".CurrentUserLevel">4,22654,2,1</variable>
		<variable name=".gxFAC2ACT_DATA">4,27822,1,0</variable>
		<variable name=".gxNewParaSet">4,23985,1,0</variable>
		<variable name=".gxACT2DEF_DATA">4,27820,1,0</variable>
		<variable name=".gxFAC2FAC_DATA">4,27823,1,0</variable>
		<variable name=".gxDEF2ACT_DATA">4,27821,1,0</variable>
		<variable name=".gxFAC2FAC_STATE">4,27829,1,0</variable>
		<variable name=".gxFAC2ACT_STATE">4,27828,1,0</variable>
		<variable name=".gxDEF2ACT_STATE">4,27827,1,0</variable>
		<variable name=".gxACT2DEF_STATE">4,27826,1,0</variable>
		<variable name=".gxInfo2USB_STATE">4,27825,1,0</variable>
		<variable name=".gxLogOut">4,31296,1,0</variable>
		<variable name=".gxParaInfoERROR">4,27488,1,0</variable>
		<variable name=".gxTimeInfoERROR">4,27818,1,0</variable>
		<variable name=".gxParaInfoFileCREATE">4,27159,1,0</variable>
		<variable name=".gxTimeInfoFileCREATE">4,27489,1,0</variable>
		<variable name=".gwPulse">4,32159,2,3</variable>
		<variable name=".gxACT2ACT_DATA">4,27824,1,0</variable>
		<variable name=".gxACT2ACT_STATE">4,27830,1,0</variable>
		<variable name=".gxStoppPolling">4,22243,1,0</variable>
	</variablelist>
</visualisation>