<?xml version="1.0" encoding="ISO-8859-1"?>

<visualisation>
	<time-stamp>1631702889,3452816845</time-stamp>
	<name>RELAIS</name>
	<symplified-user-input>false</symplified-user-input>
	<keyboard-usage-for-table>true</keyboard-usage-for-table>
	<size>171,171</size>
	<usage-type>0</usage-type>
	<use-language-file>false</use-language-file>
	<use-dynamic-text>true</use-dynamic-text>
	<hide-elements>false</hide-elements>
	<language>ENGLISH</language>
	<dynamic-text-file>VIS\SPRACHE\DYNSPR.XML</dynamic-text-file>
	<element type="simple">
		<simple-shape>rectangle</simple-shape>
		<elem-id>0</elem-id>
		<center>85,85</center>
		<line-width>0</line-width>
		<has-frame-color>false</has-frame-color>
		<has-inside-color>false</has-inside-color>
		<frame-color>0,0,0</frame-color>
		<frame-color-alarm>0,0,0</frame-color-alarm>
		<fill-color>192,192,192</fill-color>
		<fill-color-alarm>255,255,255</fill-color-alarm>
		<enable-text-input>false</enable-text-input>
		<hidden-input>false</hidden-input>
		<rect>0,0,171,171</rect>
	</element>
	<element type="group">
		<elem-id>1</elem-id>
		<center>85,85</center>
		<line-width>0</line-width>
		<has-frame-color>false</has-frame-color>
		<has-inside-color>false</has-inside-color>
		<frame-color>0,0,0</frame-color>
		<frame-color-alarm>0,0,0</frame-color-alarm>
		<fill-color>255,255,255</fill-color>
		<fill-color-alarm>255,255,255</fill-color-alarm>
		<enable-text-input>false</enable-text-input>
		<expr-invisible>
			<expr>
				<placeholder>$relaisvar$</placeholder>
				<const>FALSE</const>
				<op>=(2)</op>
			</expr>
		</expr-invisible>
		<hidden-input>false</hidden-input>
		<rect>65,15,106,156</rect>
		<show-frame>false</show-frame>
		<clip-frame>false</clip-frame>
		<iso-frame>false</iso-frame>
		<original-frame>false</original-frame>
		<animate-childs>true</animate-childs>
		<element type="polygon">
			<poly-count>2</poly-count>
			<poly-shape>polyline</poly-shape>
			<point>20,0</point>
			<point>20,140</point>
			<elem-id>2</elem-id>
			<center>20,70</center>
			<line-width>10</line-width>
			<has-frame-color>true</has-frame-color>
			<has-inside-color>true</has-inside-color>
			<frame-color>0,0,0</frame-color>
			<frame-color-alarm>0,0,0</frame-color-alarm>
			<fill-color>255,255,255</fill-color>
			<fill-color-alarm>255,255,255</fill-color-alarm>
			<expr-frame-color>
				<expr>
					<var>.gwColorANZEIGETEXT</var>
				</expr>
			</expr-frame-color>
			<enable-text-input>false</enable-text-input>
			<hidden-input>false</hidden-input>
		</element>
		<element type="polygon">
			<poly-count>2</poly-count>
			<poly-shape>polyline</poly-shape>
			<point>0,25</point>
			<point>40,25</point>
			<elem-id>3</elem-id>
			<center>20,25</center>
			<line-width>10</line-width>
			<has-frame-color>true</has-frame-color>
			<has-inside-color>true</has-inside-color>
			<frame-color>0,0,0</frame-color>
			<frame-color-alarm>0,0,0</frame-color-alarm>
			<fill-color>255,255,255</fill-color>
			<fill-color-alarm>255,255,255</fill-color-alarm>
			<expr-frame-color>
				<expr>
					<var>.gwColorANZEIGETEXT</var>
				</expr>
			</expr-frame-color>
			<enable-text-input>false</enable-text-input>
			<hidden-input>false</hidden-input>
		</element>
		<element type="polygon">
			<poly-count>2</poly-count>
			<poly-shape>polyline</poly-shape>
			<point>0,115</point>
			<point>40,115</point>
			<elem-id>4</elem-id>
			<center>20,115</center>
			<line-width>10</line-width>
			<has-frame-color>true</has-frame-color>
			<has-inside-color>true</has-inside-color>
			<frame-color>0,0,0</frame-color>
			<frame-color-alarm>0,0,0</frame-color-alarm>
			<fill-color>255,255,255</fill-color>
			<fill-color-alarm>255,255,255</fill-color-alarm>
			<expr-frame-color>
				<expr>
					<var>.gwColorANZEIGETEXT</var>
				</expr>
			</expr-frame-color>
			<enable-text-input>false</enable-text-input>
			<hidden-input>false</hidden-input>
		</element>
		<key-info-list/>
	</element>
	<element type="group">
		<elem-id>5</elem-id>
		<center>70,85</center>
		<line-width>0</line-width>
		<has-frame-color>false</has-frame-color>
		<has-inside-color>false</has-inside-color>
		<frame-color>0,0,0</frame-color>
		<frame-color-alarm>0,0,0</frame-color-alarm>
		<fill-color>255,255,255</fill-color>
		<fill-color-alarm>255,255,255</fill-color-alarm>
		<enable-text-input>false</enable-text-input>
		<expr-invisible>
			<expr>
				<placeholder>$relaisvar$</placeholder>
				<const>TRUE</const>
				<op>=(2)</op>
			</expr>
		</expr-invisible>
		<hidden-input>false</hidden-input>
		<rect>55,15,86,156</rect>
		<show-frame>false</show-frame>
		<clip-frame>false</clip-frame>
		<iso-frame>false</iso-frame>
		<original-frame>false</original-frame>
		<animate-childs>true</animate-childs>
		<element type="polygon">
			<poly-count>3</poly-count>
			<poly-shape>polyline</poly-shape>
			<point>30,140</point>
			<point>30,120</point>
			<point>0,35</point>
			<elem-id>6</elem-id>
			<center>20,98</center>
			<line-width>10</line-width>
			<has-frame-color>true</has-frame-color>
			<has-inside-color>true</has-inside-color>
			<frame-color>0,0,0</frame-color>
			<frame-color-alarm>0,0,0</frame-color-alarm>
			<fill-color>255,255,255</fill-color>
			<fill-color-alarm>255,255,255</fill-color-alarm>
			<expr-frame-color>
				<expr>
					<var>.gwColorANZEIGETEXT</var>
				</expr>
			</expr-frame-color>
			<enable-text-input>false</enable-text-input>
			<hidden-input>false</hidden-input>
		</element>
		<element type="polygon">
			<poly-count>2</poly-count>
			<poly-shape>polyline</poly-shape>
			<point>30,0</point>
			<point>30,25</point>
			<elem-id>7</elem-id>
			<center>30,12</center>
			<line-width>10</line-width>
			<has-frame-color>true</has-frame-color>
			<has-inside-color>true</has-inside-color>
			<frame-color>0,0,0</frame-color>
			<frame-color-alarm>0,0,0</frame-color-alarm>
			<fill-color>255,255,255</fill-color>
			<fill-color-alarm>255,255,255</fill-color-alarm>
			<expr-frame-color>
				<expr>
					<var>.gwColorANZEIGETEXT</var>
				</expr>
			</expr-frame-color>
			<enable-text-input>false</enable-text-input>
			<hidden-input>false</hidden-input>
		</element>
		<key-info-list/>
	</element>
	<key-info-list/>
	<variablelist>
		<variable name=".gwColorANZEIGETEXT">4,31958,4,5</variable>
	</variablelist>
</visualisation>