<?xml version="1.0" encoding="ISO-8859-1"?>

<visualisation>
	<time-stamp>1632230257,3547199057</time-stamp>
	<name>ED_DT</name>
	<symplified-user-input>false</symplified-user-input>
	<keyboard-usage-for-table>true</keyboard-usage-for-table>
	<size>1721,1201</size>
	<usage-type>0</usage-type>
	<use-language-file>false</use-language-file>
	<use-dynamic-text>true</use-dynamic-text>
	<hide-elements>false</hide-elements>
	<language>ENGLISH</language>
	<dynamic-text-file>VIS\SPRACHE\DYNSPR.XML</dynamic-text-file>
	<element type="bitmap">
		<file-name>vis\bgpic01.jpg</file-name>
		<transparent>false</transparent>
		<show-frame>true</show-frame>
		<clip-frame>true</clip-frame>
		<frame-type>anisotropic</frame-type>
		<elem-id>0</elem-id>
		<center>860,600</center>
		<line-width>0</line-width>
		<has-frame-color>true</has-frame-color>
		<has-inside-color>true</has-inside-color>
		<frame-color>192,192,192</frame-color>
		<frame-color-alarm>255,255,255</frame-color-alarm>
		<fill-color>255,255,255</fill-color>
		<fill-color-alarm>255,255,255</fill-color-alarm>
		<expr-frame-color>
			<expr>
				<var>.gwdColorRAHMEN</var>
			</expr>
		</expr-frame-color>
		<enable-text-input>false</enable-text-input>
		<hidden-input>false</hidden-input>
		<rect>0,0,1721,1201</rect>
	</element>
	<element type="simple">
		<simple-shape>round-rect</simple-shape>
		<elem-id>1</elem-id>
		<center>455,700</center>
		<line-width>2</line-width>
		<has-frame-color>true</has-frame-color>
		<has-inside-color>false</has-inside-color>
		<frame-color>192,192,192</frame-color>
		<frame-color-alarm>0,0,0</frame-color-alarm>
		<fill-color>255,255,255</fill-color>
		<fill-color-alarm>255,255,255</fill-color-alarm>
		<expr-frame-color>
			<expr>
				<var>.gwdColorRAHMEN</var>
			</expr>
		</expr-frame-color>
		<enable-text-input>false</enable-text-input>
		<hidden-input>false</hidden-input>
		<rect>280,540,631,861</rect>
	</element>
	<element type="simple">
		<simple-shape>rectangle</simple-shape>
		<elem-id>2</elem-id>
		<center>358,718</center>
		<line-width>0</line-width>
		<has-frame-color>false</has-frame-color>
		<has-inside-color>true</has-inside-color>
		<frame-color>0,0,0</frame-color>
		<frame-color-alarm>0,0,0</frame-color-alarm>
		<fill-color>0,128,192</fill-color>
		<fill-color-alarm>255,255,255</fill-color-alarm>
		<expr-text-color>
			<expr>
				<var>.gwColorEditTEXT</var>
			</expr>
		</expr-text-color>
		<expr-fill-color>
			<expr>
				<var>.gwColorEditBG</var>
			</expr>
		</expr-fill-color>
		<text-align-horz>center</text-align-horz>
		<text-align-vert>center</text-align-vert>
		<font-height>-21</font-height>
		<font-height-point-size>16</font-height-point-size>
		<font-weight>700</font-weight>
		<font-italic>false</font-italic>
		<font-underline>false</font-underline>
		<font-strike-out>false</font-strike-out>
		<font-char-set>0</font-char-set>
		<text-id>21</text-id>
		<font-name><![CDATA[Arial Unicode MS]]></font-name>
		<font-color>0,0,0</font-color>
		<enable-text-input>true</enable-text-input>
		<text-input-type>1</text-input-type>
		<text-input-min-expr>
			<expr>
				<const>0</const>
			</expr>
		</text-input-min-expr>
		<text-input-max-expr>
			<expr>
				<const>59</const>
			</expr>
		</text-input-max-expr>
		<text-display>
			<expr>
				<var>.gsRTC_TimeSet.byHour</var>
			</expr>
		</text-display>
		<text-format>%s</text-format>
		<hidden-input>false</hidden-input>
		<rect>320,695,396,741</rect>
	</element>
	<element type="simple">
		<simple-shape>rectangle</simple-shape>
		<elem-id>3</elem-id>
		<center>453,718</center>
		<line-width>0</line-width>
		<has-frame-color>false</has-frame-color>
		<has-inside-color>true</has-inside-color>
		<frame-color>0,0,0</frame-color>
		<frame-color-alarm>0,0,0</frame-color-alarm>
		<fill-color>0,128,192</fill-color>
		<fill-color-alarm>255,255,255</fill-color-alarm>
		<expr-text-color>
			<expr>
				<var>.gwColorEditTEXT</var>
			</expr>
		</expr-text-color>
		<expr-fill-color>
			<expr>
				<var>.gwColorEditBG</var>
			</expr>
		</expr-fill-color>
		<text-align-horz>center</text-align-horz>
		<text-align-vert>center</text-align-vert>
		<font-height>-21</font-height>
		<font-height-point-size>16</font-height-point-size>
		<font-weight>700</font-weight>
		<font-italic>false</font-italic>
		<font-underline>false</font-underline>
		<font-strike-out>false</font-strike-out>
		<font-char-set>0</font-char-set>
		<text-id>22</text-id>
		<font-name><![CDATA[Arial Unicode MS]]></font-name>
		<font-color>0,0,0</font-color>
		<enable-text-input>true</enable-text-input>
		<text-input-type>1</text-input-type>
		<text-input-min-expr>
			<expr>
				<const>0</const>
			</expr>
		</text-input-min-expr>
		<text-input-max-expr>
			<expr>
				<const>59</const>
			</expr>
		</text-input-max-expr>
		<text-display>
			<expr>
				<var>.gsRTC_TimeSet.byMinute</var>
			</expr>
		</text-display>
		<text-format>%s</text-format>
		<hidden-input>false</hidden-input>
		<rect>415,695,491,741</rect>
	</element>
	<element type="simple">
		<simple-shape>rectangle</simple-shape>
		<elem-id>4</elem-id>
		<center>358,788</center>
		<line-width>0</line-width>
		<has-frame-color>false</has-frame-color>
		<has-inside-color>true</has-inside-color>
		<frame-color>0,0,0</frame-color>
		<frame-color-alarm>0,0,0</frame-color-alarm>
		<fill-color>0,128,192</fill-color>
		<fill-color-alarm>255,255,255</fill-color-alarm>
		<expr-text-color>
			<expr>
				<var>.gwColorEditTEXT</var>
			</expr>
		</expr-text-color>
		<expr-fill-color>
			<expr>
				<var>.gwColorEditBG</var>
			</expr>
		</expr-fill-color>
		<text-align-horz>center</text-align-horz>
		<text-align-vert>center</text-align-vert>
		<font-height>-21</font-height>
		<font-height-point-size>16</font-height-point-size>
		<font-weight>700</font-weight>
		<font-italic>false</font-italic>
		<font-underline>false</font-underline>
		<font-strike-out>false</font-strike-out>
		<font-char-set>0</font-char-set>
		<text-id>23</text-id>
		<font-name><![CDATA[Arial Unicode MS]]></font-name>
		<font-color>0,0,0</font-color>
		<enable-text-input>true</enable-text-input>
		<text-input-type>1</text-input-type>
		<text-input-min-expr>
			<expr>
				<const>1</const>
			</expr>
		</text-input-min-expr>
		<text-input-max-expr>
			<expr>
				<const>31</const>
			</expr>
		</text-input-max-expr>
		<text-display>
			<expr>
				<var>.gsRTC_TimeSet.byDay</var>
			</expr>
		</text-display>
		<text-format>%s</text-format>
		<hidden-input>false</hidden-input>
		<rect>320,765,396,811</rect>
	</element>
	<element type="simple">
		<simple-shape>rectangle</simple-shape>
		<elem-id>5</elem-id>
		<center>453,788</center>
		<line-width>0</line-width>
		<has-frame-color>false</has-frame-color>
		<has-inside-color>true</has-inside-color>
		<frame-color>0,0,0</frame-color>
		<frame-color-alarm>0,0,0</frame-color-alarm>
		<fill-color>0,128,192</fill-color>
		<fill-color-alarm>255,255,255</fill-color-alarm>
		<expr-text-color>
			<expr>
				<var>.gwColorEditTEXT</var>
			</expr>
		</expr-text-color>
		<expr-fill-color>
			<expr>
				<var>.gwColorEditBG</var>
			</expr>
		</expr-fill-color>
		<text-align-horz>center</text-align-horz>
		<text-align-vert>center</text-align-vert>
		<font-height>-21</font-height>
		<font-height-point-size>16</font-height-point-size>
		<font-weight>700</font-weight>
		<font-italic>false</font-italic>
		<font-underline>false</font-underline>
		<font-strike-out>false</font-strike-out>
		<font-char-set>0</font-char-set>
		<text-id>24</text-id>
		<font-name>Arial</font-name>
		<font-color>0,0,0</font-color>
		<enable-text-input>true</enable-text-input>
		<text-input-type>1</text-input-type>
		<text-input-min-expr>
			<expr>
				<const>1</const>
			</expr>
		</text-input-min-expr>
		<text-input-max-expr>
			<expr>
				<const>12</const>
			</expr>
		</text-input-max-expr>
		<text-display>
			<expr>
				<var>.gsRTC_TimeSet.byMonth</var>
			</expr>
		</text-display>
		<text-format>%s</text-format>
		<hidden-input>false</hidden-input>
		<rect>415,765,491,811</rect>
	</element>
	<element type="simple">
		<simple-shape>rectangle</simple-shape>
		<elem-id>6</elem-id>
		<center>548,788</center>
		<line-width>0</line-width>
		<has-frame-color>false</has-frame-color>
		<has-inside-color>true</has-inside-color>
		<frame-color>0,0,0</frame-color>
		<frame-color-alarm>0,0,0</frame-color-alarm>
		<fill-color>0,128,192</fill-color>
		<fill-color-alarm>255,255,255</fill-color-alarm>
		<expr-text-color>
			<expr>
				<var>.gwColorEditTEXT</var>
			</expr>
		</expr-text-color>
		<expr-fill-color>
			<expr>
				<var>.gwColorEditBG</var>
			</expr>
		</expr-fill-color>
		<text-align-horz>center</text-align-horz>
		<text-align-vert>center</text-align-vert>
		<font-height>-21</font-height>
		<font-height-point-size>16</font-height-point-size>
		<font-weight>700</font-weight>
		<font-italic>false</font-italic>
		<font-underline>false</font-underline>
		<font-strike-out>false</font-strike-out>
		<font-char-set>0</font-char-set>
		<text-id>25</text-id>
		<font-name><![CDATA[Arial Unicode MS]]></font-name>
		<font-color>0,0,0</font-color>
		<enable-text-input>true</enable-text-input>
		<text-input-type>1</text-input-type>
		<text-input-min-expr>
			<expr>
				<const>0</const>
			</expr>
		</text-input-min-expr>
		<text-input-max-expr>
			<expr>
				<const>99</const>
			</expr>
		</text-input-max-expr>
		<text-display>
			<expr>
				<var>.gsRTC_TimeSet.byYear</var>
			</expr>
		</text-display>
		<text-format>%s</text-format>
		<hidden-input>false</hidden-input>
		<rect>510,765,586,811</rect>
	</element>
	<element type="button">
		<frame-type>anisotropic</frame-type>
		<elem-id>7</elem-id>
		<center>420,610</center>
		<line-width>0</line-width>
		<has-frame-color>true</has-frame-color>
		<has-inside-color>true</has-inside-color>
		<frame-color>0,0,0</frame-color>
		<frame-color-alarm>0,0,0</frame-color-alarm>
		<fill-color>200,200,200</fill-color>
		<fill-color-alarm>220,220,220</fill-color-alarm>
		<expr-text-color>
			<expr>
				<var>.gwColorTEXTButton</var>
			</expr>
		</expr-text-color>
		<text-align-horz>center</text-align-horz>
		<text-align-vert>center</text-align-vert>
		<font-height>-21</font-height>
		<font-height-point-size>16</font-height-point-size>
		<font-weight>700</font-weight>
		<font-italic>false</font-italic>
		<font-underline>false</font-underline>
		<font-strike-out>false</font-strike-out>
		<font-char-set>0</font-char-set>
		<text-id>26</text-id>
		<font-name><![CDATA[Arial Unicode MS]]></font-name>
		<font-color>0,0,0</font-color>
		<enable-text-input>false</enable-text-input>
		<input-action-list>
			<expr-assign>
				<lvalue>
					<expr>
						<var>.gxSaveHoliday_Data</var>
					</expr>
				</lvalue>
				<rvalue>
					<expr>
						<const>TRUE</const>
					</expr>
				</rvalue>
			</expr-assign>
			<expr-assign>
				<lvalue>
					<expr>
						<var>.gxSetTimeRTC</var>
					</expr>
				</lvalue>
				<rvalue>
					<expr>
						<const>TRUE</const>
					</expr>
				</rvalue>
			</expr-assign>
		</input-action-list>
		<text-display>
			<expr>
				<const>1</const>
			</expr>
		</text-display>
		<text-format><![CDATA[%|<|TIME01|>|]]></text-format>
		<hidden-input>false</hidden-input>
		<rect>315,575,526,646</rect>
	</element>
	<element type="simple">
		<simple-shape>rectangle</simple-shape>
		<elem-id>8</elem-id>
		<center>405,718</center>
		<line-width>0</line-width>
		<has-frame-color>false</has-frame-color>
		<has-inside-color>false</has-inside-color>
		<frame-color>0,0,0</frame-color>
		<frame-color-alarm>0,0,0</frame-color-alarm>
		<fill-color>255,255,255</fill-color>
		<fill-color-alarm>255,255,255</fill-color-alarm>
		<text-align-horz>center</text-align-horz>
		<text-align-vert>center</text-align-vert>
		<font-height>-21</font-height>
		<font-height-point-size>16</font-height-point-size>
		<font-weight>700</font-weight>
		<font-italic>false</font-italic>
		<font-underline>false</font-underline>
		<font-strike-out>false</font-strike-out>
		<font-char-set>0</font-char-set>
		<text-id>30</text-id>
		<font-name><![CDATA[Arial Unicode MS]]></font-name>
		<font-color>128,128,128</font-color>
		<enable-text-input>false</enable-text-input>
		<text-format>:</text-format>
		<hidden-input>false</hidden-input>
		<rect>395,695,416,741</rect>
	</element>
	<element type="simple">
		<simple-shape>rectangle</simple-shape>
		<elem-id>9</elem-id>
		<center>405,788</center>
		<line-width>0</line-width>
		<has-frame-color>false</has-frame-color>
		<has-inside-color>false</has-inside-color>
		<frame-color>0,0,0</frame-color>
		<frame-color-alarm>0,0,0</frame-color-alarm>
		<fill-color>255,255,255</fill-color>
		<fill-color-alarm>255,255,255</fill-color-alarm>
		<text-align-horz>center</text-align-horz>
		<text-align-vert>center</text-align-vert>
		<font-height>-21</font-height>
		<font-height-point-size>16</font-height-point-size>
		<font-weight>700</font-weight>
		<font-italic>false</font-italic>
		<font-underline>false</font-underline>
		<font-strike-out>false</font-strike-out>
		<font-char-set>0</font-char-set>
		<text-id>33</text-id>
		<font-name><![CDATA[Arial Unicode MS]]></font-name>
		<font-color>128,128,128</font-color>
		<enable-text-input>false</enable-text-input>
		<text-format>.</text-format>
		<hidden-input>false</hidden-input>
		<rect>395,765,416,811</rect>
	</element>
	<element type="simple">
		<simple-shape>rectangle</simple-shape>
		<elem-id>10</elem-id>
		<center>500,788</center>
		<line-width>0</line-width>
		<has-frame-color>false</has-frame-color>
		<has-inside-color>false</has-inside-color>
		<frame-color>0,0,0</frame-color>
		<frame-color-alarm>0,0,0</frame-color-alarm>
		<fill-color>255,255,255</fill-color>
		<fill-color-alarm>255,255,255</fill-color-alarm>
		<text-align-horz>center</text-align-horz>
		<text-align-vert>center</text-align-vert>
		<font-height>-21</font-height>
		<font-height-point-size>16</font-height-point-size>
		<font-weight>700</font-weight>
		<font-italic>false</font-italic>
		<font-underline>false</font-underline>
		<font-strike-out>false</font-strike-out>
		<font-char-set>0</font-char-set>
		<text-id>34</text-id>
		<font-name><![CDATA[Arial Unicode MS]]></font-name>
		<font-color>128,128,128</font-color>
		<enable-text-input>false</enable-text-input>
		<text-format>.</text-format>
		<hidden-input>false</hidden-input>
		<rect>490,765,511,811</rect>
	</element>
	<element type="simple">
		<simple-shape>rectangle</simple-shape>
		<elem-id>11</elem-id>
		<center>455,330</center>
		<line-width>0</line-width>
		<has-frame-color>true</has-frame-color>
		<has-inside-color>false</has-inside-color>
		<frame-color>192,192,192</frame-color>
		<frame-color-alarm>0,0,0</frame-color-alarm>
		<fill-color>255,255,255</fill-color>
		<fill-color-alarm>255,255,255</fill-color-alarm>
		<expr-text-color>
			<expr>
				<var>.gwColorANZEIGETEXT</var>
			</expr>
		</expr-text-color>
		<expr-frame-color>
			<expr>
				<var>.gwdColorRAHMEN</var>
			</expr>
		</expr-frame-color>
		<text-align-horz>center</text-align-horz>
		<text-align-vert>center</text-align-vert>
		<font-height>-29</font-height>
		<font-height-point-size>22</font-height-point-size>
		<font-weight>700</font-weight>
		<font-italic>false</font-italic>
		<font-underline>false</font-underline>
		<font-strike-out>false</font-strike-out>
		<font-char-set>0</font-char-set>
		<text-id>39</text-id>
		<font-name><![CDATA[Arial Unicode MS]]></font-name>
		<font-color>0,0,0</font-color>
		<enable-text-input>false</enable-text-input>
		<text-display>
			<expr>
				<var>.gstrActualTime</var>
			</expr>
		</text-display>
		<text-format>%s</text-format>
		<hidden-input>false</hidden-input>
		<rect>280,300,631,361</rect>
	</element>
	<element type="simple">
		<simple-shape>rectangle</simple-shape>
		<elem-id>12</elem-id>
		<center>455,410</center>
		<line-width>0</line-width>
		<has-frame-color>true</has-frame-color>
		<has-inside-color>false</has-inside-color>
		<frame-color>192,192,192</frame-color>
		<frame-color-alarm>0,0,0</frame-color-alarm>
		<fill-color>255,255,255</fill-color>
		<fill-color-alarm>255,255,255</fill-color-alarm>
		<expr-text-color>
			<expr>
				<var>.gwColorANZEIGETEXT</var>
			</expr>
		</expr-text-color>
		<expr-frame-color>
			<expr>
				<var>.gwdColorRAHMEN</var>
			</expr>
		</expr-frame-color>
		<text-align-horz>center</text-align-horz>
		<text-align-vert>center</text-align-vert>
		<font-height>-29</font-height>
		<font-height-point-size>22</font-height-point-size>
		<font-weight>700</font-weight>
		<font-italic>false</font-italic>
		<font-underline>false</font-underline>
		<font-strike-out>false</font-strike-out>
		<font-char-set>0</font-char-set>
		<text-id>40</text-id>
		<font-name><![CDATA[Arial Unicode MS]]></font-name>
		<font-color>0,0,0</font-color>
		<enable-text-input>false</enable-text-input>
		<text-display>
			<expr>
				<var>.gstrActualDate</var>
			</expr>
		</text-display>
		<text-format>%s</text-format>
		<hidden-input>false</hidden-input>
		<rect>280,380,631,441</rect>
	</element>
	<element type="simple">
		<simple-shape>round-rect</simple-shape>
		<elem-id>13</elem-id>
		<center>1068,705</center>
		<line-width>2</line-width>
		<has-frame-color>true</has-frame-color>
		<has-inside-color>false</has-inside-color>
		<frame-color>192,192,192</frame-color>
		<frame-color-alarm>0,0,0</frame-color-alarm>
		<fill-color>255,255,255</fill-color>
		<fill-color-alarm>255,255,255</fill-color-alarm>
		<expr-frame-color>
			<expr>
				<var>.gwdColorRAHMEN</var>
			</expr>
		</expr-frame-color>
		<enable-text-input>false</enable-text-input>
		<hidden-input>false</hidden-input>
		<rect>735,545,1401,866</rect>
	</element>
	<element type="simple">
		<simple-shape>round-rect</simple-shape>
		<elem-id>14</elem-id>
		<center>1070,745</center>
		<line-width>10</line-width>
		<has-frame-color>true</has-frame-color>
		<has-inside-color>true</has-inside-color>
		<frame-color>0,0,0</frame-color>
		<frame-color-alarm>255,0,0</frame-color-alarm>
		<fill-color>192,192,192</fill-color>
		<fill-color-alarm>255,255,0</fill-color-alarm>
		<text-align-horz>center</text-align-horz>
		<text-align-vert>center</text-align-vert>
		<font-height>-29</font-height>
		<font-height-point-size>22</font-height-point-size>
		<font-weight>700</font-weight>
		<font-italic>false</font-italic>
		<font-underline>false</font-underline>
		<font-strike-out>false</font-strike-out>
		<font-char-set>0</font-char-set>
		<text-id>48</text-id>
		<font-name><![CDATA[Arial Unicode MS]]></font-name>
		<font-color>0,0,0</font-color>
		<enable-text-input>false</enable-text-input>
		<expr-invisible>
			<expr>
				<var>.gxSummerTimeACTIVE</var>
				<const>TRUE</const>
				<op>=(2)</op>
				<var>.gxSummerTimeAuto</var>
				<const>FALSE</const>
				<op>=(2)</op>
				<op>OR(2)</op>
			</expr>
		</expr-invisible>
		<text-display>
			<expr>
				<const>2</const>
			</expr>
		</text-display>
		<text-format><![CDATA[%|<|TIME02|>|]]></text-format>
		<hidden-input>false</hidden-input>
		<rect>765,720,1376,771</rect>
	</element>
	<element type="simple">
		<simple-shape>round-rect</simple-shape>
		<elem-id>15</elem-id>
		<center>1070,815</center>
		<line-width>10</line-width>
		<has-frame-color>true</has-frame-color>
		<has-inside-color>true</has-inside-color>
		<frame-color>255,0,0</frame-color>
		<frame-color-alarm>0,0,0</frame-color-alarm>
		<fill-color>255,255,0</fill-color>
		<fill-color-alarm>255,255,255</fill-color-alarm>
		<text-align-horz>center</text-align-horz>
		<text-align-vert>center</text-align-vert>
		<font-height>-29</font-height>
		<font-height-point-size>22</font-height-point-size>
		<font-weight>700</font-weight>
		<font-italic>false</font-italic>
		<font-underline>false</font-underline>
		<font-strike-out>false</font-strike-out>
		<font-char-set>0</font-char-set>
		<text-id>50</text-id>
		<font-name><![CDATA[Arial Unicode MS]]></font-name>
		<font-color>0,0,0</font-color>
		<enable-text-input>false</enable-text-input>
		<expr-invisible>
			<expr>
				<var>.gxSummerTimeACTIVE</var>
				<const>FALSE</const>
				<op>=(2)</op>
				<var>.gxSummerTimeAuto</var>
				<const>FALSE</const>
				<op>=(2)</op>
				<op>OR(2)</op>
			</expr>
		</expr-invisible>
		<text-display>
			<expr>
				<const>1</const>
			</expr>
		</text-display>
		<text-format><![CDATA[%|<|TIME02|>|]]></text-format>
		<hidden-input>false</hidden-input>
		<rect>765,790,1376,841</rect>
	</element>
	<element type="simple">
		<simple-shape>rectangle</simple-shape>
		<elem-id>16</elem-id>
		<center>878,635</center>
		<line-width>0</line-width>
		<has-frame-color>true</has-frame-color>
		<has-inside-color>false</has-inside-color>
		<frame-color>192,192,192</frame-color>
		<frame-color-alarm>0,0,0</frame-color-alarm>
		<fill-color>255,255,255</fill-color>
		<fill-color-alarm>255,255,255</fill-color-alarm>
		<expr-text-color>
			<expr>
				<var>.gwColorANZEIGETEXT</var>
			</expr>
		</expr-text-color>
		<expr-frame-color>
			<expr>
				<var>.gwdColorRAHMEN</var>
			</expr>
		</expr-frame-color>
		<text-align-horz>center</text-align-horz>
		<text-align-vert>center</text-align-vert>
		<font-height>-27</font-height>
		<font-height-point-size>20</font-height-point-size>
		<font-weight>700</font-weight>
		<font-italic>false</font-italic>
		<font-underline>false</font-underline>
		<font-strike-out>false</font-strike-out>
		<font-char-set>0</font-char-set>
		<text-id>54</text-id>
		<font-name><![CDATA[Arial Unicode MS]]></font-name>
		<font-color>0,0,0</font-color>
		<enable-text-input>false</enable-text-input>
		<text-display>
			<expr>
				<const>1</const>
			</expr>
		</text-display>
		<text-format><![CDATA[%|<|TIME03|>|]]></text-format>
		<hidden-input>false</hidden-input>
		<rect>760,575,996,696</rect>
	</element>
	<element type="button">
		<frame-type>anisotropic</frame-type>
		<elem-id>17</elem-id>
		<center>135,100</center>
		<line-width>0</line-width>
		<has-frame-color>true</has-frame-color>
		<has-inside-color>true</has-inside-color>
		<frame-color>0,0,0</frame-color>
		<frame-color-alarm>0,0,0</frame-color-alarm>
		<fill-color>200,200,200</fill-color>
		<fill-color-alarm>220,220,220</fill-color-alarm>
		<expr-text-color>
			<expr>
				<var>.gwColorTEXTButton</var>
			</expr>
		</expr-text-color>
		<text-align-horz>center</text-align-horz>
		<text-align-vert>center</text-align-vert>
		<font-height>-27</font-height>
		<font-height-point-size>20</font-height-point-size>
		<font-weight>700</font-weight>
		<font-italic>false</font-italic>
		<font-underline>false</font-underline>
		<font-strike-out>false</font-strike-out>
		<font-char-set>0</font-char-set>
		<text-id>57</text-id>
		<font-name><![CDATA[Arial Unicode MS]]></font-name>
		<font-color>0,0,0</font-color>
		<expr-zoom>
			<expr>
				<placeholder>SETUP_7</placeholder>
			</expr>
		</expr-zoom>
		<enable-text-input>false</enable-text-input>
		<text-display>
			<expr>
				<const>1</const>
			</expr>
		</text-display>
		<text-format><![CDATA[%|<|RETURN01|>|]]></text-format>
		<hidden-input>false</hidden-input>
		<rect>60,55,211,146</rect>
	</element>
	<element type="simple">
		<simple-shape>rectangle</simple-shape>
		<elem-id>18</elem-id>
		<center>863,105</center>
		<line-width>0</line-width>
		<has-frame-color>true</has-frame-color>
		<has-inside-color>false</has-inside-color>
		<frame-color>192,192,192</frame-color>
		<frame-color-alarm>0,0,0</frame-color-alarm>
		<fill-color>255,255,255</fill-color>
		<fill-color-alarm>255,255,255</fill-color-alarm>
		<expr-text-color>
			<expr>
				<var>.gwColorANZEIGETEXT</var>
			</expr>
		</expr-text-color>
		<expr-frame-color>
			<expr>
				<var>.gwdColorRAHMEN</var>
			</expr>
		</expr-frame-color>
		<text-align-horz>center</text-align-horz>
		<text-align-vert>center</text-align-vert>
		<font-height>-35</font-height>
		<font-height-point-size>26</font-height-point-size>
		<font-weight>700</font-weight>
		<font-italic>false</font-italic>
		<font-underline>false</font-underline>
		<font-strike-out>false</font-strike-out>
		<font-char-set>0</font-char-set>
		<text-id>58</text-id>
		<font-name><![CDATA[Arial Unicode MS]]></font-name>
		<font-color>0,0,0</font-color>
		<enable-text-input>false</enable-text-input>
		<text-display>
			<expr>
				<const>1</const>
			</expr>
		</text-display>
		<text-format><![CDATA[%|<|TIME01|>|]]></text-format>
		<hidden-input>false</hidden-input>
		<rect>630,55,1096,156</rect>
	</element>
	<element type="reference">
		<show-frame>false</show-frame>
		<clip-frame>true</clip-frame>
		<iso-frame>false</iso-frame>
		<original-frame>false</original-frame>
		<original-scrollable-frame>false</original-scrollable-frame>
		<placeholderentry placeholder="SwitchVar" replacement=".gxSummerTimeAuto"/>
		<name>SWITCH</name>
		<elem-id>7</elem-id>
		<center>1078,635</center>
		<line-width>0</line-width>
		<has-frame-color>false</has-frame-color>
		<has-inside-color>true</has-inside-color>
		<frame-color>0,0,0</frame-color>
		<frame-color-alarm>0,0,0</frame-color-alarm>
		<fill-color>255,255,255</fill-color>
		<fill-color-alarm>255,255,255</fill-color-alarm>
		<enable-text-input>false</enable-text-input>
		<hidden-input>false</hidden-input>
		<rect>1005,575,1151,696</rect>
	</element>
	<element type="button">
		<frame-type>anisotropic</frame-type>
		<elem-id>8</elem-id>
		<center>1270,635</center>
		<line-width>0</line-width>
		<has-frame-color>true</has-frame-color>
		<has-inside-color>true</has-inside-color>
		<frame-color>0,0,0</frame-color>
		<frame-color-alarm>0,0,0</frame-color-alarm>
		<fill-color>200,200,200</fill-color>
		<fill-color-alarm>220,220,220</fill-color-alarm>
		<expr-text-color>
			<expr>
				<var>.gwColorTEXTButton</var>
			</expr>
		</expr-text-color>
		<text-align-horz>center</text-align-horz>
		<text-align-vert>center</text-align-vert>
		<font-height>-27</font-height>
		<font-height-point-size>20</font-height-point-size>
		<font-weight>700</font-weight>
		<font-italic>false</font-italic>
		<font-underline>false</font-underline>
		<font-strike-out>false</font-strike-out>
		<font-char-set>0</font-char-set>
		<text-id>70</text-id>
		<font-name><![CDATA[Arial Unicode MS]]></font-name>
		<font-color>0,0,0</font-color>
		<enable-text-input>false</enable-text-input>
		<input-action-list>
			<expr-assign>
				<lvalue>
					<expr>
						<var>.gxSaveHoliday_Data</var>
					</expr>
				</lvalue>
				<rvalue>
					<expr>
						<const>TRUE</const>
					</expr>
				</rvalue>
			</expr-assign>
		</input-action-list>
		<text-display>
			<expr>
				<const>1</const>
			</expr>
		</text-display>
		<text-format><![CDATA[%|<|SAVE01|>|]]></text-format>
		<hidden-input>false</hidden-input>
		<rect>1165,580,1376,691</rect>
	</element>
	<key-info-list/>
	<variablelist>
		<variable name=".gwdColorRAHMEN">4,32038,4,5</variable>
		<variable name=".gwColorEditTEXT">4,32050,4,5</variable>
		<variable name=".gwColorEditBG">4,32058,4,5</variable>
		<variable name=".gsRTC_TimeSet.byHour">4,23844,1,2</variable>
		<variable name=".gsRTC_TimeSet.byMinute">4,23845,1,2</variable>
		<variable name=".gsRTC_TimeSet.byDay">4,23849,1,2</variable>
		<variable name=".gsRTC_TimeSet.byMonth">4,23848,1,2</variable>
		<variable name=".gsRTC_TimeSet.byYear">4,23847,1,2</variable>
		<variable name=".gwColorTEXTButton">4,32046,4,5</variable>
		<variable name=".gxSaveHoliday_Data">4,34219,1,0</variable>
		<variable name=".gxSetTimeRTC">4,23851,1,0</variable>
		<variable name=".gwColorANZEIGETEXT">4,32042,4,5</variable>
		<variable name=".gstrActualTime">4,23853,21,8</variable>
		<variable name=".gstrActualDate">4,23874,21,8</variable>
		<variable name=".gxSummerTimeACTIVE">4,23902,1,0</variable>
		<variable name=".gxSummerTimeAuto">4,23899,1,0</variable>
	</variablelist>
</visualisation>