<?xml version="1.0" encoding="ISO-8859-1"?>

<visualisation>
	<time-stamp>1634725283,634912224</time-stamp>
	<name>ED_PASSW</name>
	<symplified-user-input>false</symplified-user-input>
	<keyboard-usage-for-table>true</keyboard-usage-for-table>
	<size>1721,1206</size>
	<usage-type>0</usage-type>
	<use-language-file>false</use-language-file>
	<use-dynamic-text>true</use-dynamic-text>
	<hide-elements>false</hide-elements>
	<language>ENGLISH</language>
	<dynamic-text-file>VIS\SPRACHE\DYNSPR.XML</dynamic-text-file>
	<element type="bitmap">
		<file-name>vis\bgpic01.jpg</file-name>
		<transparent>false</transparent>
		<show-frame>true</show-frame>
		<clip-frame>true</clip-frame>
		<frame-type>anisotropic</frame-type>
		<elem-id>0</elem-id>
		<center>860,600</center>
		<line-width>0</line-width>
		<has-frame-color>true</has-frame-color>
		<has-inside-color>true</has-inside-color>
		<frame-color>192,192,192</frame-color>
		<frame-color-alarm>255,255,255</frame-color-alarm>
		<fill-color>255,255,255</fill-color>
		<fill-color-alarm>255,255,255</fill-color-alarm>
		<expr-frame-color>
			<expr>
				<var>.gwdColorRAHMEN</var>
			</expr>
		</expr-frame-color>
		<enable-text-input>false</enable-text-input>
		<hidden-input>false</hidden-input>
		<rect>0,0,1721,1201</rect>
	</element>
	<element type="button">
		<frame-type>anisotropic</frame-type>
		<elem-id>1</elem-id>
		<center>135,105</center>
		<line-width>0</line-width>
		<has-frame-color>true</has-frame-color>
		<has-inside-color>true</has-inside-color>
		<frame-color>0,0,0</frame-color>
		<frame-color-alarm>0,0,0</frame-color-alarm>
		<fill-color>200,200,200</fill-color>
		<fill-color-alarm>220,220,220</fill-color-alarm>
		<expr-text-color>
			<expr>
				<var>.gwColorTEXTButton</var>
			</expr>
		</expr-text-color>
		<text-align-horz>center</text-align-horz>
		<text-align-vert>center</text-align-vert>
		<font-height>-27</font-height>
		<font-height-point-size>20</font-height-point-size>
		<font-weight>700</font-weight>
		<font-italic>false</font-italic>
		<font-underline>false</font-underline>
		<font-strike-out>false</font-strike-out>
		<font-char-set>0</font-char-set>
		<text-id>66</text-id>
		<font-name><![CDATA[Arial Unicode MS]]></font-name>
		<font-color>0,0,0</font-color>
		<expr-zoom>
			<expr>
				<placeholder>SETUP_7</placeholder>
			</expr>
		</expr-zoom>
		<enable-text-input>false</enable-text-input>
		<input-action-list>
			<expr-assign>
				<lvalue>
					<expr>
						<var>.gxLoadActiveData</var>
					</expr>
				</lvalue>
				<rvalue>
					<expr>
						<const>TRUE</const>
					</expr>
				</rvalue>
			</expr-assign>
		</input-action-list>
		<text-display>
			<expr>
				<const>1</const>
			</expr>
		</text-display>
		<text-format><![CDATA[%|<|RETURN01|>|]]></text-format>
		<hidden-input>false</hidden-input>
		<rect>60,60,211,151</rect>
	</element>
	<element type="simple">
		<simple-shape>rectangle</simple-shape>
		<elem-id>2</elem-id>
		<center>853,110</center>
		<line-width>0</line-width>
		<has-frame-color>true</has-frame-color>
		<has-inside-color>false</has-inside-color>
		<frame-color>192,192,192</frame-color>
		<frame-color-alarm>0,0,0</frame-color-alarm>
		<fill-color>255,255,255</fill-color>
		<fill-color-alarm>255,255,255</fill-color-alarm>
		<expr-text-color>
			<expr>
				<var>.gwColorANZEIGETEXT</var>
			</expr>
		</expr-text-color>
		<expr-frame-color>
			<expr>
				<var>.gwdColorRAHMEN</var>
			</expr>
		</expr-frame-color>
		<text-align-horz>center</text-align-horz>
		<text-align-vert>center</text-align-vert>
		<font-height>-35</font-height>
		<font-height-point-size>26</font-height-point-size>
		<font-weight>700</font-weight>
		<font-italic>false</font-italic>
		<font-underline>false</font-underline>
		<font-strike-out>false</font-strike-out>
		<font-char-set>0</font-char-set>
		<text-id>67</text-id>
		<font-name><![CDATA[Arial Unicode MS]]></font-name>
		<font-color>0,0,0</font-color>
		<enable-text-input>false</enable-text-input>
		<text-display>
			<expr>
				<const>1</const>
			</expr>
		</text-display>
		<text-format><![CDATA[%|<|PASSW01|>|]]></text-format>
		<hidden-input>false</hidden-input>
		<rect>610,60,1096,161</rect>
	</element>
	<element type="button">
		<frame-type>anisotropic</frame-type>
		<elem-id>3</elem-id>
		<center>1480,110</center>
		<line-width>0</line-width>
		<has-frame-color>true</has-frame-color>
		<has-inside-color>true</has-inside-color>
		<frame-color>0,0,0</frame-color>
		<frame-color-alarm>0,0,0</frame-color-alarm>
		<fill-color>200,200,200</fill-color>
		<fill-color-alarm>220,220,220</fill-color-alarm>
		<expr-text-color>
			<expr>
				<var>.gwColorTEXTButton</var>
			</expr>
		</expr-text-color>
		<text-align-horz>center</text-align-horz>
		<text-align-vert>center</text-align-vert>
		<font-height>-27</font-height>
		<font-height-point-size>20</font-height-point-size>
		<font-weight>700</font-weight>
		<font-italic>false</font-italic>
		<font-underline>false</font-underline>
		<font-strike-out>false</font-strike-out>
		<font-char-set>0</font-char-set>
		<text-id>70</text-id>
		<font-name><![CDATA[Arial Unicode MS]]></font-name>
		<font-color>0,0,0</font-color>
		<enable-text-input>false</enable-text-input>
		<input-action-list>
			<expr-assign>
				<lvalue>
					<expr>
						<var>.gxLoadActiveData</var>
					</expr>
				</lvalue>
				<rvalue>
					<expr>
						<const>TRUE</const>
					</expr>
				</rvalue>
			</expr-assign>
		</input-action-list>
		<text-display>
			<expr>
				<const>1</const>
			</expr>
		</text-display>
		<text-format><![CDATA[%|<|LOAD01|>|]]></text-format>
		<hidden-input>false</hidden-input>
		<rect>1405,65,1556,156</rect>
	</element>
	<element type="button">
		<frame-type>anisotropic</frame-type>
		<elem-id>4</elem-id>
		<center>1533,465</center>
		<line-width>0</line-width>
		<has-frame-color>true</has-frame-color>
		<has-inside-color>true</has-inside-color>
		<frame-color>0,0,0</frame-color>
		<frame-color-alarm>0,0,0</frame-color-alarm>
		<fill-color>200,200,200</fill-color>
		<fill-color-alarm>220,220,220</fill-color-alarm>
		<expr-text-color>
			<expr>
				<var>.gwColorTEXTButton</var>
			</expr>
		</expr-text-color>
		<text-align-horz>center</text-align-horz>
		<text-align-vert>center</text-align-vert>
		<font-height>-27</font-height>
		<font-height-point-size>20</font-height-point-size>
		<font-weight>700</font-weight>
		<font-italic>false</font-italic>
		<font-underline>false</font-underline>
		<font-strike-out>false</font-strike-out>
		<font-char-set>0</font-char-set>
		<text-id>71</text-id>
		<font-name><![CDATA[Arial Unicode MS]]></font-name>
		<font-color>0,0,0</font-color>
		<enable-text-input>false</enable-text-input>
		<input-action-list>
			<expr-assign>
				<lvalue>
					<expr>
						<var>gaxDO_PW_Change[1]</var>
					</expr>
				</lvalue>
				<rvalue>
					<expr>
						<const>TRUE</const>
					</expr>
				</rvalue>
			</expr-assign>
		</input-action-list>
		<expr-invisible>
			<expr>
				<var>gaxDO_PW_Change[1]</var>
				<const>TRUE</const>
				<op>=(2)</op>
			</expr>
		</expr-invisible>
		<text-display>
			<expr>
				<const>1</const>
			</expr>
		</text-display>
		<text-format><![CDATA[%|<|CHANGE01|>|]]></text-format>
		<hidden-input>false</hidden-input>
		<rect>1455,440,1611,491</rect>
	</element>
	<element type="simple">
		<simple-shape>rectangle</simple-shape>
		<elem-id>5</elem-id>
		<center>513,465</center>
		<line-width>0</line-width>
		<has-frame-color>true</has-frame-color>
		<has-inside-color>true</has-inside-color>
		<frame-color>192,192,192</frame-color>
		<frame-color-alarm>0,0,0</frame-color-alarm>
		<fill-color>0,128,192</fill-color>
		<fill-color-alarm>255,255,255</fill-color-alarm>
		<expr-text-color>
			<expr>
				<var>.gwColorEditTEXT</var>
			</expr>
		</expr-text-color>
		<expr-fill-color>
			<expr>
				<var>.gwColorEditBG</var>
			</expr>
		</expr-fill-color>
		<expr-frame-color>
			<expr>
				<var>.gwdColorRAHMEN</var>
			</expr>
		</expr-frame-color>
		<text-align-horz>center</text-align-horz>
		<text-align-vert>center</text-align-vert>
		<font-height>-37</font-height>
		<font-height-point-size>28</font-height-point-size>
		<font-weight>700</font-weight>
		<font-italic>false</font-italic>
		<font-underline>false</font-underline>
		<font-strike-out>false</font-strike-out>
		<font-char-set>0</font-char-set>
		<text-id>73</text-id>
		<font-name><![CDATA[Arial Unicode MS]]></font-name>
		<font-color>0,0,0</font-color>
		<enable-text-input>true</enable-text-input>
		<text-input-type>2</text-input-type>
		<text-display>
			<expr>
				<var>gastrPW_ChangeOLD[1]</var>
			</expr>
		</text-display>
		<text-format>%s</text-format>
		<tooltip>
			<![CDATA[Do not use
       $
characters
]]>
		</tooltip>
		<hidden-input>true</hidden-input>
		<rect>330,440,696,490</rect>
	</element>
	<element type="simple">
		<simple-shape>rectangle</simple-shape>
		<elem-id>6</elem-id>
		<center>513,405</center>
		<line-width>0</line-width>
		<has-frame-color>true</has-frame-color>
		<has-inside-color>false</has-inside-color>
		<frame-color>192,192,192</frame-color>
		<frame-color-alarm>0,0,0</frame-color-alarm>
		<fill-color>255,255,255</fill-color>
		<fill-color-alarm>255,255,255</fill-color-alarm>
		<expr-text-color>
			<expr>
				<var>.gwColorANZEIGETEXT</var>
			</expr>
		</expr-text-color>
		<expr-frame-color>
			<expr>
				<var>.gwdColorRAHMEN</var>
			</expr>
		</expr-frame-color>
		<text-align-horz>center</text-align-horz>
		<text-align-vert>center</text-align-vert>
		<font-height>-27</font-height>
		<font-height-point-size>20</font-height-point-size>
		<font-weight>700</font-weight>
		<font-italic>false</font-italic>
		<font-underline>false</font-underline>
		<font-strike-out>false</font-strike-out>
		<font-char-set>0</font-char-set>
		<text-id>74</text-id>
		<font-name><![CDATA[Arial Unicode MS]]></font-name>
		<font-color>0,0,0</font-color>
		<enable-text-input>false</enable-text-input>
		<text-display>
			<expr>
				<const>1</const>
			</expr>
		</text-display>
		<text-format><![CDATA[%|<|PASSW03|>|]]></text-format>
		<tooltip>
			<![CDATA[Do not use
       $
characters
]]>
		</tooltip>
		<hidden-input>false</hidden-input>
		<rect>330,380,696,430</rect>
	</element>
	<element type="simple">
		<simple-shape>rectangle</simple-shape>
		<elem-id>7</elem-id>
		<center>888,405</center>
		<line-width>0</line-width>
		<has-frame-color>true</has-frame-color>
		<has-inside-color>false</has-inside-color>
		<frame-color>192,192,192</frame-color>
		<frame-color-alarm>0,0,0</frame-color-alarm>
		<fill-color>255,255,255</fill-color>
		<fill-color-alarm>255,255,255</fill-color-alarm>
		<expr-text-color>
			<expr>
				<var>.gwColorANZEIGETEXT</var>
			</expr>
		</expr-text-color>
		<expr-frame-color>
			<expr>
				<var>.gwdColorRAHMEN</var>
			</expr>
		</expr-frame-color>
		<text-align-horz>center</text-align-horz>
		<text-align-vert>center</text-align-vert>
		<font-height>-27</font-height>
		<font-height-point-size>20</font-height-point-size>
		<font-weight>700</font-weight>
		<font-italic>false</font-italic>
		<font-underline>false</font-underline>
		<font-strike-out>false</font-strike-out>
		<font-char-set>0</font-char-set>
		<text-id>76</text-id>
		<font-name><![CDATA[Arial Unicode MS]]></font-name>
		<font-color>0,0,0</font-color>
		<enable-text-input>false</enable-text-input>
		<text-display>
			<expr>
				<const>1</const>
			</expr>
		</text-display>
		<text-format><![CDATA[%|<|PASSW04|>|]]></text-format>
		<tooltip>
			<![CDATA[Do not use
       $
characters
]]>
		</tooltip>
		<hidden-input>false</hidden-input>
		<rect>705,380,1071,430</rect>
	</element>
	<element type="simple">
		<simple-shape>rectangle</simple-shape>
		<elem-id>8</elem-id>
		<center>1263,405</center>
		<line-width>0</line-width>
		<has-frame-color>true</has-frame-color>
		<has-inside-color>false</has-inside-color>
		<frame-color>192,192,192</frame-color>
		<frame-color-alarm>0,0,0</frame-color-alarm>
		<fill-color>255,255,255</fill-color>
		<fill-color-alarm>255,255,255</fill-color-alarm>
		<expr-text-color>
			<expr>
				<var>.gwColorANZEIGETEXT</var>
			</expr>
		</expr-text-color>
		<expr-frame-color>
			<expr>
				<var>.gwdColorRAHMEN</var>
			</expr>
		</expr-frame-color>
		<text-align-horz>center</text-align-horz>
		<text-align-vert>center</text-align-vert>
		<font-height>-27</font-height>
		<font-height-point-size>20</font-height-point-size>
		<font-weight>700</font-weight>
		<font-italic>false</font-italic>
		<font-underline>false</font-underline>
		<font-strike-out>false</font-strike-out>
		<font-char-set>0</font-char-set>
		<text-id>78</text-id>
		<font-name><![CDATA[Arial Unicode MS]]></font-name>
		<font-color>0,0,0</font-color>
		<enable-text-input>false</enable-text-input>
		<text-display>
			<expr>
				<const>1</const>
			</expr>
		</text-display>
		<text-format><![CDATA[%|<|PASSW05|>|]]></text-format>
		<tooltip>
			<![CDATA[Do not use
       $
characters
]]>
		</tooltip>
		<hidden-input>false</hidden-input>
		<rect>1080,380,1446,430</rect>
	</element>
	<element type="simple">
		<simple-shape>rectangle</simple-shape>
		<elem-id>9</elem-id>
		<center>888,465</center>
		<line-width>0</line-width>
		<has-frame-color>true</has-frame-color>
		<has-inside-color>true</has-inside-color>
		<frame-color>192,192,192</frame-color>
		<frame-color-alarm>0,0,0</frame-color-alarm>
		<fill-color>0,128,192</fill-color>
		<fill-color-alarm>255,255,255</fill-color-alarm>
		<expr-text-color>
			<expr>
				<var>.gwColorEditTEXT</var>
			</expr>
		</expr-text-color>
		<expr-fill-color>
			<expr>
				<var>.gwColorEditBG</var>
			</expr>
		</expr-fill-color>
		<expr-frame-color>
			<expr>
				<var>.gwdColorRAHMEN</var>
			</expr>
		</expr-frame-color>
		<text-align-horz>center</text-align-horz>
		<text-align-vert>center</text-align-vert>
		<font-height>-37</font-height>
		<font-height-point-size>28</font-height-point-size>
		<font-weight>700</font-weight>
		<font-italic>false</font-italic>
		<font-underline>false</font-underline>
		<font-strike-out>false</font-strike-out>
		<font-char-set>0</font-char-set>
		<text-id>79</text-id>
		<font-name><![CDATA[Arial Unicode MS]]></font-name>
		<font-color>0,0,0</font-color>
		<enable-text-input>true</enable-text-input>
		<text-input-type>2</text-input-type>
		<text-display>
			<expr>
				<var>gastrPW_ChangeNEW_A[1]</var>
			</expr>
		</text-display>
		<text-format>%s</text-format>
		<tooltip>
			<![CDATA[Do not use
       $
characters
]]>
		</tooltip>
		<hidden-input>true</hidden-input>
		<rect>705,440,1071,490</rect>
	</element>
	<element type="simple">
		<simple-shape>rectangle</simple-shape>
		<elem-id>10</elem-id>
		<center>1263,465</center>
		<line-width>0</line-width>
		<has-frame-color>true</has-frame-color>
		<has-inside-color>true</has-inside-color>
		<frame-color>192,192,192</frame-color>
		<frame-color-alarm>0,0,0</frame-color-alarm>
		<fill-color>0,128,192</fill-color>
		<fill-color-alarm>255,255,255</fill-color-alarm>
		<expr-text-color>
			<expr>
				<var>.gwColorEditTEXT</var>
			</expr>
		</expr-text-color>
		<expr-fill-color>
			<expr>
				<var>.gwColorEditBG</var>
			</expr>
		</expr-fill-color>
		<expr-frame-color>
			<expr>
				<var>.gwdColorRAHMEN</var>
			</expr>
		</expr-frame-color>
		<text-align-horz>center</text-align-horz>
		<text-align-vert>center</text-align-vert>
		<font-height>-37</font-height>
		<font-height-point-size>28</font-height-point-size>
		<font-weight>700</font-weight>
		<font-italic>false</font-italic>
		<font-underline>false</font-underline>
		<font-strike-out>false</font-strike-out>
		<font-char-set>0</font-char-set>
		<text-id>80</text-id>
		<font-name><![CDATA[Arial Unicode MS]]></font-name>
		<font-color>0,0,0</font-color>
		<enable-text-input>true</enable-text-input>
		<text-input-type>2</text-input-type>
		<text-display>
			<expr>
				<var>gastrPW_ChangeNEW_B[1]</var>
			</expr>
		</text-display>
		<text-format>%s</text-format>
		<tooltip>
			<![CDATA[Do not use
       $
characters
]]>
		</tooltip>
		<hidden-input>true</hidden-input>
		<rect>1080,440,1446,490</rect>
	</element>
	<element type="button">
		<frame-type>anisotropic</frame-type>
		<elem-id>11</elem-id>
		<center>1533,525</center>
		<line-width>0</line-width>
		<has-frame-color>true</has-frame-color>
		<has-inside-color>true</has-inside-color>
		<frame-color>0,0,0</frame-color>
		<frame-color-alarm>0,0,0</frame-color-alarm>
		<fill-color>200,200,200</fill-color>
		<fill-color-alarm>220,220,220</fill-color-alarm>
		<expr-text-color>
			<expr>
				<var>.gwColorTEXTButton</var>
			</expr>
		</expr-text-color>
		<text-align-horz>center</text-align-horz>
		<text-align-vert>center</text-align-vert>
		<font-height>-27</font-height>
		<font-height-point-size>20</font-height-point-size>
		<font-weight>700</font-weight>
		<font-italic>false</font-italic>
		<font-underline>false</font-underline>
		<font-strike-out>false</font-strike-out>
		<font-char-set>0</font-char-set>
		<text-id>81</text-id>
		<font-name><![CDATA[Arial Unicode MS]]></font-name>
		<font-color>0,0,0</font-color>
		<enable-text-input>false</enable-text-input>
		<input-action-list>
			<expr-assign>
				<lvalue>
					<expr>
						<var>gaxDO_PW_Change[2]</var>
					</expr>
				</lvalue>
				<rvalue>
					<expr>
						<const>TRUE</const>
					</expr>
				</rvalue>
			</expr-assign>
		</input-action-list>
		<expr-invisible>
			<expr>
				<var>gaxDO_PW_Change[2]</var>
				<const>TRUE</const>
				<op>=(2)</op>
			</expr>
		</expr-invisible>
		<text-display>
			<expr>
				<const>1</const>
			</expr>
		</text-display>
		<text-format><![CDATA[%|<|CHANGE01|>|]]></text-format>
		<hidden-input>false</hidden-input>
		<rect>1455,500,1611,551</rect>
	</element>
	<element type="simple">
		<simple-shape>rectangle</simple-shape>
		<elem-id>12</elem-id>
		<center>513,525</center>
		<line-width>0</line-width>
		<has-frame-color>true</has-frame-color>
		<has-inside-color>true</has-inside-color>
		<frame-color>192,192,192</frame-color>
		<frame-color-alarm>0,0,0</frame-color-alarm>
		<fill-color>0,128,192</fill-color>
		<fill-color-alarm>255,255,255</fill-color-alarm>
		<expr-text-color>
			<expr>
				<var>.gwColorEditTEXT</var>
			</expr>
		</expr-text-color>
		<expr-fill-color>
			<expr>
				<var>.gwColorEditBG</var>
			</expr>
		</expr-fill-color>
		<expr-frame-color>
			<expr>
				<var>.gwdColorRAHMEN</var>
			</expr>
		</expr-frame-color>
		<text-align-horz>center</text-align-horz>
		<text-align-vert>center</text-align-vert>
		<font-height>-37</font-height>
		<font-height-point-size>28</font-height-point-size>
		<font-weight>700</font-weight>
		<font-italic>false</font-italic>
		<font-underline>false</font-underline>
		<font-strike-out>false</font-strike-out>
		<font-char-set>0</font-char-set>
		<text-id>83</text-id>
		<font-name><![CDATA[Arial Unicode MS]]></font-name>
		<font-color>0,0,0</font-color>
		<enable-text-input>true</enable-text-input>
		<text-input-type>2</text-input-type>
		<text-display>
			<expr>
				<var>gastrPW_ChangeOLD[2]</var>
			</expr>
		</text-display>
		<text-format>%s</text-format>
		<tooltip>
			<![CDATA[Do not use
       $
characters
]]>
		</tooltip>
		<hidden-input>true</hidden-input>
		<rect>330,500,696,550</rect>
	</element>
	<element type="simple">
		<simple-shape>rectangle</simple-shape>
		<elem-id>13</elem-id>
		<center>888,525</center>
		<line-width>0</line-width>
		<has-frame-color>true</has-frame-color>
		<has-inside-color>true</has-inside-color>
		<frame-color>192,192,192</frame-color>
		<frame-color-alarm>0,0,0</frame-color-alarm>
		<fill-color>0,128,192</fill-color>
		<fill-color-alarm>255,255,255</fill-color-alarm>
		<expr-text-color>
			<expr>
				<var>.gwColorEditTEXT</var>
			</expr>
		</expr-text-color>
		<expr-fill-color>
			<expr>
				<var>.gwColorEditBG</var>
			</expr>
		</expr-fill-color>
		<expr-frame-color>
			<expr>
				<var>.gwdColorRAHMEN</var>
			</expr>
		</expr-frame-color>
		<text-align-horz>center</text-align-horz>
		<text-align-vert>center</text-align-vert>
		<font-height>-37</font-height>
		<font-height-point-size>28</font-height-point-size>
		<font-weight>700</font-weight>
		<font-italic>false</font-italic>
		<font-underline>false</font-underline>
		<font-strike-out>false</font-strike-out>
		<font-char-set>0</font-char-set>
		<text-id>84</text-id>
		<font-name><![CDATA[Arial Unicode MS]]></font-name>
		<font-color>0,0,0</font-color>
		<enable-text-input>true</enable-text-input>
		<text-input-type>2</text-input-type>
		<text-display>
			<expr>
				<var>gastrPW_ChangeNEW_A[2]</var>
			</expr>
		</text-display>
		<text-format>%s</text-format>
		<tooltip>
			<![CDATA[Do not use
       $
characters
]]>
		</tooltip>
		<hidden-input>true</hidden-input>
		<rect>705,500,1071,550</rect>
	</element>
	<element type="simple">
		<simple-shape>rectangle</simple-shape>
		<elem-id>14</elem-id>
		<center>1263,525</center>
		<line-width>0</line-width>
		<has-frame-color>true</has-frame-color>
		<has-inside-color>true</has-inside-color>
		<frame-color>192,192,192</frame-color>
		<frame-color-alarm>0,0,0</frame-color-alarm>
		<fill-color>0,128,192</fill-color>
		<fill-color-alarm>255,255,255</fill-color-alarm>
		<expr-text-color>
			<expr>
				<var>.gwColorEditTEXT</var>
			</expr>
		</expr-text-color>
		<expr-fill-color>
			<expr>
				<var>.gwColorEditBG</var>
			</expr>
		</expr-fill-color>
		<expr-frame-color>
			<expr>
				<var>.gwdColorRAHMEN</var>
			</expr>
		</expr-frame-color>
		<text-align-horz>center</text-align-horz>
		<text-align-vert>center</text-align-vert>
		<font-height>-37</font-height>
		<font-height-point-size>28</font-height-point-size>
		<font-weight>700</font-weight>
		<font-italic>false</font-italic>
		<font-underline>false</font-underline>
		<font-strike-out>false</font-strike-out>
		<font-char-set>0</font-char-set>
		<text-id>85</text-id>
		<font-name><![CDATA[Arial Unicode MS]]></font-name>
		<font-color>0,0,0</font-color>
		<enable-text-input>true</enable-text-input>
		<text-input-type>2</text-input-type>
		<text-display>
			<expr>
				<var>gastrPW_ChangeNEW_B[2]</var>
			</expr>
		</text-display>
		<text-format>%s</text-format>
		<tooltip>
			<![CDATA[Do not use
       $
characters
]]>
		</tooltip>
		<hidden-input>true</hidden-input>
		<rect>1080,500,1446,550</rect>
	</element>
	<element type="button">
		<frame-type>anisotropic</frame-type>
		<elem-id>15</elem-id>
		<center>1533,585</center>
		<line-width>0</line-width>
		<has-frame-color>true</has-frame-color>
		<has-inside-color>true</has-inside-color>
		<frame-color>0,0,0</frame-color>
		<frame-color-alarm>0,0,0</frame-color-alarm>
		<fill-color>200,200,200</fill-color>
		<fill-color-alarm>220,220,220</fill-color-alarm>
		<expr-text-color>
			<expr>
				<var>.gwColorTEXTButton</var>
			</expr>
		</expr-text-color>
		<text-align-horz>center</text-align-horz>
		<text-align-vert>center</text-align-vert>
		<font-height>-27</font-height>
		<font-height-point-size>20</font-height-point-size>
		<font-weight>700</font-weight>
		<font-italic>false</font-italic>
		<font-underline>false</font-underline>
		<font-strike-out>false</font-strike-out>
		<font-char-set>0</font-char-set>
		<text-id>86</text-id>
		<font-name><![CDATA[Arial Unicode MS]]></font-name>
		<font-color>0,0,0</font-color>
		<enable-text-input>false</enable-text-input>
		<input-action-list>
			<expr-assign>
				<lvalue>
					<expr>
						<var>gaxDO_PW_Change[3]</var>
					</expr>
				</lvalue>
				<rvalue>
					<expr>
						<const>TRUE</const>
					</expr>
				</rvalue>
			</expr-assign>
		</input-action-list>
		<expr-invisible>
			<expr>
				<var>gaxDO_PW_Change[3]</var>
				<const>TRUE</const>
				<op>=(2)</op>
			</expr>
		</expr-invisible>
		<text-display>
			<expr>
				<const>1</const>
			</expr>
		</text-display>
		<text-format><![CDATA[%|<|CHANGE01|>|]]></text-format>
		<hidden-input>false</hidden-input>
		<rect>1455,560,1611,611</rect>
	</element>
	<element type="simple">
		<simple-shape>rectangle</simple-shape>
		<elem-id>16</elem-id>
		<center>513,585</center>
		<line-width>0</line-width>
		<has-frame-color>true</has-frame-color>
		<has-inside-color>true</has-inside-color>
		<frame-color>192,192,192</frame-color>
		<frame-color-alarm>0,0,0</frame-color-alarm>
		<fill-color>0,128,192</fill-color>
		<fill-color-alarm>255,255,255</fill-color-alarm>
		<expr-text-color>
			<expr>
				<var>.gwColorEditTEXT</var>
			</expr>
		</expr-text-color>
		<expr-fill-color>
			<expr>
				<var>.gwColorEditBG</var>
			</expr>
		</expr-fill-color>
		<expr-frame-color>
			<expr>
				<var>.gwdColorRAHMEN</var>
			</expr>
		</expr-frame-color>
		<text-align-horz>center</text-align-horz>
		<text-align-vert>center</text-align-vert>
		<font-height>-37</font-height>
		<font-height-point-size>28</font-height-point-size>
		<font-weight>700</font-weight>
		<font-italic>false</font-italic>
		<font-underline>false</font-underline>
		<font-strike-out>false</font-strike-out>
		<font-char-set>0</font-char-set>
		<text-id>88</text-id>
		<font-name><![CDATA[Arial Unicode MS]]></font-name>
		<font-color>0,0,0</font-color>
		<enable-text-input>true</enable-text-input>
		<text-input-type>2</text-input-type>
		<text-display>
			<expr>
				<var>gastrPW_ChangeOLD[3]</var>
			</expr>
		</text-display>
		<text-format>%s</text-format>
		<tooltip>
			<![CDATA[Do not use
       $
characters
]]>
		</tooltip>
		<hidden-input>true</hidden-input>
		<rect>330,560,696,610</rect>
	</element>
	<element type="simple">
		<simple-shape>rectangle</simple-shape>
		<elem-id>17</elem-id>
		<center>888,585</center>
		<line-width>0</line-width>
		<has-frame-color>true</has-frame-color>
		<has-inside-color>true</has-inside-color>
		<frame-color>192,192,192</frame-color>
		<frame-color-alarm>0,0,0</frame-color-alarm>
		<fill-color>0,128,192</fill-color>
		<fill-color-alarm>255,255,255</fill-color-alarm>
		<expr-text-color>
			<expr>
				<var>.gwColorEditTEXT</var>
			</expr>
		</expr-text-color>
		<expr-fill-color>
			<expr>
				<var>.gwColorEditBG</var>
			</expr>
		</expr-fill-color>
		<expr-frame-color>
			<expr>
				<var>.gwdColorRAHMEN</var>
			</expr>
		</expr-frame-color>
		<text-align-horz>center</text-align-horz>
		<text-align-vert>center</text-align-vert>
		<font-height>-37</font-height>
		<font-height-point-size>28</font-height-point-size>
		<font-weight>700</font-weight>
		<font-italic>false</font-italic>
		<font-underline>false</font-underline>
		<font-strike-out>false</font-strike-out>
		<font-char-set>0</font-char-set>
		<text-id>89</text-id>
		<font-name><![CDATA[Arial Unicode MS]]></font-name>
		<font-color>0,0,0</font-color>
		<enable-text-input>true</enable-text-input>
		<text-input-type>2</text-input-type>
		<text-display>
			<expr>
				<var>gastrPW_ChangeNEW_A[3]</var>
			</expr>
		</text-display>
		<text-format>%s</text-format>
		<tooltip>
			<![CDATA[Do not use
       $
characters
]]>
		</tooltip>
		<hidden-input>true</hidden-input>
		<rect>705,560,1071,610</rect>
	</element>
	<element type="simple">
		<simple-shape>rectangle</simple-shape>
		<elem-id>18</elem-id>
		<center>1263,585</center>
		<line-width>0</line-width>
		<has-frame-color>true</has-frame-color>
		<has-inside-color>true</has-inside-color>
		<frame-color>192,192,192</frame-color>
		<frame-color-alarm>0,0,0</frame-color-alarm>
		<fill-color>0,128,192</fill-color>
		<fill-color-alarm>255,255,255</fill-color-alarm>
		<expr-text-color>
			<expr>
				<var>.gwColorEditTEXT</var>
			</expr>
		</expr-text-color>
		<expr-fill-color>
			<expr>
				<var>.gwColorEditBG</var>
			</expr>
		</expr-fill-color>
		<expr-frame-color>
			<expr>
				<var>.gwdColorRAHMEN</var>
			</expr>
		</expr-frame-color>
		<text-align-horz>center</text-align-horz>
		<text-align-vert>center</text-align-vert>
		<font-height>-37</font-height>
		<font-height-point-size>28</font-height-point-size>
		<font-weight>700</font-weight>
		<font-italic>false</font-italic>
		<font-underline>false</font-underline>
		<font-strike-out>false</font-strike-out>
		<font-char-set>0</font-char-set>
		<text-id>90</text-id>
		<font-name><![CDATA[Arial Unicode MS]]></font-name>
		<font-color>0,0,0</font-color>
		<enable-text-input>true</enable-text-input>
		<text-input-type>2</text-input-type>
		<text-display>
			<expr>
				<var>gastrPW_ChangeNEW_B[3]</var>
			</expr>
		</text-display>
		<text-format>%s</text-format>
		<tooltip>
			<![CDATA[Do not use
       $
characters
]]>
		</tooltip>
		<hidden-input>true</hidden-input>
		<rect>1080,560,1446,610</rect>
	</element>
	<element type="simple">
		<simple-shape>rectangle</simple-shape>
		<elem-id>19</elem-id>
		<center>868,332</center>
		<line-width>0</line-width>
		<has-frame-color>true</has-frame-color>
		<has-inside-color>false</has-inside-color>
		<frame-color>192,192,192</frame-color>
		<frame-color-alarm>0,0,0</frame-color-alarm>
		<fill-color>255,255,255</fill-color>
		<fill-color-alarm>255,255,255</fill-color-alarm>
		<expr-text-color>
			<expr>
				<var>.gwColorANZEIGETEXT</var>
			</expr>
		</expr-text-color>
		<expr-frame-color>
			<expr>
				<var>.gwdColorRAHMEN</var>
			</expr>
		</expr-frame-color>
		<text-align-horz>center</text-align-horz>
		<text-align-vert>center</text-align-vert>
		<font-height>-32</font-height>
		<font-height-point-size>24</font-height-point-size>
		<font-weight>700</font-weight>
		<font-italic>false</font-italic>
		<font-underline>false</font-underline>
		<font-strike-out>false</font-strike-out>
		<font-char-set>0</font-char-set>
		<text-id>95</text-id>
		<font-name><![CDATA[Arial Unicode MS]]></font-name>
		<font-color>0,0,0</font-color>
		<enable-text-input>false</enable-text-input>
		<text-display>
			<expr>
				<const>1</const>
			</expr>
		</text-display>
		<text-format><![CDATA[%|<|PASSW02|>|]]></text-format>
		<hidden-input>false</hidden-input>
		<rect>120,295,1616,370</rect>
	</element>
	<element type="button">
		<frame-type>anisotropic</frame-type>
		<elem-id>20</elem-id>
		<center>775,228</center>
		<line-width>0</line-width>
		<has-frame-color>true</has-frame-color>
		<has-inside-color>true</has-inside-color>
		<frame-color>0,0,0</frame-color>
		<frame-color-alarm>0,0,0</frame-color-alarm>
		<fill-color>200,200,200</fill-color>
		<fill-color-alarm>220,220,220</fill-color-alarm>
		<expr-text-color>
			<expr>
				<var>.gwColorTEXTButton</var>
			</expr>
		</expr-text-color>
		<text-align-horz>center</text-align-horz>
		<text-align-vert>center</text-align-vert>
		<font-height>-27</font-height>
		<font-height-point-size>20</font-height-point-size>
		<font-weight>700</font-weight>
		<font-italic>false</font-italic>
		<font-underline>false</font-underline>
		<font-strike-out>false</font-strike-out>
		<font-char-set>0</font-char-set>
		<text-id>96</text-id>
		<font-name><![CDATA[Arial Unicode MS]]></font-name>
		<font-color>0,0,0</font-color>
		<enable-text-input>false</enable-text-input>
		<input-action-list>
			<execute><![CDATA[INTERN CHANGEUSERLEVEL]]></execute>
		</input-action-list>
		<text-display>
			<expr>
				<var>.CurrentUserLevel</var>
			</expr>
		</text-display>
		<text-format><![CDATA[User| |Level| |%s]]></text-format>
		<hidden-input>false</hidden-input>
		<rect>610,205,941,251</rect>
	</element>
	<element type="button">
		<frame-type>anisotropic</frame-type>
		<elem-id>21</elem-id>
		<center>1028,228</center>
		<line-width>0</line-width>
		<has-frame-color>true</has-frame-color>
		<has-inside-color>true</has-inside-color>
		<frame-color>0,0,0</frame-color>
		<frame-color-alarm>0,0,0</frame-color-alarm>
		<fill-color>200,200,200</fill-color>
		<fill-color-alarm>220,220,220</fill-color-alarm>
		<expr-text-color>
			<expr>
				<var>.gwColorTEXTButton</var>
			</expr>
		</expr-text-color>
		<text-align-horz>center</text-align-horz>
		<text-align-vert>center</text-align-vert>
		<font-height>-27</font-height>
		<font-height-point-size>20</font-height-point-size>
		<font-weight>700</font-weight>
		<font-italic>false</font-italic>
		<font-underline>false</font-underline>
		<font-strike-out>false</font-strike-out>
		<font-char-set>0</font-char-set>
		<text-id>97</text-id>
		<font-name><![CDATA[Arial Unicode MS]]></font-name>
		<font-color>0,0,0</font-color>
		<enable-text-input>false</enable-text-input>
		<input-action-list>
			<expr-assign>
				<lvalue>
					<expr>
						<var>.gxLogOut</var>
					</expr>
				</lvalue>
				<rvalue>
					<expr>
						<const>TRUE</const>
					</expr>
				</rvalue>
			</expr-assign>
		</input-action-list>
		<text-format><![CDATA[log| |out]]></text-format>
		<hidden-input>false</hidden-input>
		<rect>960,205,1096,251</rect>
	</element>
	<element type="simple">
		<simple-shape>rectangle</simple-shape>
		<elem-id>22</elem-id>
		<center>53,1175</center>
		<line-width>0</line-width>
		<has-frame-color>false</has-frame-color>
		<has-inside-color>false</has-inside-color>
		<frame-color>0,0,0</frame-color>
		<frame-color-alarm>0,0,0</frame-color-alarm>
		<fill-color>255,255,0</fill-color>
		<fill-color-alarm>255,255,255</fill-color-alarm>
		<enable-text-input>false</enable-text-input>
		<input-action-list>
			<execute><![CDATA[INTERN CHANGEPASSWORD]]></execute>
		</input-action-list>
		<hidden-input>false</hidden-input>
		<rect>5,1145,101,1206</rect>
	</element>
	<element type="simple">
		<simple-shape>rectangle</simple-shape>
		<elem-id>23</elem-id>
		<center>728,788</center>
		<line-width>0</line-width>
		<has-frame-color>true</has-frame-color>
		<has-inside-color>true</has-inside-color>
		<frame-color>0,0,0</frame-color>
		<frame-color-alarm>0,0,0</frame-color-alarm>
		<fill-color>192,192,192</fill-color>
		<fill-color-alarm>255,255,255</fill-color-alarm>
		<text-align-horz>center</text-align-horz>
		<text-align-vert>center</text-align-vert>
		<font-height>-35</font-height>
		<font-height-point-size>26</font-height-point-size>
		<font-weight>700</font-weight>
		<font-italic>false</font-italic>
		<font-underline>false</font-underline>
		<font-strike-out>false</font-strike-out>
		<font-char-set>0</font-char-set>
		<text-id>99</text-id>
		<font-name><![CDATA[Arial Unicode MS]]></font-name>
		<font-color>0,0,0</font-color>
		<enable-text-input>false</enable-text-input>
		<expr-invisible>
			<expr>
				<var>.gxOLD_PW_ERROR</var>
				<const>FALSE</const>
				<op>=(2)</op>
			</expr>
		</expr-invisible>
		<text-display>
			<expr>
				<const>1</const>
			</expr>
		</text-display>
		<text-format><![CDATA[%|<|PASSW06|>|]]></text-format>
		<hidden-input>false</hidden-input>
		<rect>520,645,936,931</rect>
	</element>
	<element type="simple">
		<simple-shape>rectangle</simple-shape>
		<elem-id>24</elem-id>
		<center>908,673</center>
		<line-width>0</line-width>
		<has-frame-color>true</has-frame-color>
		<has-inside-color>true</has-inside-color>
		<frame-color>0,0,0</frame-color>
		<frame-color-alarm>0,0,0</frame-color-alarm>
		<fill-color>192,192,192</fill-color>
		<fill-color-alarm>255,255,255</fill-color-alarm>
		<text-align-horz>center</text-align-horz>
		<text-align-vert>center</text-align-vert>
		<font-height>-35</font-height>
		<font-height-point-size>26</font-height-point-size>
		<font-weight>700</font-weight>
		<font-italic>false</font-italic>
		<font-underline>false</font-underline>
		<font-strike-out>false</font-strike-out>
		<font-char-set>0</font-char-set>
		<text-id>100</text-id>
		<font-name><![CDATA[Arial Unicode MS]]></font-name>
		<font-color>0,0,0</font-color>
		<enable-text-input>false</enable-text-input>
		<input-action-list>
			<expr-assign>
				<lvalue>
					<expr>
						<var>.gxOLD_PW_ERROR</var>
					</expr>
				</lvalue>
				<rvalue>
					<expr>
						<const>FALSE</const>
					</expr>
				</rvalue>
			</expr-assign>
		</input-action-list>
		<expr-invisible>
			<expr>
				<var>.gxOLD_PW_ERROR</var>
				<const>FALSE</const>
				<op>=(2)</op>
			</expr>
		</expr-invisible>
		<text-format>X</text-format>
		<hidden-input>false</hidden-input>
		<rect>880,645,936,701</rect>
	</element>
	<element type="simple">
		<simple-shape>rectangle</simple-shape>
		<elem-id>25</elem-id>
		<center>1245,788</center>
		<line-width>0</line-width>
		<has-frame-color>true</has-frame-color>
		<has-inside-color>true</has-inside-color>
		<frame-color>0,0,0</frame-color>
		<frame-color-alarm>0,0,0</frame-color-alarm>
		<fill-color>192,192,192</fill-color>
		<fill-color-alarm>255,255,255</fill-color-alarm>
		<text-align-horz>center</text-align-horz>
		<text-align-vert>center</text-align-vert>
		<font-height>-35</font-height>
		<font-height-point-size>26</font-height-point-size>
		<font-weight>700</font-weight>
		<font-italic>false</font-italic>
		<font-underline>false</font-underline>
		<font-strike-out>false</font-strike-out>
		<font-char-set>0</font-char-set>
		<text-id>104</text-id>
		<font-name><![CDATA[Arial Unicode MS]]></font-name>
		<font-color>0,0,0</font-color>
		<enable-text-input>false</enable-text-input>
		<expr-invisible>
			<expr>
				<var>.gxNEW_PW_ERROR</var>
				<const>FALSE</const>
				<op>=(2)</op>
			</expr>
		</expr-invisible>
		<text-display>
			<expr>
				<const>1</const>
			</expr>
		</text-display>
		<text-format><![CDATA[%|<|PASSW07|>|]]></text-format>
		<hidden-input>false</hidden-input>
		<rect>985,645,1506,931</rect>
	</element>
	<element type="simple">
		<simple-shape>rectangle</simple-shape>
		<elem-id>26</elem-id>
		<center>1478,673</center>
		<line-width>0</line-width>
		<has-frame-color>true</has-frame-color>
		<has-inside-color>true</has-inside-color>
		<frame-color>0,0,0</frame-color>
		<frame-color-alarm>0,0,0</frame-color-alarm>
		<fill-color>192,192,192</fill-color>
		<fill-color-alarm>255,255,255</fill-color-alarm>
		<text-align-horz>center</text-align-horz>
		<text-align-vert>center</text-align-vert>
		<font-height>-35</font-height>
		<font-height-point-size>26</font-height-point-size>
		<font-weight>700</font-weight>
		<font-italic>false</font-italic>
		<font-underline>false</font-underline>
		<font-strike-out>false</font-strike-out>
		<font-char-set>0</font-char-set>
		<text-id>105</text-id>
		<font-name><![CDATA[Arial Unicode MS]]></font-name>
		<font-color>0,0,0</font-color>
		<enable-text-input>false</enable-text-input>
		<input-action-list>
			<expr-assign>
				<lvalue>
					<expr>
						<var>.gxNEW_PW_ERROR</var>
					</expr>
				</lvalue>
				<rvalue>
					<expr>
						<const>FALSE</const>
					</expr>
				</rvalue>
			</expr-assign>
		</input-action-list>
		<expr-invisible>
			<expr>
				<var>.gxNEW_PW_ERROR</var>
				<const>FALSE</const>
				<op>=(2)</op>
			</expr>
		</expr-invisible>
		<text-format>X</text-format>
		<hidden-input>false</hidden-input>
		<rect>1450,645,1506,701</rect>
	</element>
	<element type="simple">
		<simple-shape>rectangle</simple-shape>
		<elem-id>27</elem-id>
		<center>220,405</center>
		<line-width>0</line-width>
		<has-frame-color>true</has-frame-color>
		<has-inside-color>false</has-inside-color>
		<frame-color>192,192,192</frame-color>
		<frame-color-alarm>0,0,0</frame-color-alarm>
		<fill-color>255,255,255</fill-color>
		<fill-color-alarm>255,255,255</fill-color-alarm>
		<expr-text-color>
			<expr>
				<var>.gwColorANZEIGETEXT</var>
			</expr>
		</expr-text-color>
		<expr-frame-color>
			<expr>
				<var>.gwdColorRAHMEN</var>
			</expr>
		</expr-frame-color>
		<text-align-horz>center</text-align-horz>
		<text-align-vert>center</text-align-vert>
		<font-height>-27</font-height>
		<font-height-point-size>20</font-height-point-size>
		<font-weight>700</font-weight>
		<font-italic>false</font-italic>
		<font-underline>false</font-underline>
		<font-strike-out>false</font-strike-out>
		<font-char-set>0</font-char-set>
		<text-id>106</text-id>
		<font-name><![CDATA[Arial Unicode MS]]></font-name>
		<font-color>0,0,0</font-color>
		<enable-text-input>false</enable-text-input>
		<text-format>UserLevel</text-format>
		<hidden-input>false</hidden-input>
		<rect>120,380,321,430</rect>
	</element>
	<element type="simple">
		<simple-shape>rectangle</simple-shape>
		<elem-id>28</elem-id>
		<center>220,465</center>
		<line-width>0</line-width>
		<has-frame-color>true</has-frame-color>
		<has-inside-color>false</has-inside-color>
		<frame-color>192,192,192</frame-color>
		<frame-color-alarm>0,0,0</frame-color-alarm>
		<fill-color>255,255,255</fill-color>
		<fill-color-alarm>255,255,255</fill-color-alarm>
		<expr-text-color>
			<expr>
				<var>.gwColorANZEIGETEXT</var>
			</expr>
		</expr-text-color>
		<expr-frame-color>
			<expr>
				<var>.gwdColorRAHMEN</var>
			</expr>
		</expr-frame-color>
		<text-align-horz>center</text-align-horz>
		<text-align-vert>center</text-align-vert>
		<font-height>-27</font-height>
		<font-height-point-size>20</font-height-point-size>
		<font-weight>700</font-weight>
		<font-italic>false</font-italic>
		<font-underline>false</font-underline>
		<font-strike-out>false</font-strike-out>
		<font-char-set>0</font-char-set>
		<text-id>107</text-id>
		<font-name><![CDATA[Arial Unicode MS]]></font-name>
		<font-color>0,0,0</font-color>
		<enable-text-input>false</enable-text-input>
		<text-format>1</text-format>
		<hidden-input>false</hidden-input>
		<rect>120,440,321,490</rect>
	</element>
	<element type="simple">
		<simple-shape>rectangle</simple-shape>
		<elem-id>29</elem-id>
		<center>220,525</center>
		<line-width>0</line-width>
		<has-frame-color>true</has-frame-color>
		<has-inside-color>false</has-inside-color>
		<frame-color>192,192,192</frame-color>
		<frame-color-alarm>0,0,0</frame-color-alarm>
		<fill-color>255,255,255</fill-color>
		<fill-color-alarm>255,255,255</fill-color-alarm>
		<expr-text-color>
			<expr>
				<var>.gwColorANZEIGETEXT</var>
			</expr>
		</expr-text-color>
		<expr-frame-color>
			<expr>
				<var>.gwdColorRAHMEN</var>
			</expr>
		</expr-frame-color>
		<text-align-horz>center</text-align-horz>
		<text-align-vert>center</text-align-vert>
		<font-height>-27</font-height>
		<font-height-point-size>20</font-height-point-size>
		<font-weight>700</font-weight>
		<font-italic>false</font-italic>
		<font-underline>false</font-underline>
		<font-strike-out>false</font-strike-out>
		<font-char-set>0</font-char-set>
		<text-id>108</text-id>
		<font-name><![CDATA[Arial Unicode MS]]></font-name>
		<font-color>0,0,0</font-color>
		<enable-text-input>false</enable-text-input>
		<text-format>2</text-format>
		<hidden-input>false</hidden-input>
		<rect>120,500,321,550</rect>
	</element>
	<element type="simple">
		<simple-shape>rectangle</simple-shape>
		<elem-id>30</elem-id>
		<center>220,585</center>
		<line-width>0</line-width>
		<has-frame-color>true</has-frame-color>
		<has-inside-color>false</has-inside-color>
		<frame-color>192,192,192</frame-color>
		<frame-color-alarm>0,0,0</frame-color-alarm>
		<fill-color>255,255,255</fill-color>
		<fill-color-alarm>255,255,255</fill-color-alarm>
		<expr-text-color>
			<expr>
				<var>.gwColorANZEIGETEXT</var>
			</expr>
		</expr-text-color>
		<expr-frame-color>
			<expr>
				<var>.gwdColorRAHMEN</var>
			</expr>
		</expr-frame-color>
		<text-align-horz>center</text-align-horz>
		<text-align-vert>center</text-align-vert>
		<font-height>-27</font-height>
		<font-height-point-size>20</font-height-point-size>
		<font-weight>700</font-weight>
		<font-italic>false</font-italic>
		<font-underline>false</font-underline>
		<font-strike-out>false</font-strike-out>
		<font-char-set>0</font-char-set>
		<text-id>109</text-id>
		<font-name><![CDATA[Arial Unicode MS]]></font-name>
		<font-color>0,0,0</font-color>
		<enable-text-input>false</enable-text-input>
		<text-format>3</text-format>
		<hidden-input>false</hidden-input>
		<rect>120,560,321,610</rect>
	</element>
	<element type="simple">
		<simple-shape>circle</simple-shape>
		<elem-id>31</elem-id>
		<center>1610,115</center>
		<line-width>0</line-width>
		<has-frame-color>true</has-frame-color>
		<has-inside-color>true</has-inside-color>
		<frame-color>0,0,0</frame-color>
		<frame-color-alarm>0,0,0</frame-color-alarm>
		<fill-color>255,0,0</fill-color>
		<fill-color-alarm>255,255,255</fill-color-alarm>
		<enable-text-input>false</enable-text-input>
		<expr-invisible>
			<expr>
				<var>.giERR_PA_ACT_LOAD</var>
				<const>0</const>
				<op>=(2)</op>
			</expr>
		</expr-invisible>
		<hidden-input>false</hidden-input>
		<rect>1585,90,1636,141</rect>
	</element>
	<element type="simple">
		<simple-shape>circle</simple-shape>
		<elem-id>32</elem-id>
		<center>1533,405</center>
		<line-width>0</line-width>
		<has-frame-color>true</has-frame-color>
		<has-inside-color>true</has-inside-color>
		<frame-color>0,0,0</frame-color>
		<frame-color-alarm>0,0,0</frame-color-alarm>
		<fill-color>255,0,0</fill-color>
		<fill-color-alarm>255,255,255</fill-color-alarm>
		<enable-text-input>false</enable-text-input>
		<expr-invisible>
			<expr>
				<var>.giERR_PA_ACT_SAVE</var>
				<const>0</const>
				<op>=(2)</op>
			</expr>
		</expr-invisible>
		<hidden-input>false</hidden-input>
		<rect>1508,380,1559,431</rect>
	</element>
	<element type="simple">
		<simple-shape>rectangle</simple-shape>
		<elem-id>33</elem-id>
		<center>303,730</center>
		<line-width>0</line-width>
		<has-frame-color>true</has-frame-color>
		<has-inside-color>false</has-inside-color>
		<frame-color>192,192,192</frame-color>
		<frame-color-alarm>0,0,0</frame-color-alarm>
		<fill-color>255,255,255</fill-color>
		<fill-color-alarm>255,255,255</fill-color-alarm>
		<expr-text-color>
			<expr>
				<var>.gwColorANZEIGETEXT</var>
			</expr>
		</expr-text-color>
		<expr-frame-color>
			<expr>
				<var>.gwdColorRAHMEN</var>
			</expr>
		</expr-frame-color>
		<text-align-horz>center</text-align-horz>
		<text-align-vert>center</text-align-vert>
		<font-height>-27</font-height>
		<font-height-point-size>20</font-height-point-size>
		<font-weight>700</font-weight>
		<font-italic>false</font-italic>
		<font-underline>false</font-underline>
		<font-strike-out>false</font-strike-out>
		<font-char-set>0</font-char-set>
		<text-id>114</text-id>
		<font-name><![CDATA[Arial Unicode MS]]></font-name>
		<font-color>0,0,0</font-color>
		<enable-text-input>false</enable-text-input>
		<expr-invisible>
			<expr>
				<var>.CurrentUserLevel</var>
				<const>7</const>
				<op><![CDATA[<(2)]]></op>
			</expr>
		</expr-invisible>
		<text-display>
			<expr>
				<var>gastrPasswords_Memory[1]</var>
			</expr>
		</text-display>
		<text-format>%s</text-format>
		<hidden-input>false</hidden-input>
		<rect>120,705,486,755</rect>
	</element>
	<element type="simple">
		<simple-shape>rectangle</simple-shape>
		<elem-id>34</elem-id>
		<center>303,790</center>
		<line-width>0</line-width>
		<has-frame-color>true</has-frame-color>
		<has-inside-color>false</has-inside-color>
		<frame-color>192,192,192</frame-color>
		<frame-color-alarm>0,0,0</frame-color-alarm>
		<fill-color>255,255,255</fill-color>
		<fill-color-alarm>255,255,255</fill-color-alarm>
		<expr-text-color>
			<expr>
				<var>.gwColorANZEIGETEXT</var>
			</expr>
		</expr-text-color>
		<expr-frame-color>
			<expr>
				<var>.gwdColorRAHMEN</var>
			</expr>
		</expr-frame-color>
		<text-align-horz>center</text-align-horz>
		<text-align-vert>center</text-align-vert>
		<font-height>-27</font-height>
		<font-height-point-size>20</font-height-point-size>
		<font-weight>700</font-weight>
		<font-italic>false</font-italic>
		<font-underline>false</font-underline>
		<font-strike-out>false</font-strike-out>
		<font-char-set>0</font-char-set>
		<text-id>117</text-id>
		<font-name><![CDATA[Arial Unicode MS]]></font-name>
		<font-color>0,0,0</font-color>
		<enable-text-input>false</enable-text-input>
		<expr-invisible>
			<expr>
				<var>.CurrentUserLevel</var>
				<const>7</const>
				<op><![CDATA[<(2)]]></op>
			</expr>
		</expr-invisible>
		<text-display>
			<expr>
				<var>gastrPasswords_Memory[2]</var>
			</expr>
		</text-display>
		<text-format>%s</text-format>
		<hidden-input>false</hidden-input>
		<rect>120,765,486,815</rect>
	</element>
	<element type="simple">
		<simple-shape>rectangle</simple-shape>
		<elem-id>35</elem-id>
		<center>303,850</center>
		<line-width>0</line-width>
		<has-frame-color>true</has-frame-color>
		<has-inside-color>false</has-inside-color>
		<frame-color>192,192,192</frame-color>
		<frame-color-alarm>0,0,0</frame-color-alarm>
		<fill-color>255,255,255</fill-color>
		<fill-color-alarm>255,255,255</fill-color-alarm>
		<expr-text-color>
			<expr>
				<var>.gwColorANZEIGETEXT</var>
			</expr>
		</expr-text-color>
		<expr-frame-color>
			<expr>
				<var>.gwdColorRAHMEN</var>
			</expr>
		</expr-frame-color>
		<text-align-horz>center</text-align-horz>
		<text-align-vert>center</text-align-vert>
		<font-height>-27</font-height>
		<font-height-point-size>20</font-height-point-size>
		<font-weight>700</font-weight>
		<font-italic>false</font-italic>
		<font-underline>false</font-underline>
		<font-strike-out>false</font-strike-out>
		<font-char-set>0</font-char-set>
		<text-id>118</text-id>
		<font-name><![CDATA[Arial Unicode MS]]></font-name>
		<font-color>0,0,0</font-color>
		<enable-text-input>false</enable-text-input>
		<expr-invisible>
			<expr>
				<var>.CurrentUserLevel</var>
				<const>7</const>
				<op><![CDATA[<(2)]]></op>
			</expr>
		</expr-invisible>
		<text-display>
			<expr>
				<var>gastrPasswords_Memory[3]</var>
			</expr>
		</text-display>
		<text-format>%s</text-format>
		<hidden-input>false</hidden-input>
		<rect>120,825,486,875</rect>
	</element>
	<element type="button">
		<frame-type>anisotropic</frame-type>
		<elem-id>36</elem-id>
		<center>303,910</center>
		<line-width>0</line-width>
		<has-frame-color>true</has-frame-color>
		<has-inside-color>true</has-inside-color>
		<frame-color>0,0,0</frame-color>
		<frame-color-alarm>0,0,0</frame-color-alarm>
		<fill-color>200,200,200</fill-color>
		<fill-color-alarm>220,220,220</fill-color-alarm>
		<expr-text-color>
			<expr>
				<var>.gwColorTEXTButton</var>
			</expr>
		</expr-text-color>
		<text-align-horz>center</text-align-horz>
		<text-align-vert>center</text-align-vert>
		<font-height>-27</font-height>
		<font-height-point-size>20</font-height-point-size>
		<font-weight>700</font-weight>
		<font-italic>false</font-italic>
		<font-underline>false</font-underline>
		<font-strike-out>false</font-strike-out>
		<font-char-set>0</font-char-set>
		<text-id>120</text-id>
		<font-name><![CDATA[Arial Unicode MS]]></font-name>
		<font-color>0,0,0</font-color>
		<enable-text-input>false</enable-text-input>
		<input-action-list>
			<expr-assign>
				<lvalue>
					<expr>
						<var>.gxMasterRESET</var>
					</expr>
				</lvalue>
				<rvalue>
					<expr>
						<const>TRUE</const>
					</expr>
				</rvalue>
			</expr-assign>
		</input-action-list>
		<expr-invisible>
			<expr>
				<var>.CurrentUserLevel</var>
				<const>7</const>
				<op><![CDATA[<(2)]]></op>
			</expr>
		</expr-invisible>
		<text-display>
			<expr>
				<const>1</const>
			</expr>
		</text-display>
		<text-format><![CDATA[RESET| |PASSWORD]]></text-format>
		<hidden-input>false</hidden-input>
		<rect>120,885,486,936</rect>
	</element>
	<element type="simple">
		<simple-shape>rectangle</simple-shape>
		<elem-id>37</elem-id>
		<center>303,670</center>
		<line-width>0</line-width>
		<has-frame-color>true</has-frame-color>
		<has-inside-color>false</has-inside-color>
		<frame-color>192,192,192</frame-color>
		<frame-color-alarm>0,0,0</frame-color-alarm>
		<fill-color>255,255,255</fill-color>
		<fill-color-alarm>255,255,255</fill-color-alarm>
		<expr-text-color>
			<expr>
				<var>.gwColorANZEIGETEXT</var>
			</expr>
		</expr-text-color>
		<expr-frame-color>
			<expr>
				<var>.gwdColorRAHMEN</var>
			</expr>
		</expr-frame-color>
		<text-align-horz>center</text-align-horz>
		<text-align-vert>center</text-align-vert>
		<font-height>-27</font-height>
		<font-height-point-size>20</font-height-point-size>
		<font-weight>700</font-weight>
		<font-italic>false</font-italic>
		<font-underline>false</font-underline>
		<font-strike-out>false</font-strike-out>
		<font-char-set>0</font-char-set>
		<text-id>121</text-id>
		<font-name><![CDATA[Arial Unicode MS]]></font-name>
		<font-color>0,0,0</font-color>
		<enable-text-input>false</enable-text-input>
		<expr-invisible>
			<expr>
				<var>.CurrentUserLevel</var>
				<const>7</const>
				<op><![CDATA[<(2)]]></op>
			</expr>
		</expr-invisible>
		<text-format>PASSWORD</text-format>
		<hidden-input>false</hidden-input>
		<rect>120,645,486,695</rect>
	</element>
	<element type="simple">
		<simple-shape>rectangle</simple-shape>
		<elem-id>38</elem-id>
		<center>430,1050</center>
		<line-width>0</line-width>
		<has-frame-color>true</has-frame-color>
		<has-inside-color>false</has-inside-color>
		<frame-color>192,192,192</frame-color>
		<frame-color-alarm>0,0,0</frame-color-alarm>
		<fill-color>255,255,255</fill-color>
		<fill-color-alarm>255,255,255</fill-color-alarm>
		<expr-text-color>
			<expr>
				<var>.gwColorANZEIGETEXT</var>
			</expr>
		</expr-text-color>
		<expr-frame-color>
			<expr>
				<var>.gwdColorRAHMEN</var>
			</expr>
		</expr-frame-color>
		<text-align-horz>center</text-align-horz>
		<text-align-vert>center</text-align-vert>
		<font-height>-27</font-height>
		<font-height-point-size>20</font-height-point-size>
		<font-weight>700</font-weight>
		<font-italic>false</font-italic>
		<font-underline>false</font-underline>
		<font-strike-out>false</font-strike-out>
		<font-char-set>0</font-char-set>
		<text-id>123</text-id>
		<font-name><![CDATA[Arial Unicode MS]]></font-name>
		<font-color>0,0,0</font-color>
		<enable-text-input>false</enable-text-input>
		<expr-invisible>
			<expr>
				<var>.CurrentUserLevel</var>
				<const>3</const>
				<op><![CDATA[<(2)]]></op>
			</expr>
		</expr-invisible>
		<text-display>
			<expr>
				<const>1</const>
			</expr>
		</text-display>
		<text-format><![CDATA[%|<|PIN01|>|]]></text-format>
		<hidden-input>false</hidden-input>
		<rect>120,1025,741,1075</rect>
	</element>
	<element type="simple">
		<simple-shape>rectangle</simple-shape>
		<elem-id>39</elem-id>
		<center>275,1100</center>
		<line-width>0</line-width>
		<has-frame-color>true</has-frame-color>
		<has-inside-color>false</has-inside-color>
		<frame-color>192,192,192</frame-color>
		<frame-color-alarm>0,0,0</frame-color-alarm>
		<fill-color>255,255,255</fill-color>
		<fill-color-alarm>255,255,255</fill-color-alarm>
		<expr-text-color>
			<expr>
				<var>.gwColorANZEIGETEXT</var>
			</expr>
		</expr-text-color>
		<expr-frame-color>
			<expr>
				<var>.gwdColorRAHMEN</var>
			</expr>
		</expr-frame-color>
		<text-align-horz>center</text-align-horz>
		<text-align-vert>center</text-align-vert>
		<font-height>-27</font-height>
		<font-height-point-size>20</font-height-point-size>
		<font-weight>700</font-weight>
		<font-italic>false</font-italic>
		<font-underline>false</font-underline>
		<font-strike-out>false</font-strike-out>
		<font-char-set>0</font-char-set>
		<text-id>124</text-id>
		<font-name><![CDATA[Arial Unicode MS]]></font-name>
		<font-color>0,0,0</font-color>
		<enable-text-input>false</enable-text-input>
		<expr-invisible>
			<expr>
				<var>.CurrentUserLevel</var>
				<const>3</const>
				<op><![CDATA[<(2)]]></op>
			</expr>
		</expr-invisible>
		<text-format><![CDATA[1:| |1234| |]]></text-format>
		<hidden-input>false</hidden-input>
		<rect>120,1075,431,1125</rect>
	</element>
	<element type="simple">
		<simple-shape>rectangle</simple-shape>
		<elem-id>40</elem-id>
		<center>585,1100</center>
		<line-width>0</line-width>
		<has-frame-color>true</has-frame-color>
		<has-inside-color>false</has-inside-color>
		<frame-color>192,192,192</frame-color>
		<frame-color-alarm>0,0,0</frame-color-alarm>
		<fill-color>255,255,255</fill-color>
		<fill-color-alarm>255,255,255</fill-color-alarm>
		<expr-text-color>
			<expr>
				<var>.gwColorANZEIGETEXT</var>
			</expr>
		</expr-text-color>
		<expr-frame-color>
			<expr>
				<var>.gwdColorRAHMEN</var>
			</expr>
		</expr-frame-color>
		<text-align-horz>center</text-align-horz>
		<text-align-vert>center</text-align-vert>
		<font-height>-27</font-height>
		<font-height-point-size>20</font-height-point-size>
		<font-weight>700</font-weight>
		<font-italic>false</font-italic>
		<font-underline>false</font-underline>
		<font-strike-out>false</font-strike-out>
		<font-char-set>0</font-char-set>
		<text-id>125</text-id>
		<font-name><![CDATA[Arial Unicode MS]]></font-name>
		<font-color>0,0,0</font-color>
		<enable-text-input>false</enable-text-input>
		<expr-invisible>
			<expr>
				<var>.CurrentUserLevel</var>
				<const>3</const>
				<op><![CDATA[<(2)]]></op>
			</expr>
		</expr-invisible>
		<text-format><![CDATA[2:| |0010]]></text-format>
		<hidden-input>false</hidden-input>
		<rect>430,1075,741,1125</rect>
	</element>
	<element type="simple">
		<simple-shape>rectangle</simple-shape>
		<elem-id>41</elem-id>
		<center>1180,763</center>
		<line-width>0</line-width>
		<has-frame-color>true</has-frame-color>
		<has-inside-color>true</has-inside-color>
		<frame-color>0,0,0</frame-color>
		<frame-color-alarm>0,0,0</frame-color-alarm>
		<fill-color>192,192,192</fill-color>
		<fill-color-alarm>255,255,255</fill-color-alarm>
		<text-align-horz>center</text-align-horz>
		<text-align-vert>center</text-align-vert>
		<font-height>-35</font-height>
		<font-height-point-size>26</font-height-point-size>
		<font-weight>700</font-weight>
		<font-italic>false</font-italic>
		<font-underline>false</font-underline>
		<font-strike-out>false</font-strike-out>
		<font-char-set>0</font-char-set>
		<text-id>127</text-id>
		<font-name><![CDATA[Arial Unicode MS]]></font-name>
		<font-color>0,0,0</font-color>
		<enable-text-input>false</enable-text-input>
		<expr-invisible>
			<expr>
				<var>.gxPW_DOLLAR_ERROR</var>
				<const>FALSE</const>
				<op>=(2)</op>
			</expr>
		</expr-invisible>
		<text-display>
			<expr>
				<const>1</const>
			</expr>
		</text-display>
		<text-format><![CDATA[%|<|PASSW08|>|]]></text-format>
		<hidden-input>false</hidden-input>
		<rect>945,645,1416,881</rect>
	</element>
	<element type="simple">
		<simple-shape>rectangle</simple-shape>
		<elem-id>42</elem-id>
		<center>1388,673</center>
		<line-width>0</line-width>
		<has-frame-color>true</has-frame-color>
		<has-inside-color>true</has-inside-color>
		<frame-color>0,0,0</frame-color>
		<frame-color-alarm>0,0,0</frame-color-alarm>
		<fill-color>192,192,192</fill-color>
		<fill-color-alarm>255,255,255</fill-color-alarm>
		<text-align-horz>center</text-align-horz>
		<text-align-vert>center</text-align-vert>
		<font-height>-35</font-height>
		<font-height-point-size>26</font-height-point-size>
		<font-weight>700</font-weight>
		<font-italic>false</font-italic>
		<font-underline>false</font-underline>
		<font-strike-out>false</font-strike-out>
		<font-char-set>0</font-char-set>
		<text-id>128</text-id>
		<font-name><![CDATA[Arial Unicode MS]]></font-name>
		<font-color>0,0,0</font-color>
		<enable-text-input>false</enable-text-input>
		<input-action-list>
			<expr-assign>
				<lvalue>
					<expr>
						<var>.gxPW_DOLLAR_ERROR</var>
					</expr>
				</lvalue>
				<rvalue>
					<expr>
						<const>FALSE</const>
					</expr>
				</rvalue>
			</expr-assign>
		</input-action-list>
		<expr-invisible>
			<expr>
				<var>.gxPW_DOLLAR_ERROR</var>
				<const>FALSE</const>
				<op>=(2)</op>
			</expr>
		</expr-invisible>
		<text-format>X</text-format>
		<hidden-input>false</hidden-input>
		<rect>1360,645,1416,701</rect>
	</element>
	<key-info-list/>
	<variablelist>
		<variable name=".gwdColorRAHMEN">4,32119,4,5</variable>
		<variable name=".gwColorTEXTButton">4,32127,4,5</variable>
		<variable name=".gxLoadActiveData">4,26740,1,0</variable>
		<variable name=".gwColorANZEIGETEXT">4,32123,4,5</variable>
		<variable name="gaxDO_PW_Change[1]">4,31975,1,0</variable>
		<variable name=".gwColorEditTEXT">4,32131,4,5</variable>
		<variable name=".gwColorEditBG">4,32139,4,5</variable>
		<variable name="gastrPW_ChangeOLD[1]">4,31491,21,8</variable>
		<variable name="gastrPW_ChangeNEW_A[1]">4,31659,21,8</variable>
		<variable name="gastrPW_ChangeNEW_B[1]">4,31827,21,8</variable>
		<variable name="gaxDO_PW_Change[2]">4,31976,1,0</variable>
		<variable name="gastrPW_ChangeOLD[2]">4,31512,21,8</variable>
		<variable name="gastrPW_ChangeNEW_A[2]">4,31680,21,8</variable>
		<variable name="gastrPW_ChangeNEW_B[2]">4,31848,21,8</variable>
		<variable name="gaxDO_PW_Change[3]">4,31977,1,0</variable>
		<variable name="gastrPW_ChangeOLD[3]">4,31533,21,8</variable>
		<variable name="gastrPW_ChangeNEW_A[3]">4,31701,21,8</variable>
		<variable name="gastrPW_ChangeNEW_B[3]">4,31869,21,8</variable>
		<variable name=".CurrentUserLevel">4,22654,2,1</variable>
		<variable name=".gxLogOut">4,31296,1,0</variable>
		<variable name=".gxOLD_PW_ERROR">4,31982,1,0</variable>
		<variable name=".gxNEW_PW_ERROR">4,31983,1,0</variable>
		<variable name=".giERR_PA_ACT_LOAD">4,27837,2,1</variable>
		<variable name=".giERR_PA_ACT_SAVE">4,27839,2,1</variable>
		<variable name="gastrPasswords_Memory[1]">4,31149,21,8</variable>
		<variable name="gastrPasswords_Memory[2]">4,31170,21,8</variable>
		<variable name="gastrPasswords_Memory[3]">4,31191,21,8</variable>
		<variable name=".gxMasterRESET">4,31127,1,0</variable>
		<variable name=".gxPW_DOLLAR_ERROR">4,31984,1,0</variable>
	</variablelist>
</visualisation>