<?xml version="1.0" encoding="ISO-8859-1"?>

<visualisation>
	<time-stamp>1632230257,3354605679</time-stamp>
	<name>SEL_FILE</name>
	<symplified-user-input>false</symplified-user-input>
	<keyboard-usage-for-table>true</keyboard-usage-for-table>
	<size>1721,1201</size>
	<usage-type>0</usage-type>
	<use-language-file>false</use-language-file>
	<use-dynamic-text>true</use-dynamic-text>
	<hide-elements>false</hide-elements>
	<language>ENGLISH</language>
	<dynamic-text-file>VIS\SPRACHE\DYNSPR.XML</dynamic-text-file>
	<element type="bitmap">
		<file-name>vis\bgpic01.jpg</file-name>
		<transparent>false</transparent>
		<show-frame>true</show-frame>
		<clip-frame>true</clip-frame>
		<frame-type>anisotropic</frame-type>
		<elem-id>0</elem-id>
		<center>860,600</center>
		<line-width>0</line-width>
		<has-frame-color>true</has-frame-color>
		<has-inside-color>true</has-inside-color>
		<frame-color>192,192,192</frame-color>
		<frame-color-alarm>255,255,255</frame-color-alarm>
		<fill-color>255,255,255</fill-color>
		<fill-color-alarm>255,255,255</fill-color-alarm>
		<expr-frame-color>
			<expr>
				<var>.gwdColorRAHMEN</var>
			</expr>
		</expr-frame-color>
		<enable-text-input>false</enable-text-input>
		<hidden-input>false</hidden-input>
		<rect>0,0,1721,1201</rect>
	</element>
	<element type="button">
		<frame-type>anisotropic</frame-type>
		<elem-id>1</elem-id>
		<center>288,628</center>
		<line-width>0</line-width>
		<has-frame-color>true</has-frame-color>
		<has-inside-color>true</has-inside-color>
		<frame-color>0,0,0</frame-color>
		<frame-color-alarm>0,0,0</frame-color-alarm>
		<fill-color>200,200,200</fill-color>
		<fill-color-alarm>220,220,220</fill-color-alarm>
		<expr-text-color>
			<expr>
				<var>.gwColorTEXTButton</var>
			</expr>
		</expr-text-color>
		<text-align-horz>center</text-align-horz>
		<text-align-vert>center</text-align-vert>
		<font-height>-27</font-height>
		<font-height-point-size>20</font-height-point-size>
		<font-weight>700</font-weight>
		<font-italic>false</font-italic>
		<font-underline>false</font-underline>
		<font-strike-out>false</font-strike-out>
		<font-char-set>0</font-char-set>
		<text-id>739</text-id>
		<font-name><![CDATA[Arial Unicode MS]]></font-name>
		<font-color>0,0,0</font-color>
		<tap-false>false</tap-false>
		<expr-tap-var>
			<expr>
				<var>.gxSHOW_ACT2ACT</var>
			</expr>
		</expr-tap-var>
		<enable-text-input>false</enable-text-input>
		<text-display>
			<expr>
				<const>1</const>
			</expr>
		</text-display>
		<text-format><![CDATA[%|<|FileCopy08|>|]]></text-format>
		<hidden-input>false</hidden-input>
		<rect>60,580,516,676</rect>
	</element>
	<element type="simple">
		<simple-shape>rectangle</simple-shape>
		<elem-id>2</elem-id>
		<center>848,110</center>
		<line-width>0</line-width>
		<has-frame-color>true</has-frame-color>
		<has-inside-color>false</has-inside-color>
		<frame-color>192,192,192</frame-color>
		<frame-color-alarm>0,0,0</frame-color-alarm>
		<fill-color>255,255,255</fill-color>
		<fill-color-alarm>255,255,255</fill-color-alarm>
		<expr-text-color>
			<expr>
				<var>.gwColorANZEIGETEXT</var>
			</expr>
		</expr-text-color>
		<expr-frame-color>
			<expr>
				<var>.gwdColorRAHMEN</var>
			</expr>
		</expr-frame-color>
		<text-align-horz>center</text-align-horz>
		<text-align-vert>center</text-align-vert>
		<font-height>-35</font-height>
		<font-height-point-size>26</font-height-point-size>
		<font-weight>700</font-weight>
		<font-italic>false</font-italic>
		<font-underline>false</font-underline>
		<font-strike-out>false</font-strike-out>
		<font-char-set>0</font-char-set>
		<text-id>646</text-id>
		<font-name><![CDATA[Arial Unicode MS]]></font-name>
		<font-color>0,0,0</font-color>
		<enable-text-input>false</enable-text-input>
		<text-display>
			<expr>
				<const>1</const>
			</expr>
		</text-display>
		<text-format><![CDATA[%|<|FileCopy01|>|]]></text-format>
		<hidden-input>false</hidden-input>
		<rect>615,60,1081,161</rect>
	</element>
	<element type="button">
		<frame-type>anisotropic</frame-type>
		<elem-id>3</elem-id>
		<center>288,743</center>
		<line-width>0</line-width>
		<has-frame-color>true</has-frame-color>
		<has-inside-color>true</has-inside-color>
		<frame-color>0,0,0</frame-color>
		<frame-color-alarm>0,0,0</frame-color-alarm>
		<fill-color>200,200,200</fill-color>
		<fill-color-alarm>220,220,220</fill-color-alarm>
		<expr-text-color>
			<expr>
				<var>.gwColorTEXTButton</var>
			</expr>
		</expr-text-color>
		<text-align-horz>center</text-align-horz>
		<text-align-vert>center</text-align-vert>
		<font-height>-27</font-height>
		<font-height-point-size>20</font-height-point-size>
		<font-weight>700</font-weight>
		<font-italic>false</font-italic>
		<font-underline>false</font-underline>
		<font-strike-out>false</font-strike-out>
		<font-char-set>0</font-char-set>
		<text-id>728</text-id>
		<font-name><![CDATA[Arial Unicode MS]]></font-name>
		<font-color>0,0,0</font-color>
		<tap-false>false</tap-false>
		<expr-tap-var>
			<expr>
				<var>.gxSHOW_FAC2ACT</var>
			</expr>
		</expr-tap-var>
		<enable-text-input>false</enable-text-input>
		<text-display>
			<expr>
				<const>1</const>
			</expr>
		</text-display>
		<text-format><![CDATA[%|<|FileCopy05|>|]]></text-format>
		<hidden-input>false</hidden-input>
		<rect>60,695,516,791</rect>
	</element>
	<element type="button">
		<frame-type>anisotropic</frame-type>
		<elem-id>4</elem-id>
		<center>288,283</center>
		<line-width>0</line-width>
		<has-frame-color>true</has-frame-color>
		<has-inside-color>true</has-inside-color>
		<frame-color>0,0,0</frame-color>
		<frame-color-alarm>0,0,0</frame-color-alarm>
		<fill-color>200,200,200</fill-color>
		<fill-color-alarm>220,220,220</fill-color-alarm>
		<expr-text-color>
			<expr>
				<var>.gwColorTEXTButton</var>
			</expr>
		</expr-text-color>
		<text-align-horz>center</text-align-horz>
		<text-align-vert>center</text-align-vert>
		<font-height>-27</font-height>
		<font-height-point-size>20</font-height-point-size>
		<font-weight>700</font-weight>
		<font-italic>false</font-italic>
		<font-underline>false</font-underline>
		<font-strike-out>false</font-strike-out>
		<font-char-set>0</font-char-set>
		<text-id>729</text-id>
		<font-name><![CDATA[Arial Unicode MS]]></font-name>
		<font-color>0,0,0</font-color>
		<tap-false>false</tap-false>
		<expr-tap-var>
			<expr>
				<var>.gxSHOW_Info2USB</var>
			</expr>
		</expr-tap-var>
		<enable-text-input>false</enable-text-input>
		<text-display>
			<expr>
				<const>1</const>
			</expr>
		</text-display>
		<text-format><![CDATA[%|<|FileCopy02|>|]]></text-format>
		<hidden-input>false</hidden-input>
		<rect>60,235,516,331</rect>
	</element>
	<element type="button">
		<frame-type>anisotropic</frame-type>
		<elem-id>5</elem-id>
		<center>288,398</center>
		<line-width>0</line-width>
		<has-frame-color>true</has-frame-color>
		<has-inside-color>true</has-inside-color>
		<frame-color>0,0,0</frame-color>
		<frame-color-alarm>0,0,0</frame-color-alarm>
		<fill-color>200,200,200</fill-color>
		<fill-color-alarm>220,220,220</fill-color-alarm>
		<expr-text-color>
			<expr>
				<var>.gwColorTEXTButton</var>
			</expr>
		</expr-text-color>
		<text-align-horz>center</text-align-horz>
		<text-align-vert>center</text-align-vert>
		<font-height>-27</font-height>
		<font-height-point-size>20</font-height-point-size>
		<font-weight>700</font-weight>
		<font-italic>false</font-italic>
		<font-underline>false</font-underline>
		<font-strike-out>false</font-strike-out>
		<font-char-set>0</font-char-set>
		<text-id>730</text-id>
		<font-name><![CDATA[Arial Unicode MS]]></font-name>
		<font-color>0,0,0</font-color>
		<tap-false>false</tap-false>
		<expr-tap-var>
			<expr>
				<var>.gxSHOW_ACT2DEF</var>
			</expr>
		</expr-tap-var>
		<enable-text-input>false</enable-text-input>
		<text-display>
			<expr>
				<const>1</const>
			</expr>
		</text-display>
		<text-format><![CDATA[%|<|FileCopy03|>|]]></text-format>
		<hidden-input>false</hidden-input>
		<rect>60,350,516,446</rect>
	</element>
	<element type="button">
		<frame-type>anisotropic</frame-type>
		<elem-id>6</elem-id>
		<center>288,858</center>
		<line-width>0</line-width>
		<has-frame-color>true</has-frame-color>
		<has-inside-color>true</has-inside-color>
		<frame-color>0,0,0</frame-color>
		<frame-color-alarm>0,0,0</frame-color-alarm>
		<fill-color>200,200,200</fill-color>
		<fill-color-alarm>220,220,220</fill-color-alarm>
		<expr-text-color>
			<expr>
				<var>.gwColorTEXTButton</var>
			</expr>
		</expr-text-color>
		<text-align-horz>center</text-align-horz>
		<text-align-vert>center</text-align-vert>
		<font-height>-27</font-height>
		<font-height-point-size>20</font-height-point-size>
		<font-weight>700</font-weight>
		<font-italic>false</font-italic>
		<font-underline>false</font-underline>
		<font-strike-out>false</font-strike-out>
		<font-char-set>0</font-char-set>
		<text-id>731</text-id>
		<font-name><![CDATA[Arial Unicode MS]]></font-name>
		<font-color>0,0,0</font-color>
		<tap-false>false</tap-false>
		<expr-tap-var>
			<expr>
				<var>.gxSHOW_FAC2FAC</var>
			</expr>
		</expr-tap-var>
		<enable-text-input>false</enable-text-input>
		<text-display>
			<expr>
				<const>1</const>
			</expr>
		</text-display>
		<text-format><![CDATA[%|<|FileCopy06|>|]]></text-format>
		<hidden-input>false</hidden-input>
		<rect>60,810,516,906</rect>
	</element>
	<element type="button">
		<frame-type>anisotropic</frame-type>
		<elem-id>7</elem-id>
		<center>288,513</center>
		<line-width>0</line-width>
		<has-frame-color>true</has-frame-color>
		<has-inside-color>true</has-inside-color>
		<frame-color>0,0,0</frame-color>
		<frame-color-alarm>0,0,0</frame-color-alarm>
		<fill-color>200,200,200</fill-color>
		<fill-color-alarm>220,220,220</fill-color-alarm>
		<expr-text-color>
			<expr>
				<var>.gwColorTEXTButton</var>
			</expr>
		</expr-text-color>
		<text-align-horz>center</text-align-horz>
		<text-align-vert>center</text-align-vert>
		<font-height>-27</font-height>
		<font-height-point-size>20</font-height-point-size>
		<font-weight>700</font-weight>
		<font-italic>false</font-italic>
		<font-underline>false</font-underline>
		<font-strike-out>false</font-strike-out>
		<font-char-set>0</font-char-set>
		<text-id>732</text-id>
		<font-name><![CDATA[Arial Unicode MS]]></font-name>
		<font-color>0,0,0</font-color>
		<tap-false>false</tap-false>
		<expr-tap-var>
			<expr>
				<var>.gxSHOW_DEF2ACT</var>
			</expr>
		</expr-tap-var>
		<enable-text-input>false</enable-text-input>
		<text-display>
			<expr>
				<const>1</const>
			</expr>
		</text-display>
		<text-format><![CDATA[%|<|FileCopy04|>|]]></text-format>
		<hidden-input>false</hidden-input>
		<rect>60,465,516,561</rect>
	</element>
	<element type="simple">
		<simple-shape>rectangle</simple-shape>
		<elem-id>8</elem-id>
		<center>1055,585</center>
		<line-width>0</line-width>
		<has-frame-color>true</has-frame-color>
		<has-inside-color>true</has-inside-color>
		<frame-color>0,0,0</frame-color>
		<frame-color-alarm>255,0,0</frame-color-alarm>
		<fill-color>198,255,198</fill-color>
		<fill-color-alarm>255,255,255</fill-color-alarm>
		<enable-text-input>false</enable-text-input>
		<hidden-input>false</hidden-input>
		<rect>405,120,1706,1051</rect>
	</element>
	<element type="button">
		<frame-type>anisotropic</frame-type>
		<elem-id>9</elem-id>
		<center>135,105</center>
		<line-width>0</line-width>
		<has-frame-color>true</has-frame-color>
		<has-inside-color>true</has-inside-color>
		<frame-color>0,0,0</frame-color>
		<frame-color-alarm>0,0,0</frame-color-alarm>
		<fill-color>200,200,200</fill-color>
		<fill-color-alarm>220,220,220</fill-color-alarm>
		<expr-text-color>
			<expr>
				<var>.gwColorTEXTButton</var>
			</expr>
		</expr-text-color>
		<text-align-horz>center</text-align-horz>
		<text-align-vert>center</text-align-vert>
		<font-height>-27</font-height>
		<font-height-point-size>20</font-height-point-size>
		<font-weight>700</font-weight>
		<font-italic>false</font-italic>
		<font-underline>false</font-underline>
		<font-strike-out>false</font-strike-out>
		<font-char-set>0</font-char-set>
		<text-id>647</text-id>
		<font-name><![CDATA[Arial Unicode MS]]></font-name>
		<font-color>0,0,0</font-color>
		<expr-zoom>
			<expr>
				<placeholder>ED_FILE</placeholder>
			</expr>
		</expr-zoom>
		<enable-text-input>false</enable-text-input>
		<text-display>
			<expr>
				<const>1</const>
			</expr>
		</text-display>
		<text-format><![CDATA[%|<|RETURN01|>|]]></text-format>
		<hidden-input>false</hidden-input>
		<rect>60,60,211,151</rect>
	</element>
	<element type="button">
		<frame-type>anisotropic</frame-type>
		<elem-id>10</elem-id>
		<center>510,185</center>
		<line-width>0</line-width>
		<has-frame-color>true</has-frame-color>
		<has-inside-color>true</has-inside-color>
		<frame-color>0,0,0</frame-color>
		<frame-color-alarm>0,0,0</frame-color-alarm>
		<fill-color>200,200,200</fill-color>
		<fill-color-alarm>220,220,220</fill-color-alarm>
		<expr-text-color>
			<expr>
				<var>.gwColorTEXTButton</var>
			</expr>
		</expr-text-color>
		<text-align-horz>center</text-align-horz>
		<text-align-vert>center</text-align-vert>
		<font-height>-27</font-height>
		<font-height-point-size>20</font-height-point-size>
		<font-weight>700</font-weight>
		<font-italic>false</font-italic>
		<font-underline>false</font-underline>
		<font-strike-out>false</font-strike-out>
		<font-char-set>0</font-char-set>
		<text-id>663</text-id>
		<font-name><![CDATA[Arial Unicode MS]]></font-name>
		<font-color>0,0,0</font-color>
		<expr-zoom>
			<expr>
				<placeholder>ED_FILE</placeholder>
			</expr>
		</expr-zoom>
		<enable-text-input>false</enable-text-input>
		<text-display>
			<expr>
				<const>1</const>
			</expr>
		</text-display>
		<text-format><![CDATA[%|<|RETURN01|>|]]></text-format>
		<hidden-input>false</hidden-input>
		<rect>435,140,586,231</rect>
	</element>
	<element type="simple">
		<simple-shape>rectangle</simple-shape>
		<elem-id>11</elem-id>
		<center>685,630</center>
		<line-width>0</line-width>
		<has-frame-color>true</has-frame-color>
		<has-inside-color>true</has-inside-color>
		<frame-color>0,0,0</frame-color>
		<frame-color-alarm>0,0,0</frame-color-alarm>
		<fill-color>255,255,255</fill-color>
		<fill-color-alarm>255,255,255</fill-color-alarm>
		<enable-text-input>false</enable-text-input>
		<hidden-input>false</hidden-input>
		<rect>435,250,936,1011</rect>
	</element>
	<element type="polygon">
		<poly-count>3</poly-count>
		<poly-shape>polyline</poly-shape>
		<point>1065,405</point>
		<point>1080,425</point>
		<point>1065,445</point>
		<elem-id>12</elem-id>
		<center>1070,425</center>
		<line-width>10</line-width>
		<has-frame-color>true</has-frame-color>
		<has-inside-color>true</has-inside-color>
		<frame-color>0,0,0</frame-color>
		<frame-color-alarm>255,0,0</frame-color-alarm>
		<fill-color>255,255,255</fill-color>
		<fill-color-alarm>255,255,255</fill-color-alarm>
		<enable-text-input>false</enable-text-input>
		<expr-toggle-color>
			<expr>
				<var>.gxSHOW_Info2USB</var>
			</expr>
		</expr-toggle-color>
		<hidden-input>false</hidden-input>
	</element>
	<element type="polygon">
		<poly-count>2</poly-count>
		<poly-shape>polyline</poly-shape>
		<point>560,695</point>
		<point>560,430</point>
		<elem-id>13</elem-id>
		<center>560,562</center>
		<line-width>10</line-width>
		<has-frame-color>true</has-frame-color>
		<has-inside-color>true</has-inside-color>
		<frame-color>0,0,0</frame-color>
		<frame-color-alarm>255,0,0</frame-color-alarm>
		<fill-color>255,255,255</fill-color>
		<fill-color-alarm>255,255,255</fill-color-alarm>
		<enable-text-input>false</enable-text-input>
		<expr-toggle-color>
			<expr>
				<var>.gxSHOW_DEF2ACT</var>
				<var>.gxSHOW_ACT2DEF</var>
				<op>OR(2)</op>
			</expr>
		</expr-toggle-color>
		<hidden-input>false</hidden-input>
	</element>
	<element type="polygon">
		<poly-count>3</poly-count>
		<poly-shape>polyline</poly-shape>
		<point>455,450</point>
		<point>480,425</point>
		<point>505,450</point>
		<elem-id>14</elem-id>
		<center>480,441</center>
		<line-width>10</line-width>
		<has-frame-color>true</has-frame-color>
		<has-inside-color>true</has-inside-color>
		<frame-color>0,0,0</frame-color>
		<frame-color-alarm>255,0,0</frame-color-alarm>
		<fill-color>255,255,255</fill-color>
		<fill-color-alarm>255,255,255</fill-color-alarm>
		<enable-text-input>false</enable-text-input>
		<expr-toggle-color>
			<expr>
				<var>.gxSHOW_FAC2ACT</var>
			</expr>
		</expr-toggle-color>
		<hidden-input>false</hidden-input>
	</element>
	<element type="polygon">
		<poly-count>3</poly-count>
		<poly-shape>polyline</poly-shape>
		<point>535,670</point>
		<point>560,700</point>
		<point>585,670</point>
		<elem-id>15</elem-id>
		<center>555,680</center>
		<line-width>10</line-width>
		<has-frame-color>true</has-frame-color>
		<has-inside-color>true</has-inside-color>
		<frame-color>0,0,0</frame-color>
		<frame-color-alarm>255,0,0</frame-color-alarm>
		<fill-color>255,255,255</fill-color>
		<fill-color-alarm>255,255,255</fill-color-alarm>
		<enable-text-input>false</enable-text-input>
		<expr-toggle-color>
			<expr>
				<var>.gxSHOW_ACT2DEF</var>
			</expr>
		</expr-toggle-color>
		<hidden-input>false</hidden-input>
	</element>
	<element type="polygon">
		<poly-count>2</poly-count>
		<poly-shape>polyline</poly-shape>
		<point>480,760</point>
		<point>480,430</point>
		<elem-id>16</elem-id>
		<center>480,595</center>
		<line-width>10</line-width>
		<has-frame-color>true</has-frame-color>
		<has-inside-color>true</has-inside-color>
		<frame-color>0,0,0</frame-color>
		<frame-color-alarm>255,0,0</frame-color-alarm>
		<fill-color>255,255,255</fill-color>
		<fill-color-alarm>255,255,255</fill-color-alarm>
		<enable-text-input>false</enable-text-input>
		<expr-toggle-color>
			<expr>
				<var>.gxSHOW_FAC2ACT</var>
			</expr>
		</expr-toggle-color>
		<hidden-input>false</hidden-input>
	</element>
	<element type="polygon">
		<poly-count>3</poly-count>
		<poly-shape>polyline</poly-shape>
		<point>535,450</point>
		<point>560,425</point>
		<point>585,450</point>
		<elem-id>17</elem-id>
		<center>560,441</center>
		<line-width>10</line-width>
		<has-frame-color>true</has-frame-color>
		<has-inside-color>true</has-inside-color>
		<frame-color>0,0,0</frame-color>
		<frame-color-alarm>255,0,0</frame-color-alarm>
		<fill-color>255,255,255</fill-color>
		<fill-color-alarm>255,255,255</fill-color-alarm>
		<enable-text-input>false</enable-text-input>
		<expr-toggle-color>
			<expr>
				<var>.gxSHOW_DEF2ACT</var>
			</expr>
		</expr-toggle-color>
		<hidden-input>false</hidden-input>
	</element>
	<element type="polygon">
		<poly-count>2</poly-count>
		<poly-shape>polyline</poly-shape>
		<point>945,655</point>
		<point>1075,655</point>
		<elem-id>18</elem-id>
		<center>1010,655</center>
		<line-width>10</line-width>
		<has-frame-color>true</has-frame-color>
		<has-inside-color>true</has-inside-color>
		<frame-color>0,0,0</frame-color>
		<frame-color-alarm>255,0,0</frame-color-alarm>
		<fill-color>255,255,255</fill-color>
		<fill-color-alarm>255,255,255</fill-color-alarm>
		<enable-text-input>false</enable-text-input>
		<expr-toggle-color>
			<expr>
				<var>.gxSHOW_Info2USB</var>
			</expr>
		</expr-toggle-color>
		<hidden-input>false</hidden-input>
	</element>
	<element type="polygon">
		<poly-count>3</poly-count>
		<poly-shape>polyline</poly-shape>
		<point>1065,635</point>
		<point>1080,655</point>
		<point>1065,675</point>
		<elem-id>19</elem-id>
		<center>1070,655</center>
		<line-width>10</line-width>
		<has-frame-color>true</has-frame-color>
		<has-inside-color>true</has-inside-color>
		<frame-color>0,0,0</frame-color>
		<frame-color-alarm>255,0,0</frame-color-alarm>
		<fill-color>255,255,255</fill-color>
		<fill-color-alarm>255,255,255</fill-color-alarm>
		<enable-text-input>false</enable-text-input>
		<expr-toggle-color>
			<expr>
				<var>.gxSHOW_Info2USB</var>
			</expr>
		</expr-toggle-color>
		<hidden-input>false</hidden-input>
	</element>
	<element type="polygon">
		<poly-count>2</poly-count>
		<poly-shape>polyline</poly-shape>
		<point>945,935</point>
		<point>1075,935</point>
		<elem-id>20</elem-id>
		<center>1010,935</center>
		<line-width>10</line-width>
		<has-frame-color>true</has-frame-color>
		<has-inside-color>true</has-inside-color>
		<frame-color>0,0,0</frame-color>
		<frame-color-alarm>255,0,0</frame-color-alarm>
		<fill-color>255,255,255</fill-color>
		<fill-color-alarm>255,255,255</fill-color-alarm>
		<enable-text-input>false</enable-text-input>
		<expr-toggle-color>
			<expr>
				<var>.gxSHOW_Info2USB</var>
			</expr>
		</expr-toggle-color>
		<hidden-input>false</hidden-input>
	</element>
	<element type="polygon">
		<poly-count>3</poly-count>
		<poly-shape>polyline</poly-shape>
		<point>1065,915</point>
		<point>1080,935</point>
		<point>1065,955</point>
		<elem-id>21</elem-id>
		<center>1070,935</center>
		<line-width>10</line-width>
		<has-frame-color>true</has-frame-color>
		<has-inside-color>true</has-inside-color>
		<frame-color>0,0,0</frame-color>
		<frame-color-alarm>255,0,0</frame-color-alarm>
		<fill-color>255,255,255</fill-color>
		<fill-color-alarm>255,255,255</fill-color-alarm>
		<enable-text-input>false</enable-text-input>
		<expr-toggle-color>
			<expr>
				<var>.gxSHOW_Info2USB</var>
			</expr>
		</expr-toggle-color>
		<hidden-input>false</hidden-input>
	</element>
	<element type="polygon">
		<poly-count>3</poly-count>
		<poly-shape>polyline</poly-shape>
		<point>1065,805</point>
		<point>1080,825</point>
		<point>1065,845</point>
		<elem-id>22</elem-id>
		<center>1070,825</center>
		<line-width>10</line-width>
		<has-frame-color>true</has-frame-color>
		<has-inside-color>true</has-inside-color>
		<frame-color>0,0,0</frame-color>
		<frame-color-alarm>255,0,0</frame-color-alarm>
		<fill-color>255,255,255</fill-color>
		<fill-color-alarm>255,255,255</fill-color-alarm>
		<enable-text-input>false</enable-text-input>
		<expr-toggle-color>
			<expr>
				<var>.gxSHOW_Info2USB</var>
			</expr>
		</expr-toggle-color>
		<hidden-input>false</hidden-input>
	</element>
	<element type="simple">
		<simple-shape>rectangle</simple-shape>
		<elem-id>23</elem-id>
		<center>1380,638</center>
		<line-width>0</line-width>
		<has-frame-color>true</has-frame-color>
		<has-inside-color>true</has-inside-color>
		<frame-color>0,0,0</frame-color>
		<frame-color-alarm>0,0,0</frame-color-alarm>
		<fill-color>255,255,255</fill-color>
		<fill-color-alarm>255,255,255</fill-color-alarm>
		<enable-text-input>false</enable-text-input>
		<hidden-input>false</hidden-input>
		<rect>1090,260,1671,1016</rect>
	</element>
	<element type="simple">
		<simple-shape>rectangle</simple-shape>
		<elem-id>24</elem-id>
		<center>1388,653</center>
		<line-width>0</line-width>
		<has-frame-color>false</has-frame-color>
		<has-inside-color>false</has-inside-color>
		<frame-color>0,0,0</frame-color>
		<frame-color-alarm>0,0,0</frame-color-alarm>
		<fill-color>255,0,255</fill-color>
		<fill-color-alarm>255,255,255</fill-color-alarm>
		<text-align-horz>left</text-align-horz>
		<text-align-vert>center</text-align-vert>
		<font-height>-37</font-height>
		<font-height-point-size>28</font-height-point-size>
		<font-weight>700</font-weight>
		<font-italic>false</font-italic>
		<font-underline>false</font-underline>
		<font-strike-out>false</font-strike-out>
		<font-char-set>0</font-char-set>
		<text-id>716</text-id>
		<font-name><![CDATA[Arial Unicode MS]]></font-name>
		<font-color>0,0,0</font-color>
		<enable-text-input>false</enable-text-input>
		<text-format>d:\SYS_INFO\PA_DEFxx.DAT</text-format>
		<hidden-input>false</hidden-input>
		<rect>1105,620,1671,686</rect>
	</element>
	<element type="simple">
		<simple-shape>rectangle</simple-shape>
		<elem-id>25</elem-id>
		<center>1380,325</center>
		<line-width>0</line-width>
		<has-frame-color>false</has-frame-color>
		<has-inside-color>false</has-inside-color>
		<frame-color>0,0,0</frame-color>
		<frame-color-alarm>0,0,0</frame-color-alarm>
		<fill-color>255,0,255</fill-color>
		<fill-color-alarm>255,255,255</fill-color-alarm>
		<text-align-horz>center</text-align-horz>
		<text-align-vert>center</text-align-vert>
		<font-height>-37</font-height>
		<font-height-point-size>28</font-height-point-size>
		<font-weight>700</font-weight>
		<font-italic>false</font-italic>
		<font-underline>false</font-underline>
		<font-strike-out>false</font-strike-out>
		<font-char-set>0</font-char-set>
		<text-id>717</text-id>
		<font-name><![CDATA[Arial Unicode MS]]></font-name>
		<font-color>0,0,0</font-color>
		<enable-text-input>false</enable-text-input>
		<text-format>
			<![CDATA[USB-Stick| |(d:\)
.]]>
		</text-format>
		<hidden-input>false</hidden-input>
		<rect>1090,260,1671,391</rect>
	</element>
	<element type="simple">
		<simple-shape>rectangle</simple-shape>
		<elem-id>26</elem-id>
		<center>1388,423</center>
		<line-width>0</line-width>
		<has-frame-color>false</has-frame-color>
		<has-inside-color>false</has-inside-color>
		<frame-color>0,0,0</frame-color>
		<frame-color-alarm>0,0,0</frame-color-alarm>
		<fill-color>0,255,255</fill-color>
		<fill-color-alarm>255,255,255</fill-color-alarm>
		<text-align-horz>left</text-align-horz>
		<text-align-vert>top</text-align-vert>
		<font-height>-37</font-height>
		<font-height-point-size>28</font-height-point-size>
		<font-weight>700</font-weight>
		<font-italic>false</font-italic>
		<font-underline>false</font-underline>
		<font-strike-out>false</font-strike-out>
		<font-char-set>0</font-char-set>
		<text-id>718</text-id>
		<font-name><![CDATA[Arial Unicode MS]]></font-name>
		<font-color>0,0,0</font-color>
		<enable-text-input>false</enable-text-input>
		<text-format>d:\SYS_INFO\PA_ACTxx.DAT</text-format>
		<hidden-input>false</hidden-input>
		<rect>1105,395,1671,451</rect>
	</element>
	<element type="simple">
		<simple-shape>rectangle</simple-shape>
		<elem-id>27</elem-id>
		<center>1385,760</center>
		<line-width>0</line-width>
		<has-frame-color>false</has-frame-color>
		<has-inside-color>false</has-inside-color>
		<frame-color>0,0,0</frame-color>
		<frame-color-alarm>0,0,0</frame-color-alarm>
		<fill-color>0,255,255</fill-color>
		<fill-color-alarm>255,255,255</fill-color-alarm>
		<text-align-horz>left</text-align-horz>
		<text-align-vert>center</text-align-vert>
		<font-height>-37</font-height>
		<font-height-point-size>28</font-height-point-size>
		<font-weight>700</font-weight>
		<font-italic>false</font-italic>
		<font-underline>false</font-underline>
		<font-strike-out>false</font-strike-out>
		<font-char-set>0</font-char-set>
		<text-id>720</text-id>
		<font-name><![CDATA[Arial Unicode MS]]></font-name>
		<font-color>0,0,0</font-color>
		<enable-text-input>false</enable-text-input>
		<text-format>d:\PA_FACxx.DAT</text-format>
		<hidden-input>false</hidden-input>
		<rect>1100,735,1671,786</rect>
	</element>
	<element type="simple">
		<simple-shape>rectangle</simple-shape>
		<elem-id>28</elem-id>
		<center>768,658</center>
		<line-width>0</line-width>
		<has-frame-color>false</has-frame-color>
		<has-inside-color>false</has-inside-color>
		<frame-color>0,0,0</frame-color>
		<frame-color-alarm>0,0,0</frame-color-alarm>
		<fill-color>255,0,255</fill-color>
		<fill-color-alarm>255,255,255</fill-color-alarm>
		<text-align-horz>right</text-align-horz>
		<text-align-vert>center</text-align-vert>
		<font-height>-37</font-height>
		<font-height-point-size>28</font-height-point-size>
		<font-weight>700</font-weight>
		<font-italic>false</font-italic>
		<font-underline>false</font-underline>
		<font-strike-out>false</font-strike-out>
		<font-char-set>0</font-char-set>
		<text-id>722</text-id>
		<font-name><![CDATA[Arial Unicode MS]]></font-name>
		<font-color>0,0,0</font-color>
		<enable-text-input>false</enable-text-input>
		<text-format>PA_DEFxx.DAT</text-format>
		<hidden-input>false</hidden-input>
		<rect>620,630,916,686</rect>
	</element>
	<element type="simple">
		<simple-shape>rectangle</simple-shape>
		<elem-id>29</elem-id>
		<center>685,315</center>
		<line-width>0</line-width>
		<has-frame-color>false</has-frame-color>
		<has-inside-color>false</has-inside-color>
		<frame-color>0,0,0</frame-color>
		<frame-color-alarm>0,0,0</frame-color-alarm>
		<fill-color>255,0,255</fill-color>
		<fill-color-alarm>255,255,255</fill-color-alarm>
		<text-align-horz>center</text-align-horz>
		<text-align-vert>center</text-align-vert>
		<font-height>-37</font-height>
		<font-height-point-size>28</font-height-point-size>
		<font-weight>700</font-weight>
		<font-italic>false</font-italic>
		<font-underline>false</font-underline>
		<font-strike-out>false</font-strike-out>
		<font-char-set>0</font-char-set>
		<text-id>723</text-id>
		<font-name><![CDATA[Arial Unicode MS]]></font-name>
		<font-color>0,0,0</font-color>
		<enable-text-input>false</enable-text-input>
		<text-display>
			<expr>
				<const>1</const>
			</expr>
		</text-display>
		<text-format>
			<![CDATA[%|<|NAME01|>|| |(a:\)| |
a:\APP_DATA\]]>
		</text-format>
		<hidden-input>false</hidden-input>
		<rect>435,250,936,381</rect>
	</element>
	<element type="simple">
		<simple-shape>rectangle</simple-shape>
		<elem-id>30</elem-id>
		<center>763,425</center>
		<line-width>0</line-width>
		<has-frame-color>false</has-frame-color>
		<has-inside-color>false</has-inside-color>
		<frame-color>0,0,0</frame-color>
		<frame-color-alarm>0,0,0</frame-color-alarm>
		<fill-color>0,255,255</fill-color>
		<fill-color-alarm>255,255,255</fill-color-alarm>
		<text-align-horz>right</text-align-horz>
		<text-align-vert>center</text-align-vert>
		<font-height>-37</font-height>
		<font-height-point-size>28</font-height-point-size>
		<font-weight>700</font-weight>
		<font-italic>false</font-italic>
		<font-underline>false</font-underline>
		<font-strike-out>false</font-strike-out>
		<font-char-set>0</font-char-set>
		<text-id>724</text-id>
		<font-name><![CDATA[Arial Unicode MS]]></font-name>
		<font-color>0,0,0</font-color>
		<enable-text-input>false</enable-text-input>
		<text-format>PA_ACTxx.DAT</text-format>
		<hidden-input>false</hidden-input>
		<rect>615,400,911,451</rect>
	</element>
	<element type="simple">
		<simple-shape>rectangle</simple-shape>
		<elem-id>31</elem-id>
		<center>778,938</center>
		<line-width>0</line-width>
		<has-frame-color>false</has-frame-color>
		<has-inside-color>false</has-inside-color>
		<frame-color>0,0,0</frame-color>
		<frame-color-alarm>0,0,0</frame-color-alarm>
		<fill-color>255,0,255</fill-color>
		<fill-color-alarm>255,255,255</fill-color-alarm>
		<text-align-horz>right</text-align-horz>
		<text-align-vert>center</text-align-vert>
		<font-height>-37</font-height>
		<font-height-point-size>28</font-height-point-size>
		<font-weight>700</font-weight>
		<font-italic>false</font-italic>
		<font-underline>false</font-underline>
		<font-strike-out>false</font-strike-out>
		<font-char-set>0</font-char-set>
		<text-id>725</text-id>
		<font-name><![CDATA[Arial Unicode MS]]></font-name>
		<font-color>0,0,0</font-color>
		<enable-text-input>false</enable-text-input>
		<text-format>
			<![CDATA[BootStat.DAT
IPC_Info.DAT]]>
		</text-format>
		<hidden-input>false</hidden-input>
		<rect>640,870,916,1006</rect>
	</element>
	<element type="simple">
		<simple-shape>rectangle</simple-shape>
		<elem-id>32</elem-id>
		<center>768,763</center>
		<line-width>0</line-width>
		<has-frame-color>false</has-frame-color>
		<has-inside-color>false</has-inside-color>
		<frame-color>0,0,0</frame-color>
		<frame-color-alarm>0,0,0</frame-color-alarm>
		<fill-color>0,255,255</fill-color>
		<fill-color-alarm>255,255,255</fill-color-alarm>
		<text-align-horz>right</text-align-horz>
		<text-align-vert>center</text-align-vert>
		<font-height>-37</font-height>
		<font-height-point-size>28</font-height-point-size>
		<font-weight>700</font-weight>
		<font-italic>false</font-italic>
		<font-underline>false</font-underline>
		<font-strike-out>false</font-strike-out>
		<font-char-set>0</font-char-set>
		<text-id>726</text-id>
		<font-name><![CDATA[Arial Unicode MS]]></font-name>
		<font-color>0,0,0</font-color>
		<enable-text-input>false</enable-text-input>
		<text-format>PA_FACxx.DAT</text-format>
		<hidden-input>false</hidden-input>
		<rect>620,725,916,801</rect>
	</element>
	<element type="simple">
		<simple-shape>rectangle</simple-shape>
		<elem-id>33</elem-id>
		<center>1388,553</center>
		<line-width>0</line-width>
		<has-frame-color>false</has-frame-color>
		<has-inside-color>false</has-inside-color>
		<frame-color>0,0,0</frame-color>
		<frame-color-alarm>0,0,0</frame-color-alarm>
		<fill-color>0,255,255</fill-color>
		<fill-color-alarm>255,255,255</fill-color-alarm>
		<text-align-horz>left</text-align-horz>
		<text-align-vert>center</text-align-vert>
		<font-height>-37</font-height>
		<font-height-point-size>28</font-height-point-size>
		<font-weight>700</font-weight>
		<font-italic>false</font-italic>
		<font-underline>false</font-underline>
		<font-strike-out>false</font-strike-out>
		<font-char-set>0</font-char-set>
		<text-id>733</text-id>
		<font-name><![CDATA[Arial Unicode MS]]></font-name>
		<font-color>0,0,0</font-color>
		<enable-text-input>false</enable-text-input>
		<text-format>d:\Para_Set\TIMExxx.CSV</text-format>
		<hidden-input>false</hidden-input>
		<rect>1105,520,1671,586</rect>
	</element>
	<element type="polygon">
		<poly-count>2</poly-count>
		<poly-shape>polyline</poly-shape>
		<point>985,485</point>
		<point>1075,485</point>
		<elem-id>34</elem-id>
		<center>1030,485</center>
		<line-width>10</line-width>
		<has-frame-color>true</has-frame-color>
		<has-inside-color>true</has-inside-color>
		<frame-color>0,0,0</frame-color>
		<frame-color-alarm>255,0,0</frame-color-alarm>
		<fill-color>255,255,255</fill-color>
		<fill-color-alarm>255,255,255</fill-color-alarm>
		<enable-text-input>false</enable-text-input>
		<expr-toggle-color>
			<expr>
				<var>.gxSHOW_Info2USB</var>
			</expr>
		</expr-toggle-color>
		<hidden-input>false</hidden-input>
	</element>
	<element type="polygon">
		<poly-count>3</poly-count>
		<poly-shape>polyline</poly-shape>
		<point>1065,465</point>
		<point>1080,485</point>
		<point>1065,505</point>
		<elem-id>35</elem-id>
		<center>1070,485</center>
		<line-width>10</line-width>
		<has-frame-color>true</has-frame-color>
		<has-inside-color>true</has-inside-color>
		<frame-color>0,0,0</frame-color>
		<frame-color-alarm>255,0,0</frame-color-alarm>
		<fill-color>255,255,255</fill-color>
		<fill-color-alarm>255,255,255</fill-color-alarm>
		<enable-text-input>false</enable-text-input>
		<expr-toggle-color>
			<expr>
				<var>.gxSHOW_Info2USB</var>
			</expr>
		</expr-toggle-color>
		<hidden-input>false</hidden-input>
	</element>
	<element type="polygon">
		<poly-count>2</poly-count>
		<poly-shape>polyline</poly-shape>
		<point>985,550</point>
		<point>1080,550</point>
		<elem-id>36</elem-id>
		<center>1032,550</center>
		<line-width>10</line-width>
		<has-frame-color>true</has-frame-color>
		<has-inside-color>true</has-inside-color>
		<frame-color>0,0,0</frame-color>
		<frame-color-alarm>255,0,0</frame-color-alarm>
		<fill-color>255,255,255</fill-color>
		<fill-color-alarm>255,255,255</fill-color-alarm>
		<enable-text-input>false</enable-text-input>
		<expr-toggle-color>
			<expr>
				<var>.gxSHOW_Info2USB</var>
			</expr>
		</expr-toggle-color>
		<hidden-input>false</hidden-input>
	</element>
	<element type="polygon">
		<poly-count>3</poly-count>
		<poly-shape>polyline</poly-shape>
		<point>1065,530</point>
		<point>1080,550</point>
		<point>1065,570</point>
		<elem-id>37</elem-id>
		<center>1070,550</center>
		<line-width>10</line-width>
		<has-frame-color>true</has-frame-color>
		<has-inside-color>true</has-inside-color>
		<frame-color>0,0,0</frame-color>
		<frame-color-alarm>255,0,0</frame-color-alarm>
		<fill-color>255,255,255</fill-color>
		<fill-color-alarm>255,255,255</fill-color-alarm>
		<enable-text-input>false</enable-text-input>
		<expr-toggle-color>
			<expr>
				<var>.gxSHOW_Info2USB</var>
			</expr>
		</expr-toggle-color>
		<hidden-input>false</hidden-input>
	</element>
	<element type="polygon">
		<poly-count>2</poly-count>
		<poly-shape>polyline</poly-shape>
		<point>985,425</point>
		<point>985,550</point>
		<elem-id>38</elem-id>
		<center>985,487</center>
		<line-width>10</line-width>
		<has-frame-color>true</has-frame-color>
		<has-inside-color>true</has-inside-color>
		<frame-color>0,0,0</frame-color>
		<frame-color-alarm>255,0,0</frame-color-alarm>
		<fill-color>255,255,255</fill-color>
		<fill-color-alarm>255,255,255</fill-color-alarm>
		<enable-text-input>false</enable-text-input>
		<expr-toggle-color>
			<expr>
				<var>.gxSHOW_Info2USB</var>
			</expr>
		</expr-toggle-color>
		<hidden-input>false</hidden-input>
	</element>
	<element type="polygon">
		<poly-count>3</poly-count>
		<poly-shape>polyline</poly-shape>
		<point>960,405</point>
		<point>945,425</point>
		<point>960,445</point>
		<elem-id>39</elem-id>
		<center>955,425</center>
		<line-width>10</line-width>
		<has-frame-color>true</has-frame-color>
		<has-inside-color>true</has-inside-color>
		<frame-color>0,0,0</frame-color>
		<frame-color-alarm>255,0,0</frame-color-alarm>
		<fill-color>255,255,255</fill-color>
		<fill-color-alarm>255,255,255</fill-color-alarm>
		<enable-text-input>false</enable-text-input>
		<expr-toggle-color>
			<expr>
				<var>.gxSHOW_ACT2ACT</var>
			</expr>
		</expr-toggle-color>
		<hidden-input>false</hidden-input>
	</element>
	<element type="polygon">
		<poly-count>3</poly-count>
		<poly-shape>polyline</poly-shape>
		<point>960,740</point>
		<point>945,760</point>
		<point>960,780</point>
		<elem-id>40</elem-id>
		<center>955,760</center>
		<line-width>10</line-width>
		<has-frame-color>true</has-frame-color>
		<has-inside-color>true</has-inside-color>
		<frame-color>0,0,0</frame-color>
		<frame-color-alarm>255,0,0</frame-color-alarm>
		<fill-color>255,255,255</fill-color>
		<fill-color-alarm>255,255,255</fill-color-alarm>
		<enable-text-input>false</enable-text-input>
		<expr-toggle-color>
			<expr>
				<var>.gxSHOW_FAC2FAC</var>
			</expr>
		</expr-toggle-color>
		<hidden-input>false</hidden-input>
	</element>
	<element type="polygon">
		<poly-count>2</poly-count>
		<poly-shape>polyline</poly-shape>
		<point>995,825</point>
		<point>1075,825</point>
		<elem-id>41</elem-id>
		<center>1035,825</center>
		<line-width>10</line-width>
		<has-frame-color>true</has-frame-color>
		<has-inside-color>true</has-inside-color>
		<frame-color>0,0,0</frame-color>
		<frame-color-alarm>255,0,0</frame-color-alarm>
		<fill-color>255,255,255</fill-color>
		<fill-color-alarm>255,255,255</fill-color-alarm>
		<enable-text-input>false</enable-text-input>
		<expr-toggle-color>
			<expr>
				<var>.gxSHOW_Info2USB</var>
			</expr>
		</expr-toggle-color>
		<hidden-input>false</hidden-input>
	</element>
	<element type="polygon">
		<poly-count>2</poly-count>
		<poly-shape>polyline</poly-shape>
		<point>995,825</point>
		<point>995,760</point>
		<elem-id>42</elem-id>
		<center>995,792</center>
		<line-width>10</line-width>
		<has-frame-color>true</has-frame-color>
		<has-inside-color>true</has-inside-color>
		<frame-color>0,0,0</frame-color>
		<frame-color-alarm>255,0,0</frame-color-alarm>
		<fill-color>255,255,255</fill-color>
		<fill-color-alarm>255,255,255</fill-color-alarm>
		<enable-text-input>false</enable-text-input>
		<expr-toggle-color>
			<expr>
				<var>.gxSHOW_Info2USB</var>
			</expr>
		</expr-toggle-color>
		<hidden-input>false</hidden-input>
	</element>
	<element type="polygon">
		<poly-count>2</poly-count>
		<poly-shape>polyline</poly-shape>
		<point>995,760</point>
		<point>1080,760</point>
		<elem-id>43</elem-id>
		<center>1037,760</center>
		<line-width>10</line-width>
		<has-frame-color>true</has-frame-color>
		<has-inside-color>true</has-inside-color>
		<frame-color>0,0,0</frame-color>
		<frame-color-alarm>255,0,0</frame-color-alarm>
		<fill-color>255,255,255</fill-color>
		<fill-color-alarm>255,255,255</fill-color-alarm>
		<enable-text-input>false</enable-text-input>
		<expr-toggle-color>
			<expr>
				<var>.gxSHOW_FAC2FAC</var>
			</expr>
		</expr-toggle-color>
		<hidden-input>false</hidden-input>
	</element>
	<element type="simple">
		<simple-shape>rectangle</simple-shape>
		<elem-id>44</elem-id>
		<center>1388,488</center>
		<line-width>0</line-width>
		<has-frame-color>false</has-frame-color>
		<has-inside-color>false</has-inside-color>
		<frame-color>0,0,0</frame-color>
		<frame-color-alarm>0,0,0</frame-color-alarm>
		<fill-color>0,255,255</fill-color>
		<fill-color-alarm>255,255,255</fill-color-alarm>
		<text-align-horz>left</text-align-horz>
		<text-align-vert>top</text-align-vert>
		<font-height>-37</font-height>
		<font-height-point-size>28</font-height-point-size>
		<font-weight>700</font-weight>
		<font-italic>false</font-italic>
		<font-underline>false</font-underline>
		<font-strike-out>false</font-strike-out>
		<font-char-set>0</font-char-set>
		<text-id>749</text-id>
		<font-name><![CDATA[Arial Unicode MS]]></font-name>
		<font-color>0,0,0</font-color>
		<enable-text-input>false</enable-text-input>
		<text-format>d:\Para_Set\PARAxxx.CSV</text-format>
		<hidden-input>false</hidden-input>
		<rect>1105,460,1671,516</rect>
	</element>
	<element type="simple">
		<simple-shape>rectangle</simple-shape>
		<elem-id>45</elem-id>
		<center>1385,825</center>
		<line-width>0</line-width>
		<has-frame-color>false</has-frame-color>
		<has-inside-color>false</has-inside-color>
		<frame-color>0,0,0</frame-color>
		<frame-color-alarm>0,0,0</frame-color-alarm>
		<fill-color>0,255,255</fill-color>
		<fill-color-alarm>255,255,255</fill-color-alarm>
		<text-align-horz>left</text-align-horz>
		<text-align-vert>center</text-align-vert>
		<font-height>-37</font-height>
		<font-height-point-size>28</font-height-point-size>
		<font-weight>700</font-weight>
		<font-italic>false</font-italic>
		<font-underline>false</font-underline>
		<font-strike-out>false</font-strike-out>
		<font-char-set>0</font-char-set>
		<text-id>750</text-id>
		<font-name><![CDATA[Arial Unicode MS]]></font-name>
		<font-color>0,0,0</font-color>
		<enable-text-input>false</enable-text-input>
		<text-format>d:\SYS_INFO\PA_FACxx.DAT</text-format>
		<hidden-input>false</hidden-input>
		<rect>1100,800,1671,851</rect>
	</element>
	<element type="simple">
		<simple-shape>rectangle</simple-shape>
		<elem-id>46</elem-id>
		<center>1383,938</center>
		<line-width>0</line-width>
		<has-frame-color>false</has-frame-color>
		<has-inside-color>false</has-inside-color>
		<frame-color>0,0,0</frame-color>
		<frame-color-alarm>0,0,0</frame-color-alarm>
		<fill-color>255,0,255</fill-color>
		<fill-color-alarm>255,255,255</fill-color-alarm>
		<text-align-horz>left</text-align-horz>
		<text-align-vert>center</text-align-vert>
		<font-height>-37</font-height>
		<font-height-point-size>28</font-height-point-size>
		<font-weight>700</font-weight>
		<font-italic>false</font-italic>
		<font-underline>false</font-underline>
		<font-strike-out>false</font-strike-out>
		<font-char-set>0</font-char-set>
		<text-id>751</text-id>
		<font-name><![CDATA[Arial Unicode MS]]></font-name>
		<font-color>0,0,0</font-color>
		<enable-text-input>false</enable-text-input>
		<text-format>
			<![CDATA[d:\SYS_INFO\BootStat.DAT
d:\SYS_INFO\IPC_Info.DAT]]>
		</text-format>
		<hidden-input>false</hidden-input>
		<rect>1095,880,1671,996</rect>
	</element>
	<element type="polygon">
		<poly-count>2</poly-count>
		<poly-shape>polyline</poly-shape>
		<point>950,760</point>
		<point>995,760</point>
		<elem-id>47</elem-id>
		<center>972,760</center>
		<line-width>10</line-width>
		<has-frame-color>true</has-frame-color>
		<has-inside-color>true</has-inside-color>
		<frame-color>0,0,0</frame-color>
		<frame-color-alarm>255,0,0</frame-color-alarm>
		<fill-color>255,255,255</fill-color>
		<fill-color-alarm>255,255,255</fill-color-alarm>
		<enable-text-input>false</enable-text-input>
		<expr-toggle-color>
			<expr>
				<var>.gxSHOW_Info2USB</var>
				<var>.gxSHOW_FAC2FAC</var>
				<op>OR(2)</op>
			</expr>
		</expr-toggle-color>
		<hidden-input>false</hidden-input>
	</element>
	<element type="polygon">
		<poly-count>2</poly-count>
		<poly-shape>polyline</poly-shape>
		<point>945,425</point>
		<point>1075,425</point>
		<elem-id>48</elem-id>
		<center>1010,425</center>
		<line-width>10</line-width>
		<has-frame-color>true</has-frame-color>
		<has-inside-color>true</has-inside-color>
		<frame-color>0,0,0</frame-color>
		<frame-color-alarm>255,0,0</frame-color-alarm>
		<fill-color>255,255,255</fill-color>
		<fill-color-alarm>255,255,255</fill-color-alarm>
		<enable-text-input>false</enable-text-input>
		<expr-toggle-color>
			<expr>
				<var>.gxSHOW_Info2USB</var>
				<var>.gxSHOW_ACT2ACT</var>
				<op>OR(2)</op>
			</expr>
		</expr-toggle-color>
		<hidden-input>false</hidden-input>
	</element>
	<element type="simple">
		<simple-shape>rectangle</simple-shape>
		<elem-id>49</elem-id>
		<center>1410,185</center>
		<line-width>0</line-width>
		<has-frame-color>false</has-frame-color>
		<has-inside-color>true</has-inside-color>
		<frame-color>192,192,192</frame-color>
		<frame-color-alarm>0,0,0</frame-color-alarm>
		<fill-color>255,255,0</fill-color>
		<fill-color-alarm>255,255,255</fill-color-alarm>
		<expr-text-color>
			<expr>
				<var>.gwColorANZEIGETEXT</var>
			</expr>
		</expr-text-color>
		<expr-frame-color>
			<expr>
				<var>.gwdColorRAHMEN</var>
			</expr>
		</expr-frame-color>
		<text-align-horz>center</text-align-horz>
		<text-align-vert>center</text-align-vert>
		<font-height>-27</font-height>
		<font-height-point-size>20</font-height-point-size>
		<font-weight>700</font-weight>
		<font-italic>false</font-italic>
		<font-underline>false</font-underline>
		<font-strike-out>false</font-strike-out>
		<font-char-set>0</font-char-set>
		<text-id>752</text-id>
		<font-name><![CDATA[Arial Unicode MS]]></font-name>
		<font-color>0,0,0</font-color>
		<enable-text-input>false</enable-text-input>
		<expr-invisible>
			<expr>
				<var>.gxSHOW_Info2USB</var>
				<const>FALSE</const>
				<op>=(2)</op>
			</expr>
		</expr-invisible>
		<text-format>
			<![CDATA[communication| |watchdog| |of| |the| |fans
could| |report| |errors]]>
		</text-format>
		<hidden-input>false</hidden-input>
		<rect>1145,135,1676,236</rect>
	</element>
	<element type="simple">
		<simple-shape>rectangle</simple-shape>
		<elem-id>50</elem-id>
		<center>850,188</center>
		<line-width>0</line-width>
		<has-frame-color>false</has-frame-color>
		<has-inside-color>true</has-inside-color>
		<frame-color>192,192,192</frame-color>
		<frame-color-alarm>0,0,0</frame-color-alarm>
		<fill-color>255,255,0</fill-color>
		<fill-color-alarm>255,255,255</fill-color-alarm>
		<expr-text-color>
			<expr>
				<var>.gwColorANZEIGETEXT</var>
			</expr>
		</expr-text-color>
		<expr-frame-color>
			<expr>
				<var>.gwdColorRAHMEN</var>
			</expr>
		</expr-frame-color>
		<text-align-horz>center</text-align-horz>
		<text-align-vert>center</text-align-vert>
		<font-height>-27</font-height>
		<font-height-point-size>20</font-height-point-size>
		<font-weight>700</font-weight>
		<font-italic>false</font-italic>
		<font-underline>false</font-underline>
		<font-strike-out>false</font-strike-out>
		<font-char-set>0</font-char-set>
		<text-id>753</text-id>
		<font-name><![CDATA[Arial Unicode MS]]></font-name>
		<font-color>0,0,0</font-color>
		<enable-text-input>false</enable-text-input>
		<expr-invisible>
			<expr>
				<var>.gxSHOW_Info2USB</var>
				<const>FALSE</const>
				<op>=(2)</op>
			</expr>
		</expr-invisible>
		<text-format>
			<![CDATA[cyclic| |polling| |and| |control| |setting
will| |be| |interrupted]]>
		</text-format>
		<hidden-input>false</hidden-input>
		<rect>615,135,1086,241</rect>
	</element>
	<key-info-list/>
	<variablelist>
		<variable name=".gwdColorRAHMEN">4,32038,4,5</variable>
		<variable name=".gwColorTEXTButton">4,32046,4,5</variable>
		<variable name=".gxSHOW_ACT2ACT">4,27755,1,0</variable>
		<variable name=".gwColorANZEIGETEXT">4,32042,4,5</variable>
		<variable name=".gxSHOW_FAC2ACT">4,27753,1,0</variable>
		<variable name=".gxSHOW_Info2USB">4,27750,1,0</variable>
		<variable name=".gxSHOW_ACT2DEF">4,27751,1,0</variable>
		<variable name=".gxSHOW_FAC2FAC">4,27754,1,0</variable>
		<variable name=".gxSHOW_DEF2ACT">4,27752,1,0</variable>
	</variablelist>
</visualisation>