<?xml version="1.0" encoding="ISO-8859-1"?>

<visualisation>
	<time-stamp>1632230257,3452816845</time-stamp>
	<name>FFU_EDIT</name>
	<symplified-user-input>false</symplified-user-input>
	<keyboard-usage-for-table>true</keyboard-usage-for-table>
	<size>301,646</size>
	<usage-type>0</usage-type>
	<use-language-file>false</use-language-file>
	<use-dynamic-text>true</use-dynamic-text>
	<hide-elements>false</hide-elements>
	<language>ENGLISH</language>
	<dynamic-text-file>VIS\SPRACHE\DYNSPR.XML</dynamic-text-file>
	<element type="simple">
		<simple-shape>rectangle</simple-shape>
		<elem-id>0</elem-id>
		<center>150,323</center>
		<line-width>3</line-width>
		<has-frame-color>true</has-frame-color>
		<has-inside-color>true</has-inside-color>
		<frame-color>224,224,224</frame-color>
		<frame-color-alarm>0,0,0</frame-color-alarm>
		<fill-color>255,255,255</fill-color>
		<fill-color-alarm>255,255,255</fill-color-alarm>
		<expr-frame-color>
			<expr>
				<var>.gwdColorRAHMEN</var>
			</expr>
		</expr-frame-color>
		<enable-text-input>false</enable-text-input>
		<hidden-input>false</hidden-input>
		<rect>0,0,301,646</rect>
	</element>
	<element type="button">
		<frame-type>anisotropic</frame-type>
		<elem-id>1</elem-id>
		<center>160,613</center>
		<line-width>0</line-width>
		<has-frame-color>true</has-frame-color>
		<has-inside-color>true</has-inside-color>
		<frame-color>0,0,0</frame-color>
		<frame-color-alarm>0,0,0</frame-color-alarm>
		<fill-color>200,200,200</fill-color>
		<fill-color-alarm>220,220,220</fill-color-alarm>
		<expr-text-color>
			<expr>
				<var>.gwColorTEXTButton</var>
			</expr>
		</expr-text-color>
		<text-align-horz>center</text-align-horz>
		<text-align-vert>center</text-align-vert>
		<font-height>-27</font-height>
		<font-height-point-size>20</font-height-point-size>
		<font-weight>700</font-weight>
		<font-italic>false</font-italic>
		<font-underline>false</font-underline>
		<font-strike-out>false</font-strike-out>
		<font-char-set>0</font-char-set>
		<text-id>147</text-id>
		<font-name><![CDATA[Arial Unicode MS]]></font-name>
		<font-color>0,0,0</font-color>
		<expr-toggle-var>
			<expr>
				<var>.gxFFUedit_SAVE</var>
			</expr>
		</expr-toggle-var>
		<enable-text-input>false</enable-text-input>
		<text-display>
			<expr>
				<const>1</const>
			</expr>
		</text-display>
		<text-format><![CDATA[%|<|SAVE01|>|]]></text-format>
		<hidden-input>false</hidden-input>
		<rect>85,590,236,636</rect>
	</element>
	<element type="simple">
		<simple-shape>rectangle</simple-shape>
		<elem-id>2</elem-id>
		<center>118,43</center>
		<line-width>0</line-width>
		<has-frame-color>true</has-frame-color>
		<has-inside-color>false</has-inside-color>
		<frame-color>192,192,192</frame-color>
		<frame-color-alarm>0,0,0</frame-color-alarm>
		<fill-color>255,255,255</fill-color>
		<fill-color-alarm>255,255,255</fill-color-alarm>
		<expr-text-color>
			<expr>
				<var>.gwColorANZEIGETEXT</var>
			</expr>
		</expr-text-color>
		<expr-frame-color>
			<expr>
				<var>.gwdColorRAHMEN</var>
			</expr>
		</expr-frame-color>
		<text-align-horz>center</text-align-horz>
		<text-align-vert>center</text-align-vert>
		<font-height>-27</font-height>
		<font-height-point-size>20</font-height-point-size>
		<font-weight>700</font-weight>
		<font-italic>false</font-italic>
		<font-underline>false</font-underline>
		<font-strike-out>false</font-strike-out>
		<font-char-set>0</font-char-set>
		<text-id>68</text-id>
		<font-name>Arial</font-name>
		<font-color>0,0,0</font-color>
		<enable-text-input>false</enable-text-input>
		<text-display>
			<expr>
				<var>.gbySelFFU_Group</var>
			</expr>
		</text-display>
		<text-format><![CDATA[| |Fan| |%s]]></text-format>
		<hidden-input>false</hidden-input>
		<rect>15,15,221,71</rect>
	</element>
	<element type="simple">
		<simple-shape>rectangle</simple-shape>
		<elem-id>3</elem-id>
		<center>150,278</center>
		<line-width>0</line-width>
		<has-frame-color>true</has-frame-color>
		<has-inside-color>false</has-inside-color>
		<frame-color>192,192,192</frame-color>
		<frame-color-alarm>0,0,0</frame-color-alarm>
		<fill-color>255,255,255</fill-color>
		<fill-color-alarm>255,255,255</fill-color-alarm>
		<expr-text-color>
			<expr>
				<var>.gwColorANZEIGETEXT</var>
			</expr>
		</expr-text-color>
		<expr-frame-color>
			<expr>
				<var>.gwdColorRAHMEN</var>
			</expr>
		</expr-frame-color>
		<text-align-horz>center</text-align-horz>
		<text-align-vert>center</text-align-vert>
		<font-height>-27</font-height>
		<font-height-point-size>20</font-height-point-size>
		<font-weight>700</font-weight>
		<font-italic>false</font-italic>
		<font-underline>false</font-underline>
		<font-strike-out>false</font-strike-out>
		<font-char-set>0</font-char-set>
		<text-id>96</text-id>
		<font-name><![CDATA[Arial Unicode MS]]></font-name>
		<font-color>0,0,0</font-color>
		<enable-text-input>false</enable-text-input>
		<text-display>
			<expr>
				<const>1</const>
			</expr>
		</text-display>
		<text-format><![CDATA[%|<|OFFSET01|>|]]></text-format>
		<hidden-input>false</hidden-input>
		<rect>25,245,276,311</rect>
	</element>
	<element type="simple">
		<simple-shape>rectangle</simple-shape>
		<elem-id>4</elem-id>
		<center>150,353</center>
		<line-width>0</line-width>
		<has-frame-color>true</has-frame-color>
		<has-inside-color>true</has-inside-color>
		<frame-color>192,192,192</frame-color>
		<frame-color-alarm>0,0,0</frame-color-alarm>
		<fill-color>0,128,192</fill-color>
		<fill-color-alarm>255,255,255</fill-color-alarm>
		<expr-text-color>
			<expr>
				<var>.gwColorEditTEXT</var>
			</expr>
		</expr-text-color>
		<expr-fill-color>
			<expr>
				<var>.gwColorEditBG</var>
			</expr>
		</expr-fill-color>
		<expr-frame-color>
			<expr>
				<var>.gwdColorRAHMEN</var>
			</expr>
		</expr-frame-color>
		<text-align-horz>center</text-align-horz>
		<text-align-vert>center</text-align-vert>
		<font-height>-27</font-height>
		<font-height-point-size>20</font-height-point-size>
		<font-weight>700</font-weight>
		<font-italic>false</font-italic>
		<font-underline>false</font-underline>
		<font-strike-out>false</font-strike-out>
		<font-char-set>0</font-char-set>
		<text-id>97</text-id>
		<font-name><![CDATA[Arial Unicode MS]]></font-name>
		<font-color>0,0,0</font-color>
		<enable-text-input>true</enable-text-input>
		<text-input-type>1</text-input-type>
		<text-display>
			<expr>
				<var>.giSelFFU_Offset</var>
			</expr>
		</text-display>
		<text-format><![CDATA[%s| |rpm]]></text-format>
		<hidden-input>false</hidden-input>
		<rect>25,320,276,386</rect>
	</element>
	<element type="simple">
		<simple-shape>rectangle</simple-shape>
		<elem-id>5</elem-id>
		<center>150,203</center>
		<line-width>0</line-width>
		<has-frame-color>true</has-frame-color>
		<has-inside-color>false</has-inside-color>
		<frame-color>192,192,192</frame-color>
		<frame-color-alarm>0,0,0</frame-color-alarm>
		<fill-color>255,255,255</fill-color>
		<fill-color-alarm>255,255,255</fill-color-alarm>
		<expr-text-color>
			<expr>
				<var>.gwColorANZEIGETEXT</var>
			</expr>
		</expr-text-color>
		<expr-frame-color>
			<expr>
				<var>.gwdColorRAHMEN</var>
			</expr>
		</expr-frame-color>
		<text-align-horz>center</text-align-horz>
		<text-align-vert>center</text-align-vert>
		<font-height>-27</font-height>
		<font-height-point-size>20</font-height-point-size>
		<font-weight>700</font-weight>
		<font-italic>false</font-italic>
		<font-underline>false</font-underline>
		<font-strike-out>false</font-strike-out>
		<font-char-set>0</font-char-set>
		<text-id>145</text-id>
		<font-name><![CDATA[Arial Unicode MS]]></font-name>
		<font-color>0,0,0</font-color>
		<enable-text-input>false</enable-text-input>
		<text-display>
			<expr>
				<var>.gwSelFFU_Nmax_i8</var>
			</expr>
		</text-display>
		<text-format><![CDATA[n-max:| |%s| |rpm]]></text-format>
		<hidden-input>false</hidden-input>
		<rect>25,170,276,236</rect>
	</element>
	<element type="simple">
		<simple-shape>rectangle</simple-shape>
		<elem-id>6</elem-id>
		<center>65,530</center>
		<line-width>0</line-width>
		<has-frame-color>true</has-frame-color>
		<has-inside-color>true</has-inside-color>
		<frame-color>192,192,192</frame-color>
		<frame-color-alarm>0,0,0</frame-color-alarm>
		<fill-color>0,128,192</fill-color>
		<fill-color-alarm>255,255,255</fill-color-alarm>
		<expr-fill-color>
			<expr>
				<var>.gwColorEditBG</var>
			</expr>
		</expr-fill-color>
		<expr-frame-color>
			<expr>
				<var>.gwdColorRAHMEN</var>
			</expr>
		</expr-frame-color>
		<expr-toggle-var>
			<expr>
				<placeholder>$SwitchVar$</placeholder>
			</expr>
		</expr-toggle-var>
		<enable-text-input>false</enable-text-input>
		<hidden-input>false</hidden-input>
		<rect>25,491,106,571</rect>
	</element>
	<element type="simple">
		<simple-shape>circle</simple-shape>
		<elem-id>7</elem-id>
		<center>65,530</center>
		<line-width>4</line-width>
		<has-frame-color>true</has-frame-color>
		<has-inside-color>false</has-inside-color>
		<frame-color>255,255,255</frame-color>
		<frame-color-alarm>0,0,0</frame-color-alarm>
		<fill-color>255,255,255</fill-color>
		<fill-color-alarm>255,255,255</fill-color-alarm>
		<expr-frame-color>
			<expr>
				<var>.gwColorEditTEXT</var>
			</expr>
		</expr-frame-color>
		<enable-text-input>false</enable-text-input>
		<input-action-list>
			<expr-assign>
				<lvalue>
					<expr>
						<var>.gxSelFFU_goOFF</var>
					</expr>
				</lvalue>
				<rvalue>
					<expr>
						<const>TRUE</const>
					</expr>
				</rvalue>
			</expr-assign>
		</input-action-list>
		<hidden-input>false</hidden-input>
		<rect>33,500,97,562</rect>
	</element>
	<element type="simple">
		<simple-shape>circle</simple-shape>
		<elem-id>8</elem-id>
		<center>65,530</center>
		<line-width>0</line-width>
		<has-frame-color>true</has-frame-color>
		<has-inside-color>true</has-inside-color>
		<frame-color>255,255,255</frame-color>
		<frame-color-alarm>0,0,0</frame-color-alarm>
		<fill-color>255,255,255</fill-color>
		<fill-color-alarm>255,255,255</fill-color-alarm>
		<expr-fill-color>
			<expr>
				<var>.gwColorEditTEXT</var>
			</expr>
		</expr-fill-color>
		<expr-frame-color>
			<expr>
				<var>.gwColorEditTEXT</var>
			</expr>
		</expr-frame-color>
		<enable-text-input>false</enable-text-input>
		<input-action-list>
			<expr-assign>
				<lvalue>
					<expr>
						<var>.gxSelFFU_goOFF</var>
					</expr>
				</lvalue>
				<rvalue>
					<expr>
						<const>TRUE</const>
					</expr>
				</rvalue>
			</expr-assign>
		</input-action-list>
		<expr-invisible>
			<expr>
				<var>.gxSelFFU_goOFF</var>
				<const>FALSE</const>
				<op>=(2)</op>
			</expr>
		</expr-invisible>
		<hidden-input>false</hidden-input>
		<rect>46,513,84,549</rect>
	</element>
	<element type="simple">
		<simple-shape>rectangle</simple-shape>
		<elem-id>9</elem-id>
		<center>195,438</center>
		<line-width>0</line-width>
		<has-frame-color>true</has-frame-color>
		<has-inside-color>false</has-inside-color>
		<frame-color>192,192,192</frame-color>
		<frame-color-alarm>0,0,0</frame-color-alarm>
		<fill-color>255,255,255</fill-color>
		<fill-color-alarm>255,255,255</fill-color-alarm>
		<expr-text-color>
			<expr>
				<var>.gwColorANZEIGETEXT</var>
			</expr>
		</expr-text-color>
		<expr-frame-color>
			<expr>
				<var>.gwdColorRAHMEN</var>
			</expr>
		</expr-frame-color>
		<text-align-horz>center</text-align-horz>
		<text-align-vert>center</text-align-vert>
		<font-height>-27</font-height>
		<font-height-point-size>20</font-height-point-size>
		<font-weight>700</font-weight>
		<font-italic>false</font-italic>
		<font-underline>false</font-underline>
		<font-strike-out>false</font-strike-out>
		<font-char-set>0</font-char-set>
		<text-id>156</text-id>
		<font-name><![CDATA[Arial Unicode MS]]></font-name>
		<font-color>0,0,0</font-color>
		<enable-text-input>false</enable-text-input>
		<text-display>
			<expr>
				<const>1</const>
			</expr>
		</text-display>
		<text-format><![CDATA[%|<|ACCESS01|>|]]></text-format>
		<hidden-input>false</hidden-input>
		<rect>115,400,276,476</rect>
	</element>
	<element type="simple">
		<simple-shape>rectangle</simple-shape>
		<elem-id>10</elem-id>
		<center>195,530</center>
		<line-width>0</line-width>
		<has-frame-color>true</has-frame-color>
		<has-inside-color>false</has-inside-color>
		<frame-color>192,192,192</frame-color>
		<frame-color-alarm>0,0,0</frame-color-alarm>
		<fill-color>255,255,255</fill-color>
		<fill-color-alarm>255,255,255</fill-color-alarm>
		<expr-text-color>
			<expr>
				<var>.gwColorANZEIGETEXT</var>
			</expr>
		</expr-text-color>
		<expr-frame-color>
			<expr>
				<var>.gwdColorRAHMEN</var>
			</expr>
		</expr-frame-color>
		<text-align-horz>center</text-align-horz>
		<text-align-vert>center</text-align-vert>
		<font-height>-27</font-height>
		<font-height-point-size>20</font-height-point-size>
		<font-weight>700</font-weight>
		<font-italic>false</font-italic>
		<font-underline>false</font-underline>
		<font-strike-out>false</font-strike-out>
		<font-char-set>0</font-char-set>
		<text-id>157</text-id>
		<font-name><![CDATA[Arial Unicode MS]]></font-name>
		<font-color>0,0,0</font-color>
		<enable-text-input>false</enable-text-input>
		<text-display>
			<expr>
				<const>1</const>
			</expr>
		</text-display>
		<text-format><![CDATA[%|<|ACCESS02|>|]]></text-format>
		<hidden-input>false</hidden-input>
		<rect>115,490,276,571</rect>
	</element>
	<element type="simple">
		<simple-shape>rectangle</simple-shape>
		<elem-id>11</elem-id>
		<center>65,438</center>
		<line-width>0</line-width>
		<has-frame-color>true</has-frame-color>
		<has-inside-color>true</has-inside-color>
		<frame-color>192,192,192</frame-color>
		<frame-color-alarm>0,0,0</frame-color-alarm>
		<fill-color>0,128,192</fill-color>
		<fill-color-alarm>255,255,255</fill-color-alarm>
		<expr-fill-color>
			<expr>
				<var>.gwColorEditBG</var>
			</expr>
		</expr-fill-color>
		<expr-frame-color>
			<expr>
				<var>.gwdColorRAHMEN</var>
			</expr>
		</expr-frame-color>
		<expr-toggle-var>
			<expr>
				<placeholder>$SwitchVar$</placeholder>
			</expr>
		</expr-toggle-var>
		<enable-text-input>false</enable-text-input>
		<hidden-input>false</hidden-input>
		<rect>25,400,106,476</rect>
	</element>
	<element type="simple">
		<simple-shape>circle</simple-shape>
		<elem-id>12</elem-id>
		<center>65,439</center>
		<line-width>4</line-width>
		<has-frame-color>true</has-frame-color>
		<has-inside-color>false</has-inside-color>
		<frame-color>255,255,255</frame-color>
		<frame-color-alarm>0,0,0</frame-color-alarm>
		<fill-color>255,255,255</fill-color>
		<fill-color-alarm>255,255,255</fill-color-alarm>
		<expr-frame-color>
			<expr>
				<var>.gwColorEditTEXT</var>
			</expr>
		</expr-frame-color>
		<enable-text-input>false</enable-text-input>
		<input-action-list>
			<expr-assign>
				<lvalue>
					<expr>
						<var>.gxSelFFU_goOFF</var>
					</expr>
				</lvalue>
				<rvalue>
					<expr>
						<const>FALSE</const>
					</expr>
				</rvalue>
			</expr-assign>
		</input-action-list>
		<hidden-input>false</hidden-input>
		<rect>33,408,97,470</rect>
	</element>
	<element type="simple">
		<simple-shape>circle</simple-shape>
		<elem-id>13</elem-id>
		<center>65,439</center>
		<line-width>0</line-width>
		<has-frame-color>true</has-frame-color>
		<has-inside-color>true</has-inside-color>
		<frame-color>255,255,255</frame-color>
		<frame-color-alarm>0,0,0</frame-color-alarm>
		<fill-color>255,255,255</fill-color>
		<fill-color-alarm>255,255,255</fill-color-alarm>
		<expr-fill-color>
			<expr>
				<var>.gwColorEditTEXT</var>
			</expr>
		</expr-fill-color>
		<expr-frame-color>
			<expr>
				<var>.gwColorEditTEXT</var>
			</expr>
		</expr-frame-color>
		<enable-text-input>false</enable-text-input>
		<input-action-list>
			<expr-assign>
				<lvalue>
					<expr>
						<var>.gxSelFFU_goOFF</var>
					</expr>
				</lvalue>
				<rvalue>
					<expr>
						<const>FALSE</const>
					</expr>
				</rvalue>
			</expr-assign>
		</input-action-list>
		<expr-invisible>
			<expr>
				<var>.gxSelFFU_goOFF</var>
				<const>TRUE</const>
				<op>=(2)</op>
			</expr>
		</expr-invisible>
		<hidden-input>false</hidden-input>
		<rect>46,421,84,457</rect>
	</element>
	<element type="simple">
		<simple-shape>rectangle</simple-shape>
		<elem-id>14</elem-id>
		<center>150,483</center>
		<line-width>0</line-width>
		<has-frame-color>false</has-frame-color>
		<has-inside-color>false</has-inside-color>
		<frame-color>255,0,255</frame-color>
		<frame-color-alarm>0,0,0</frame-color-alarm>
		<fill-color>255,255,255</fill-color>
		<fill-color-alarm>255,255,255</fill-color-alarm>
		<expr-text-color>
			<expr>
				<var>.gwColorANZEIGETEXT</var>
			</expr>
		</expr-text-color>
		<expr-frame-color>
			<expr>
				<var>.gwdColorRAHMEN</var>
			</expr>
		</expr-frame-color>
		<text-id>149</text-id>
		<enable-text-input>false</enable-text-input>
		<expr-invisible>
			<expr>
				<var>.CurrentUserLevel</var>
				<const>1</const>
				<op>&gt;=(2)</op>
			</expr>
		</expr-invisible>
		<tooltip><![CDATA[min. User Level 1]]></tooltip>
		<hidden-input>false</hidden-input>
		<rect>5,320,296,646</rect>
	</element>
	<element type="simple">
		<simple-shape>rectangle</simple-shape>
		<elem-id>15</elem-id>
		<center>190,128</center>
		<line-width>0</line-width>
		<has-frame-color>true</has-frame-color>
		<has-inside-color>false</has-inside-color>
		<frame-color>192,192,192</frame-color>
		<frame-color-alarm>0,0,0</frame-color-alarm>
		<fill-color>255,255,255</fill-color>
		<fill-color-alarm>255,255,255</fill-color-alarm>
		<expr-text-color>
			<expr>
				<var>.gwColorANZEIGETEXT</var>
			</expr>
		</expr-text-color>
		<expr-frame-color>
			<expr>
				<var>.gwdColorRAHMEN</var>
			</expr>
		</expr-frame-color>
		<text-align-horz>center</text-align-horz>
		<text-align-vert>center</text-align-vert>
		<font-height>-27</font-height>
		<font-height-point-size>20</font-height-point-size>
		<font-weight>700</font-weight>
		<font-italic>false</font-italic>
		<font-underline>false</font-underline>
		<font-strike-out>false</font-strike-out>
		<font-char-set>0</font-char-set>
		<text-id>159</text-id>
		<font-name><![CDATA[Arial Unicode MS]]></font-name>
		<font-color>0,0,0</font-color>
		<enable-text-input>false</enable-text-input>
		<text-display>
			<expr>
				<const>1</const>
			</expr>
		</text-display>
		<text-format><![CDATA[%|<|ENABLE01|>|]]></text-format>
		<hidden-input>false</hidden-input>
		<rect>105,95,276,161</rect>
	</element>
	<element type="group">
		<elem-id>16</elem-id>
		<center>60,130</center>
		<line-width>0</line-width>
		<has-frame-color>false</has-frame-color>
		<has-inside-color>false</has-inside-color>
		<frame-color>0,0,0</frame-color>
		<frame-color-alarm>0,0,0</frame-color-alarm>
		<fill-color>255,255,255</fill-color>
		<fill-color-alarm>255,255,255</fill-color-alarm>
		<expr-input-disabled>
			<expr>
				<var>.CurrentUserLevel</var>
				<const>1</const>
				<op><![CDATA[<(2)]]></op>
			</expr>
		</expr-input-disabled>
		<text-id>4294967295</text-id>
		<enable-text-input>false</enable-text-input>
		<tooltip><![CDATA[min. User Level 1]]></tooltip>
		<hidden-input>false</hidden-input>
		<rect>25,95,96,166</rect>
		<show-frame>false</show-frame>
		<clip-frame>false</clip-frame>
		<iso-frame>false</iso-frame>
		<original-frame>false</original-frame>
		<animate-childs>true</animate-childs>
		<element type="simple">
			<simple-shape>rectangle</simple-shape>
			<elem-id>17</elem-id>
			<center>35,35</center>
			<line-width>0</line-width>
			<has-frame-color>false</has-frame-color>
			<has-inside-color>true</has-inside-color>
			<frame-color>255,255,255</frame-color>
			<frame-color-alarm>0,0,0</frame-color-alarm>
			<fill-color>0,128,192</fill-color>
			<fill-color-alarm>255,255,255</fill-color-alarm>
			<expr-fill-color>
				<expr>
					<var>.gwColorEditBG</var>
				</expr>
			</expr-fill-color>
			<expr-toggle-var>
				<expr>
					<var>.gxSelFFU_goEnable</var>
				</expr>
			</expr-toggle-var>
			<enable-text-input>false</enable-text-input>
			<hidden-input>false</hidden-input>
			<rect>0,0,71,71</rect>
		</element>
		<element type="simple">
			<simple-shape>rectangle</simple-shape>
			<elem-id>18</elem-id>
			<center>36,35</center>
			<line-width>4</line-width>
			<has-frame-color>true</has-frame-color>
			<has-inside-color>false</has-inside-color>
			<frame-color>255,255,255</frame-color>
			<frame-color-alarm>0,0,0</frame-color-alarm>
			<fill-color>0,128,192</fill-color>
			<fill-color-alarm>255,255,255</fill-color-alarm>
			<expr-fill-color>
				<expr>
					<var>.gwColorEditBG</var>
				</expr>
			</expr-fill-color>
			<expr-toggle-var>
				<expr>
					<var>.gxSelFFU_goEnable</var>
				</expr>
			</expr-toggle-var>
			<enable-text-input>false</enable-text-input>
			<hidden-input>false</hidden-input>
			<rect>8,7,64,63</rect>
		</element>
		<element type="group">
			<elem-id>19</elem-id>
			<center>37,35</center>
			<line-width>0</line-width>
			<has-frame-color>false</has-frame-color>
			<has-inside-color>false</has-inside-color>
			<frame-color>0,0,0</frame-color>
			<frame-color-alarm>0,0,0</frame-color-alarm>
			<fill-color>255,255,255</fill-color>
			<fill-color-alarm>255,255,255</fill-color-alarm>
			<expr-toggle-var>
				<expr>
					<var>.gxSelFFU_goEnable</var>
				</expr>
			</expr-toggle-var>
			<enable-text-input>false</enable-text-input>
			<expr-invisible>
				<expr>
					<var>.gxSelFFU_goEnable</var>
					<const>FALSE</const>
					<op>=(2)</op>
				</expr>
			</expr-invisible>
			<hidden-input>false</hidden-input>
			<rect>16,15,58,55</rect>
			<show-frame>false</show-frame>
			<clip-frame>false</clip-frame>
			<iso-frame>false</iso-frame>
			<original-frame>false</original-frame>
			<animate-childs>true</animate-childs>
			<element type="polygon">
				<poly-count>2</poly-count>
				<poly-shape>polyline</poly-shape>
				<point>0,9</point>
				<point>5,15</point>
				<elem-id>20</elem-id>
				<center>2,12</center>
				<line-width>5</line-width>
				<has-frame-color>true</has-frame-color>
				<has-inside-color>true</has-inside-color>
				<frame-color>0,255,0</frame-color>
				<frame-color-alarm>0,0,0</frame-color-alarm>
				<fill-color>255,255,255</fill-color>
				<fill-color-alarm>255,255,255</fill-color-alarm>
				<enable-text-input>false</enable-text-input>
				<hidden-input>false</hidden-input>
			</element>
			<element type="polygon">
				<poly-count>4</poly-count>
				<poly-shape>bezier</poly-shape>
				<point>5,15</point>
				<point>7,9</point>
				<point>10,3</point>
				<point>20,0</point>
				<elem-id>21</elem-id>
				<center>10,6</center>
				<line-width>5</line-width>
				<has-frame-color>true</has-frame-color>
				<has-inside-color>true</has-inside-color>
				<frame-color>0,255,0</frame-color>
				<frame-color-alarm>0,0,0</frame-color-alarm>
				<fill-color>255,255,255</fill-color>
				<fill-color-alarm>255,255,255</fill-color-alarm>
				<enable-text-input>false</enable-text-input>
				<hidden-input>false</hidden-input>
			</element>
			<key-info-list/>
		</element>
		<key-info-list/>
	</element>
	<element type="polygon">
		<poly-count>4</poly-count>
		<poly-shape>polygon</poly-shape>
		<point>10,90</point>
		<point>290,365</point>
		<point>290,375</point>
		<point>10,100</point>
		<elem-id>22</elem-id>
		<center>150,232</center>
		<line-width>0</line-width>
		<has-frame-color>false</has-frame-color>
		<has-inside-color>true</has-inside-color>
		<frame-color>0,0,0</frame-color>
		<frame-color-alarm>0,0,0</frame-color-alarm>
		<fill-color>255,128,0</fill-color>
		<fill-color-alarm>255,255,255</fill-color-alarm>
		<enable-text-input>false</enable-text-input>
		<expr-invisible>
			<expr>
				<var>.gxSelFFU_goOFF</var>
				<const>FALSE</const>
				<op>=(2)</op>
			</expr>
		</expr-invisible>
		<hidden-input>false</hidden-input>
	</element>
	<element type="button">
		<frame-type>anisotropic</frame-type>
		<elem-id>23</elem-id>
		<center>263,38</center>
		<line-width>0</line-width>
		<has-frame-color>true</has-frame-color>
		<has-inside-color>true</has-inside-color>
		<frame-color>0,0,0</frame-color>
		<frame-color-alarm>0,0,0</frame-color-alarm>
		<fill-color>200,200,200</fill-color>
		<fill-color-alarm>220,220,220</fill-color-alarm>
		<expr-text-color>
			<expr>
				<var>.gwColorTEXTButton</var>
			</expr>
		</expr-text-color>
		<text-align-horz>center</text-align-horz>
		<text-align-vert>center</text-align-vert>
		<font-height>-37</font-height>
		<font-height-point-size>28</font-height-point-size>
		<font-weight>700</font-weight>
		<font-italic>false</font-italic>
		<font-underline>false</font-underline>
		<font-strike-out>false</font-strike-out>
		<font-char-set>0</font-char-set>
		<text-id>173</text-id>
		<font-name><![CDATA[Arial Unicode MS]]></font-name>
		<font-color>0,0,0</font-color>
		<enable-text-input>false</enable-text-input>
		<input-action-list>
			<expr-assign>
				<lvalue>
					<expr>
						<var>.gxSelFFU_EDIT</var>
					</expr>
				</lvalue>
				<rvalue>
					<expr>
						<const>FALSE</const>
					</expr>
				</rvalue>
			</expr-assign>
		</input-action-list>
		<text-display>
			<expr>
				<const>1</const>
			</expr>
		</text-display>
		<text-format>X</text-format>
		<hidden-input>false</hidden-input>
		<rect>233,3,294,74</rect>
	</element>
	<key-info-list/>
	<variablelist>
		<variable name=".gwdColorRAHMEN">4,32038,4,5</variable>
		<variable name=".gwColorTEXTButton">4,32046,4,5</variable>
		<variable name=".gxFFUedit_SAVE">4,23517,1,0</variable>
		<variable name=".gwColorANZEIGETEXT">4,32042,4,5</variable>
		<variable name=".gbySelFFU_Group">4,23493,1,2</variable>
		<variable name=".gwColorEditTEXT">4,32050,4,5</variable>
		<variable name=".gwColorEditBG">4,32058,4,5</variable>
		<variable name=".giSelFFU_Offset">4,23520,2,1</variable>
		<variable name=".gwSelFFU_Nmax_i8">4,23514,2,3</variable>
		<variable name=".gxSelFFU_goOFF">4,23518,1,0</variable>
		<variable name=".CurrentUserLevel">4,22573,2,1</variable>
		<variable name=".gxSelFFU_goEnable">4,23519,1,0</variable>
		<variable name=".gxSelFFU_EDIT">4,23491,1,0</variable>
	</variablelist>
</visualisation>