<?xml version="1.0" encoding="ISO-8859-1"?>

<visualisation>
	<time-stamp>1634725283,635285219</time-stamp>
	<name>SC_SETUP</name>
	<symplified-user-input>false</symplified-user-input>
	<keyboard-usage-for-table>true</keyboard-usage-for-table>
	<size>1721,1196</size>
	<usage-type>0</usage-type>
	<use-language-file>false</use-language-file>
	<use-dynamic-text>true</use-dynamic-text>
	<hide-elements>false</hide-elements>
	<language>ENGLISH</language>
	<dynamic-text-file>VIS\SPRACHE\DYNSPR.XML</dynamic-text-file>
	<element type="bitmap">
		<file-name>vis\bgpic01.jpg</file-name>
		<transparent>false</transparent>
		<show-frame>true</show-frame>
		<clip-frame>true</clip-frame>
		<frame-type>anisotropic</frame-type>
		<elem-id>0</elem-id>
		<center>860,598</center>
		<line-width>0</line-width>
		<has-frame-color>true</has-frame-color>
		<has-inside-color>true</has-inside-color>
		<frame-color>192,192,192</frame-color>
		<frame-color-alarm>255,255,255</frame-color-alarm>
		<fill-color>255,255,255</fill-color>
		<fill-color-alarm>255,255,255</fill-color-alarm>
		<expr-frame-color>
			<expr>
				<var>.gwdColorRAHMEN</var>
			</expr>
		</expr-frame-color>
		<enable-text-input>false</enable-text-input>
		<hidden-input>false</hidden-input>
		<rect>0,0,1721,1196</rect>
	</element>
	<element type="button">
		<frame-type>anisotropic</frame-type>
		<elem-id>1</elem-id>
		<center>365,105</center>
		<line-width>0</line-width>
		<has-frame-color>true</has-frame-color>
		<has-inside-color>true</has-inside-color>
		<frame-color>0,0,0</frame-color>
		<frame-color-alarm>0,0,0</frame-color-alarm>
		<fill-color>200,200,200</fill-color>
		<fill-color-alarm>220,220,220</fill-color-alarm>
		<expr-text-color>
			<expr>
				<var>.gwColorTEXTButton</var>
			</expr>
		</expr-text-color>
		<text-align-horz>center</text-align-horz>
		<text-align-vert>center</text-align-vert>
		<font-height>-27</font-height>
		<font-height-point-size>20</font-height-point-size>
		<font-weight>700</font-weight>
		<font-italic>false</font-italic>
		<font-underline>false</font-underline>
		<font-strike-out>false</font-strike-out>
		<font-char-set>0</font-char-set>
		<text-id>251</text-id>
		<font-name><![CDATA[Arial Unicode MS]]></font-name>
		<font-color>0,0,0</font-color>
		<enable-text-input>false</enable-text-input>
		<input-action-list>
			<expr-assign>
				<lvalue>
					<expr>
						<var>.gxSaveRsolution</var>
					</expr>
				</lvalue>
				<rvalue>
					<expr>
						<const>TRUE</const>
					</expr>
				</rvalue>
			</expr-assign>
			<expr-assign>
				<lvalue>
					<expr>
						<var>.gxRefreshWebpage</var>
					</expr>
				</lvalue>
				<rvalue>
					<expr>
						<const>TRUE</const>
					</expr>
				</rvalue>
			</expr-assign>
		</input-action-list>
		<text-display>
			<expr>
				<const>1</const>
			</expr>
		</text-display>
		<text-format><![CDATA[%|<|SAVE01|>|]]></text-format>
		<hidden-input>false</hidden-input>
		<rect>290,60,441,151</rect>
	</element>
	<element type="simple">
		<simple-shape>rectangle</simple-shape>
		<elem-id>2</elem-id>
		<center>853,110</center>
		<line-width>0</line-width>
		<has-frame-color>true</has-frame-color>
		<has-inside-color>false</has-inside-color>
		<frame-color>192,192,192</frame-color>
		<frame-color-alarm>0,0,0</frame-color-alarm>
		<fill-color>255,255,255</fill-color>
		<fill-color-alarm>255,255,255</fill-color-alarm>
		<expr-text-color>
			<expr>
				<var>.gwColorANZEIGETEXT</var>
			</expr>
		</expr-text-color>
		<expr-frame-color>
			<expr>
				<var>.gwdColorRAHMEN</var>
			</expr>
		</expr-frame-color>
		<text-align-horz>center</text-align-horz>
		<text-align-vert>center</text-align-vert>
		<font-height>-35</font-height>
		<font-height-point-size>26</font-height-point-size>
		<font-weight>700</font-weight>
		<font-italic>false</font-italic>
		<font-underline>false</font-underline>
		<font-strike-out>false</font-strike-out>
		<font-char-set>0</font-char-set>
		<text-id>252</text-id>
		<font-name><![CDATA[Arial Unicode MS]]></font-name>
		<font-color>0,0,0</font-color>
		<enable-text-input>false</enable-text-input>
		<text-display>
			<expr>
				<const>1</const>
			</expr>
		</text-display>
		<text-format><![CDATA[%|<|SCREEN01|>|]]></text-format>
		<hidden-input>false</hidden-input>
		<rect>585,60,1121,161</rect>
	</element>
	<element type="button">
		<frame-type>anisotropic</frame-type>
		<elem-id>3</elem-id>
		<center>135,105</center>
		<line-width>0</line-width>
		<has-frame-color>true</has-frame-color>
		<has-inside-color>true</has-inside-color>
		<frame-color>0,0,0</frame-color>
		<frame-color-alarm>0,0,0</frame-color-alarm>
		<fill-color>200,200,200</fill-color>
		<fill-color-alarm>220,220,220</fill-color-alarm>
		<expr-text-color>
			<expr>
				<var>.gwColorTEXTButton</var>
			</expr>
		</expr-text-color>
		<text-align-horz>center</text-align-horz>
		<text-align-vert>center</text-align-vert>
		<font-height>-27</font-height>
		<font-height-point-size>20</font-height-point-size>
		<font-weight>700</font-weight>
		<font-italic>false</font-italic>
		<font-underline>false</font-underline>
		<font-strike-out>false</font-strike-out>
		<font-char-set>0</font-char-set>
		<text-id>253</text-id>
		<font-name><![CDATA[Arial Unicode MS]]></font-name>
		<font-color>0,0,0</font-color>
		<expr-zoom>
			<expr>
				<placeholder>PLC_VISU</placeholder>
			</expr>
		</expr-zoom>
		<enable-text-input>false</enable-text-input>
		<text-display>
			<expr>
				<const>1</const>
			</expr>
		</text-display>
		<text-format><![CDATA[%|<|RETURN01|>|]]></text-format>
		<hidden-input>false</hidden-input>
		<rect>60,60,211,151</rect>
	</element>
	<element type="simple">
		<simple-shape>rectangle</simple-shape>
		<elem-id>4</elem-id>
		<center>530,487</center>
		<line-width>0</line-width>
		<has-frame-color>true</has-frame-color>
		<has-inside-color>false</has-inside-color>
		<frame-color>192,192,192</frame-color>
		<frame-color-alarm>0,0,0</frame-color-alarm>
		<fill-color>255,255,255</fill-color>
		<fill-color-alarm>255,255,255</fill-color-alarm>
		<expr-text-color>
			<expr>
				<var>.gwColorANZEIGETEXT</var>
			</expr>
		</expr-text-color>
		<expr-frame-color>
			<expr>
				<var>.gwdColorRAHMEN</var>
			</expr>
		</expr-frame-color>
		<text-align-horz>center</text-align-horz>
		<text-align-vert>center</text-align-vert>
		<font-height>-32</font-height>
		<font-height-point-size>24</font-height-point-size>
		<font-weight>700</font-weight>
		<font-italic>false</font-italic>
		<font-underline>false</font-underline>
		<font-strike-out>false</font-strike-out>
		<font-char-set>0</font-char-set>
		<text-id>303</text-id>
		<font-name><![CDATA[Arial Unicode MS]]></font-name>
		<font-color>0,0,0</font-color>
		<enable-text-input>false</enable-text-input>
		<input-action-list>
			<expr-assign>
				<lvalue>
					<expr>
						<var>.gbyResolutionEDIT</var>
					</expr>
				</lvalue>
				<rvalue>
					<expr>
						<const>1</const>
					</expr>
				</rvalue>
			</expr-assign>
		</input-action-list>
		<text-format>1</text-format>
		<hidden-input>false</hidden-input>
		<rect>370,450,691,525</rect>
	</element>
	<element type="simple">
		<simple-shape>rectangle</simple-shape>
		<elem-id>5</elem-id>
		<center>530,572</center>
		<line-width>0</line-width>
		<has-frame-color>true</has-frame-color>
		<has-inside-color>false</has-inside-color>
		<frame-color>192,192,192</frame-color>
		<frame-color-alarm>0,0,0</frame-color-alarm>
		<fill-color>255,255,255</fill-color>
		<fill-color-alarm>255,255,255</fill-color-alarm>
		<expr-text-color>
			<expr>
				<var>.gwColorANZEIGETEXT</var>
			</expr>
		</expr-text-color>
		<expr-frame-color>
			<expr>
				<var>.gwdColorRAHMEN</var>
			</expr>
		</expr-frame-color>
		<text-align-horz>center</text-align-horz>
		<text-align-vert>center</text-align-vert>
		<font-height>-32</font-height>
		<font-height-point-size>24</font-height-point-size>
		<font-weight>700</font-weight>
		<font-italic>false</font-italic>
		<font-underline>false</font-underline>
		<font-strike-out>false</font-strike-out>
		<font-char-set>0</font-char-set>
		<text-id>339</text-id>
		<font-name><![CDATA[Arial Unicode MS]]></font-name>
		<font-color>0,0,0</font-color>
		<enable-text-input>false</enable-text-input>
		<input-action-list>
			<expr-assign>
				<lvalue>
					<expr>
						<var>.gbyResolutionEDIT</var>
					</expr>
				</lvalue>
				<rvalue>
					<expr>
						<const>2</const>
					</expr>
				</rvalue>
			</expr-assign>
		</input-action-list>
		<text-format>2</text-format>
		<hidden-input>false</hidden-input>
		<rect>370,535,691,610</rect>
	</element>
	<element type="simple">
		<simple-shape>rectangle</simple-shape>
		<elem-id>6</elem-id>
		<center>530,657</center>
		<line-width>0</line-width>
		<has-frame-color>true</has-frame-color>
		<has-inside-color>false</has-inside-color>
		<frame-color>192,192,192</frame-color>
		<frame-color-alarm>0,0,0</frame-color-alarm>
		<fill-color>255,255,255</fill-color>
		<fill-color-alarm>255,255,255</fill-color-alarm>
		<expr-text-color>
			<expr>
				<var>.gwColorANZEIGETEXT</var>
			</expr>
		</expr-text-color>
		<expr-frame-color>
			<expr>
				<var>.gwdColorRAHMEN</var>
			</expr>
		</expr-frame-color>
		<text-align-horz>center</text-align-horz>
		<text-align-vert>center</text-align-vert>
		<font-height>-32</font-height>
		<font-height-point-size>24</font-height-point-size>
		<font-weight>700</font-weight>
		<font-italic>false</font-italic>
		<font-underline>false</font-underline>
		<font-strike-out>false</font-strike-out>
		<font-char-set>0</font-char-set>
		<text-id>344</text-id>
		<font-name><![CDATA[Arial Unicode MS]]></font-name>
		<font-color>0,0,0</font-color>
		<enable-text-input>false</enable-text-input>
		<input-action-list>
			<expr-assign>
				<lvalue>
					<expr>
						<var>.gbyResolutionEDIT</var>
					</expr>
				</lvalue>
				<rvalue>
					<expr>
						<const>3</const>
					</expr>
				</rvalue>
			</expr-assign>
		</input-action-list>
		<text-format>3</text-format>
		<hidden-input>false</hidden-input>
		<rect>370,620,691,695</rect>
	</element>
	<element type="simple">
		<simple-shape>rectangle</simple-shape>
		<elem-id>7</elem-id>
		<center>530,742</center>
		<line-width>0</line-width>
		<has-frame-color>true</has-frame-color>
		<has-inside-color>false</has-inside-color>
		<frame-color>192,192,192</frame-color>
		<frame-color-alarm>0,0,0</frame-color-alarm>
		<fill-color>255,255,255</fill-color>
		<fill-color-alarm>255,255,255</fill-color-alarm>
		<expr-text-color>
			<expr>
				<var>.gwColorANZEIGETEXT</var>
			</expr>
		</expr-text-color>
		<expr-frame-color>
			<expr>
				<var>.gwdColorRAHMEN</var>
			</expr>
		</expr-frame-color>
		<text-align-horz>center</text-align-horz>
		<text-align-vert>center</text-align-vert>
		<font-height>-32</font-height>
		<font-height-point-size>24</font-height-point-size>
		<font-weight>700</font-weight>
		<font-italic>false</font-italic>
		<font-underline>false</font-underline>
		<font-strike-out>false</font-strike-out>
		<font-char-set>0</font-char-set>
		<text-id>349</text-id>
		<font-name><![CDATA[Arial Unicode MS]]></font-name>
		<font-color>0,0,0</font-color>
		<enable-text-input>false</enable-text-input>
		<input-action-list>
			<expr-assign>
				<lvalue>
					<expr>
						<var>.gbyResolutionEDIT</var>
					</expr>
				</lvalue>
				<rvalue>
					<expr>
						<const>4</const>
					</expr>
				</rvalue>
			</expr-assign>
		</input-action-list>
		<text-format>4</text-format>
		<hidden-input>false</hidden-input>
		<rect>370,705,691,780</rect>
	</element>
	<element type="simple">
		<simple-shape>rectangle</simple-shape>
		<elem-id>8</elem-id>
		<center>530,827</center>
		<line-width>0</line-width>
		<has-frame-color>true</has-frame-color>
		<has-inside-color>false</has-inside-color>
		<frame-color>192,192,192</frame-color>
		<frame-color-alarm>0,0,0</frame-color-alarm>
		<fill-color>255,255,255</fill-color>
		<fill-color-alarm>255,255,255</fill-color-alarm>
		<expr-text-color>
			<expr>
				<var>.gwColorANZEIGETEXT</var>
			</expr>
		</expr-text-color>
		<expr-frame-color>
			<expr>
				<var>.gwdColorRAHMEN</var>
			</expr>
		</expr-frame-color>
		<text-align-horz>center</text-align-horz>
		<text-align-vert>center</text-align-vert>
		<font-height>-32</font-height>
		<font-height-point-size>24</font-height-point-size>
		<font-weight>700</font-weight>
		<font-italic>false</font-italic>
		<font-underline>false</font-underline>
		<font-strike-out>false</font-strike-out>
		<font-char-set>0</font-char-set>
		<text-id>354</text-id>
		<font-name><![CDATA[Arial Unicode MS]]></font-name>
		<font-color>0,0,0</font-color>
		<enable-text-input>false</enable-text-input>
		<input-action-list>
			<expr-assign>
				<lvalue>
					<expr>
						<var>.gbyResolutionEDIT</var>
					</expr>
				</lvalue>
				<rvalue>
					<expr>
						<const>5</const>
					</expr>
				</rvalue>
			</expr-assign>
		</input-action-list>
		<text-format>5</text-format>
		<hidden-input>false</hidden-input>
		<rect>370,790,691,865</rect>
	</element>
	<element type="simple">
		<simple-shape>rectangle</simple-shape>
		<elem-id>9</elem-id>
		<center>960,487</center>
		<line-width>0</line-width>
		<has-frame-color>true</has-frame-color>
		<has-inside-color>false</has-inside-color>
		<frame-color>192,192,192</frame-color>
		<frame-color-alarm>0,0,0</frame-color-alarm>
		<fill-color>255,255,255</fill-color>
		<fill-color-alarm>255,255,255</fill-color-alarm>
		<expr-text-color>
			<expr>
				<var>.gwColorANZEIGETEXT</var>
			</expr>
		</expr-text-color>
		<expr-frame-color>
			<expr>
				<var>.gwdColorRAHMEN</var>
			</expr>
		</expr-frame-color>
		<text-align-horz>center</text-align-horz>
		<text-align-vert>center</text-align-vert>
		<font-height>-32</font-height>
		<font-height-point-size>24</font-height-point-size>
		<font-weight>700</font-weight>
		<font-italic>false</font-italic>
		<font-underline>false</font-underline>
		<font-strike-out>false</font-strike-out>
		<font-char-set>0</font-char-set>
		<text-id>359</text-id>
		<font-name><![CDATA[Arial Unicode MS]]></font-name>
		<font-color>0,0,0</font-color>
		<enable-text-input>false</enable-text-input>
		<input-action-list>
			<expr-assign>
				<lvalue>
					<expr>
						<var>.gbyResolutionEDIT</var>
					</expr>
				</lvalue>
				<rvalue>
					<expr>
						<const>6</const>
					</expr>
				</rvalue>
			</expr-assign>
		</input-action-list>
		<text-format>6</text-format>
		<hidden-input>false</hidden-input>
		<rect>800,450,1121,525</rect>
	</element>
	<element type="simple">
		<simple-shape>rectangle</simple-shape>
		<elem-id>10</elem-id>
		<center>960,572</center>
		<line-width>0</line-width>
		<has-frame-color>true</has-frame-color>
		<has-inside-color>false</has-inside-color>
		<frame-color>192,192,192</frame-color>
		<frame-color-alarm>0,0,0</frame-color-alarm>
		<fill-color>255,255,255</fill-color>
		<fill-color-alarm>255,255,255</fill-color-alarm>
		<expr-text-color>
			<expr>
				<var>.gwColorANZEIGETEXT</var>
			</expr>
		</expr-text-color>
		<expr-frame-color>
			<expr>
				<var>.gwdColorRAHMEN</var>
			</expr>
		</expr-frame-color>
		<text-align-horz>center</text-align-horz>
		<text-align-vert>center</text-align-vert>
		<font-height>-32</font-height>
		<font-height-point-size>24</font-height-point-size>
		<font-weight>700</font-weight>
		<font-italic>false</font-italic>
		<font-underline>false</font-underline>
		<font-strike-out>false</font-strike-out>
		<font-char-set>0</font-char-set>
		<text-id>364</text-id>
		<font-name><![CDATA[Arial Unicode MS]]></font-name>
		<font-color>0,0,0</font-color>
		<enable-text-input>false</enable-text-input>
		<input-action-list>
			<expr-assign>
				<lvalue>
					<expr>
						<var>.gbyResolutionEDIT</var>
					</expr>
				</lvalue>
				<rvalue>
					<expr>
						<const>7</const>
					</expr>
				</rvalue>
			</expr-assign>
		</input-action-list>
		<text-format>7</text-format>
		<hidden-input>false</hidden-input>
		<rect>800,535,1121,610</rect>
	</element>
	<element type="simple">
		<simple-shape>rectangle</simple-shape>
		<elem-id>11</elem-id>
		<center>960,657</center>
		<line-width>0</line-width>
		<has-frame-color>true</has-frame-color>
		<has-inside-color>false</has-inside-color>
		<frame-color>192,192,192</frame-color>
		<frame-color-alarm>0,0,0</frame-color-alarm>
		<fill-color>255,255,255</fill-color>
		<fill-color-alarm>255,255,255</fill-color-alarm>
		<expr-text-color>
			<expr>
				<var>.gwColorANZEIGETEXT</var>
			</expr>
		</expr-text-color>
		<expr-frame-color>
			<expr>
				<var>.gwdColorRAHMEN</var>
			</expr>
		</expr-frame-color>
		<text-align-horz>center</text-align-horz>
		<text-align-vert>center</text-align-vert>
		<font-height>-32</font-height>
		<font-height-point-size>24</font-height-point-size>
		<font-weight>700</font-weight>
		<font-italic>false</font-italic>
		<font-underline>false</font-underline>
		<font-strike-out>false</font-strike-out>
		<font-char-set>0</font-char-set>
		<text-id>369</text-id>
		<font-name><![CDATA[Arial Unicode MS]]></font-name>
		<font-color>0,0,0</font-color>
		<enable-text-input>false</enable-text-input>
		<input-action-list>
			<expr-assign>
				<lvalue>
					<expr>
						<var>.gbyResolutionEDIT</var>
					</expr>
				</lvalue>
				<rvalue>
					<expr>
						<const>8</const>
					</expr>
				</rvalue>
			</expr-assign>
		</input-action-list>
		<text-format>8</text-format>
		<hidden-input>false</hidden-input>
		<rect>800,620,1121,695</rect>
	</element>
	<element type="simple">
		<simple-shape>rectangle</simple-shape>
		<elem-id>12</elem-id>
		<center>960,742</center>
		<line-width>0</line-width>
		<has-frame-color>true</has-frame-color>
		<has-inside-color>false</has-inside-color>
		<frame-color>192,192,192</frame-color>
		<frame-color-alarm>0,0,0</frame-color-alarm>
		<fill-color>255,255,255</fill-color>
		<fill-color-alarm>255,255,255</fill-color-alarm>
		<expr-text-color>
			<expr>
				<var>.gwColorANZEIGETEXT</var>
			</expr>
		</expr-text-color>
		<expr-frame-color>
			<expr>
				<var>.gwdColorRAHMEN</var>
			</expr>
		</expr-frame-color>
		<text-align-horz>center</text-align-horz>
		<text-align-vert>center</text-align-vert>
		<font-height>-32</font-height>
		<font-height-point-size>24</font-height-point-size>
		<font-weight>700</font-weight>
		<font-italic>false</font-italic>
		<font-underline>false</font-underline>
		<font-strike-out>false</font-strike-out>
		<font-char-set>0</font-char-set>
		<text-id>374</text-id>
		<font-name><![CDATA[Arial Unicode MS]]></font-name>
		<font-color>0,0,0</font-color>
		<enable-text-input>false</enable-text-input>
		<input-action-list>
			<expr-assign>
				<lvalue>
					<expr>
						<var>.gbyResolutionEDIT</var>
					</expr>
				</lvalue>
				<rvalue>
					<expr>
						<const>9</const>
					</expr>
				</rvalue>
			</expr-assign>
		</input-action-list>
		<text-format>9</text-format>
		<hidden-input>false</hidden-input>
		<rect>800,705,1121,780</rect>
	</element>
	<element type="simple">
		<simple-shape>rectangle</simple-shape>
		<elem-id>13</elem-id>
		<center>850,273</center>
		<line-width>0</line-width>
		<has-frame-color>true</has-frame-color>
		<has-inside-color>true</has-inside-color>
		<frame-color>192,192,192</frame-color>
		<frame-color-alarm>0,0,0</frame-color-alarm>
		<fill-color>255,0,0</fill-color>
		<fill-color-alarm>255,255,255</fill-color-alarm>
		<expr-text-color>
			<expr>
				<var>.gwColorANZEIGETEXT</var>
			</expr>
		</expr-text-color>
		<expr-frame-color>
			<expr>
				<var>.gwdColorRAHMEN</var>
			</expr>
		</expr-frame-color>
		<text-align-horz>center</text-align-horz>
		<text-align-vert>center</text-align-vert>
		<font-height>-35</font-height>
		<font-height-point-size>26</font-height-point-size>
		<font-weight>700</font-weight>
		<font-italic>false</font-italic>
		<font-underline>false</font-underline>
		<font-strike-out>false</font-strike-out>
		<font-char-set>0</font-char-set>
		<text-id>379</text-id>
		<font-name><![CDATA[Arial Unicode MS]]></font-name>
		<font-color>255,255,255</font-color>
		<enable-text-input>false</enable-text-input>
		<expr-invisible>
			<expr>
				<var>.gxRefreshWebpage</var>
				<const>FALSE</const>
				<op>=(2)</op>
			</expr>
		</expr-invisible>
		<text-display>
			<expr>
				<const>1</const>
			</expr>
		</text-display>
		<text-format><![CDATA[%|<|SCREEN02|>|]]></text-format>
		<hidden-input>false</hidden-input>
		<rect>60,230,1641,316</rect>
	</element>
	<element type="simple">
		<simple-shape>rectangle</simple-shape>
		<elem-id>14</elem-id>
		<center>705,402</center>
		<line-width>0</line-width>
		<has-frame-color>true</has-frame-color>
		<has-inside-color>false</has-inside-color>
		<frame-color>192,192,192</frame-color>
		<frame-color-alarm>0,0,0</frame-color-alarm>
		<fill-color>255,255,255</fill-color>
		<fill-color-alarm>255,255,255</fill-color-alarm>
		<expr-text-color>
			<expr>
				<var>.gwColorANZEIGETEXT</var>
			</expr>
		</expr-text-color>
		<expr-frame-color>
			<expr>
				<var>.gwdColorRAHMEN</var>
			</expr>
		</expr-frame-color>
		<text-align-horz>center</text-align-horz>
		<text-align-vert>center</text-align-vert>
		<font-height>-32</font-height>
		<font-height-point-size>24</font-height-point-size>
		<font-weight>700</font-weight>
		<font-italic>false</font-italic>
		<font-underline>false</font-underline>
		<font-strike-out>false</font-strike-out>
		<font-char-set>0</font-char-set>
		<text-id>382</text-id>
		<font-name><![CDATA[Arial Unicode MS]]></font-name>
		<font-color>0,0,0</font-color>
		<enable-text-input>false</enable-text-input>
		<input-action-list>
			<expr-assign>
				<lvalue>
					<expr>
						<var>.gbyResolutionEDIT</var>
					</expr>
				</lvalue>
				<rvalue>
					<expr>
						<const>1</const>
					</expr>
				</rvalue>
			</expr-assign>
		</input-action-list>
		<text-display>
			<expr>
				<const>1</const>
			</expr>
		</text-display>
		<text-format><![CDATA[%|<|SCREEN03|>|]]></text-format>
		<hidden-input>false</hidden-input>
		<rect>290,365,1121,440</rect>
	</element>
	<element type="simple">
		<simple-shape>rectangle</simple-shape>
		<elem-id>15</elem-id>
		<center>325,488</center>
		<line-width>0</line-width>
		<has-frame-color>true</has-frame-color>
		<has-inside-color>true</has-inside-color>
		<frame-color>192,192,192</frame-color>
		<frame-color-alarm>0,0,0</frame-color-alarm>
		<fill-color>255,255,255</fill-color>
		<fill-color-alarm>255,255,255</fill-color-alarm>
		<expr-text-color>
			<expr>
				<var>.gwColorEditTEXT</var>
			</expr>
		</expr-text-color>
		<expr-fill-color>
			<expr>
				<var>.gwColorANZEIGETEXT</var>
			</expr>
		</expr-fill-color>
		<expr-frame-color>
			<expr>
				<var>.gwdColorRAHMEN</var>
			</expr>
		</expr-frame-color>
		<enable-text-input>false</enable-text-input>
		<input-action-list>
			<expr-assign>
				<lvalue>
					<expr>
						<var>.gbyResolutionEDIT</var>
					</expr>
				</lvalue>
				<rvalue>
					<expr>
						<const>1</const>
					</expr>
				</rvalue>
			</expr-assign>
		</input-action-list>
		<hidden-input>false</hidden-input>
		<rect>290,450,361,526</rect>
	</element>
	<element type="group">
		<elem-id>16</elem-id>
		<center>315,485</center>
		<line-width>0</line-width>
		<has-frame-color>false</has-frame-color>
		<has-inside-color>false</has-inside-color>
		<frame-color>0,0,0</frame-color>
		<frame-color-alarm>0,0,0</frame-color-alarm>
		<fill-color>255,255,255</fill-color>
		<fill-color-alarm>255,255,255</fill-color-alarm>
		<enable-text-input>false</enable-text-input>
		<expr-invisible>
			<expr>
				<var>.gbyResolutionEDIT</var>
				<const>1</const>
				<op><![CDATA[<>(2)]]></op>
			</expr>
		</expr-invisible>
		<hidden-input>false</hidden-input>
		<rect>305,465,346,511</rect>
		<show-frame>false</show-frame>
		<clip-frame>false</clip-frame>
		<iso-frame>false</iso-frame>
		<original-frame>false</original-frame>
		<animate-childs>true</animate-childs>
		<element type="polygon">
			<poly-count>2</poly-count>
			<poly-shape>polyline</poly-shape>
			<point>0,9</point>
			<point>5,15</point>
			<elem-id>17</elem-id>
			<center>2,12</center>
			<line-width>5</line-width>
			<has-frame-color>true</has-frame-color>
			<has-inside-color>true</has-inside-color>
			<frame-color>0,255,0</frame-color>
			<frame-color-alarm>0,0,0</frame-color-alarm>
			<fill-color>255,255,255</fill-color>
			<fill-color-alarm>255,255,255</fill-color-alarm>
			<enable-text-input>false</enable-text-input>
			<hidden-input>false</hidden-input>
		</element>
		<element type="polygon">
			<poly-count>4</poly-count>
			<poly-shape>bezier</poly-shape>
			<point>5,15</point>
			<point>7,9</point>
			<point>10,3</point>
			<point>20,0</point>
			<elem-id>18</elem-id>
			<center>10,6</center>
			<line-width>5</line-width>
			<has-frame-color>true</has-frame-color>
			<has-inside-color>true</has-inside-color>
			<frame-color>0,255,0</frame-color>
			<frame-color-alarm>0,0,0</frame-color-alarm>
			<fill-color>255,255,255</fill-color>
			<fill-color-alarm>255,255,255</fill-color-alarm>
			<enable-text-input>false</enable-text-input>
			<hidden-input>false</hidden-input>
		</element>
		<key-info-list/>
	</element>
	<element type="simple">
		<simple-shape>rectangle</simple-shape>
		<elem-id>19</elem-id>
		<center>325,573</center>
		<line-width>0</line-width>
		<has-frame-color>true</has-frame-color>
		<has-inside-color>true</has-inside-color>
		<frame-color>192,192,192</frame-color>
		<frame-color-alarm>0,0,0</frame-color-alarm>
		<fill-color>255,255,255</fill-color>
		<fill-color-alarm>255,255,255</fill-color-alarm>
		<expr-text-color>
			<expr>
				<var>.gwColorEditTEXT</var>
			</expr>
		</expr-text-color>
		<expr-fill-color>
			<expr>
				<var>.gwColorANZEIGETEXT</var>
			</expr>
		</expr-fill-color>
		<expr-frame-color>
			<expr>
				<var>.gwdColorRAHMEN</var>
			</expr>
		</expr-frame-color>
		<enable-text-input>false</enable-text-input>
		<input-action-list>
			<expr-assign>
				<lvalue>
					<expr>
						<var>.gbyResolutionEDIT</var>
					</expr>
				</lvalue>
				<rvalue>
					<expr>
						<const>2</const>
					</expr>
				</rvalue>
			</expr-assign>
		</input-action-list>
		<hidden-input>false</hidden-input>
		<rect>290,535,361,611</rect>
	</element>
	<element type="group">
		<elem-id>20</elem-id>
		<center>315,570</center>
		<line-width>0</line-width>
		<has-frame-color>false</has-frame-color>
		<has-inside-color>false</has-inside-color>
		<frame-color>0,0,0</frame-color>
		<frame-color-alarm>0,0,0</frame-color-alarm>
		<fill-color>255,255,255</fill-color>
		<fill-color-alarm>255,255,255</fill-color-alarm>
		<enable-text-input>false</enable-text-input>
		<expr-invisible>
			<expr>
				<var>.gbyResolutionEDIT</var>
				<const>2</const>
				<op><![CDATA[<>(2)]]></op>
			</expr>
		</expr-invisible>
		<hidden-input>false</hidden-input>
		<rect>305,550,346,596</rect>
		<show-frame>false</show-frame>
		<clip-frame>false</clip-frame>
		<iso-frame>false</iso-frame>
		<original-frame>false</original-frame>
		<animate-childs>true</animate-childs>
		<element type="polygon">
			<poly-count>2</poly-count>
			<poly-shape>polyline</poly-shape>
			<point>0,9</point>
			<point>5,15</point>
			<elem-id>21</elem-id>
			<center>2,12</center>
			<line-width>5</line-width>
			<has-frame-color>true</has-frame-color>
			<has-inside-color>true</has-inside-color>
			<frame-color>0,255,0</frame-color>
			<frame-color-alarm>0,0,0</frame-color-alarm>
			<fill-color>255,255,255</fill-color>
			<fill-color-alarm>255,255,255</fill-color-alarm>
			<enable-text-input>false</enable-text-input>
			<hidden-input>false</hidden-input>
		</element>
		<element type="polygon">
			<poly-count>4</poly-count>
			<poly-shape>bezier</poly-shape>
			<point>5,15</point>
			<point>7,9</point>
			<point>10,3</point>
			<point>20,0</point>
			<elem-id>22</elem-id>
			<center>10,6</center>
			<line-width>5</line-width>
			<has-frame-color>true</has-frame-color>
			<has-inside-color>true</has-inside-color>
			<frame-color>0,255,0</frame-color>
			<frame-color-alarm>0,0,0</frame-color-alarm>
			<fill-color>255,255,255</fill-color>
			<fill-color-alarm>255,255,255</fill-color-alarm>
			<enable-text-input>false</enable-text-input>
			<hidden-input>false</hidden-input>
		</element>
		<key-info-list/>
	</element>
	<element type="simple">
		<simple-shape>rectangle</simple-shape>
		<elem-id>23</elem-id>
		<center>325,658</center>
		<line-width>0</line-width>
		<has-frame-color>true</has-frame-color>
		<has-inside-color>true</has-inside-color>
		<frame-color>192,192,192</frame-color>
		<frame-color-alarm>0,0,0</frame-color-alarm>
		<fill-color>255,255,255</fill-color>
		<fill-color-alarm>255,255,255</fill-color-alarm>
		<expr-text-color>
			<expr>
				<var>.gwColorEditTEXT</var>
			</expr>
		</expr-text-color>
		<expr-fill-color>
			<expr>
				<var>.gwColorANZEIGETEXT</var>
			</expr>
		</expr-fill-color>
		<expr-frame-color>
			<expr>
				<var>.gwdColorRAHMEN</var>
			</expr>
		</expr-frame-color>
		<enable-text-input>false</enable-text-input>
		<input-action-list>
			<expr-assign>
				<lvalue>
					<expr>
						<var>.gbyResolutionEDIT</var>
					</expr>
				</lvalue>
				<rvalue>
					<expr>
						<const>3</const>
					</expr>
				</rvalue>
			</expr-assign>
		</input-action-list>
		<hidden-input>false</hidden-input>
		<rect>290,620,361,696</rect>
	</element>
	<element type="group">
		<elem-id>24</elem-id>
		<center>315,655</center>
		<line-width>0</line-width>
		<has-frame-color>false</has-frame-color>
		<has-inside-color>false</has-inside-color>
		<frame-color>0,0,0</frame-color>
		<frame-color-alarm>0,0,0</frame-color-alarm>
		<fill-color>255,255,255</fill-color>
		<fill-color-alarm>255,255,255</fill-color-alarm>
		<enable-text-input>false</enable-text-input>
		<expr-invisible>
			<expr>
				<var>.gbyResolutionEDIT</var>
				<const>3</const>
				<op><![CDATA[<>(2)]]></op>
			</expr>
		</expr-invisible>
		<hidden-input>false</hidden-input>
		<rect>305,635,346,681</rect>
		<show-frame>false</show-frame>
		<clip-frame>false</clip-frame>
		<iso-frame>false</iso-frame>
		<original-frame>false</original-frame>
		<animate-childs>true</animate-childs>
		<element type="polygon">
			<poly-count>2</poly-count>
			<poly-shape>polyline</poly-shape>
			<point>0,9</point>
			<point>5,15</point>
			<elem-id>25</elem-id>
			<center>2,12</center>
			<line-width>5</line-width>
			<has-frame-color>true</has-frame-color>
			<has-inside-color>true</has-inside-color>
			<frame-color>0,255,0</frame-color>
			<frame-color-alarm>0,0,0</frame-color-alarm>
			<fill-color>255,255,255</fill-color>
			<fill-color-alarm>255,255,255</fill-color-alarm>
			<enable-text-input>false</enable-text-input>
			<hidden-input>false</hidden-input>
		</element>
		<element type="polygon">
			<poly-count>4</poly-count>
			<poly-shape>bezier</poly-shape>
			<point>5,15</point>
			<point>7,9</point>
			<point>10,3</point>
			<point>20,0</point>
			<elem-id>26</elem-id>
			<center>10,6</center>
			<line-width>5</line-width>
			<has-frame-color>true</has-frame-color>
			<has-inside-color>true</has-inside-color>
			<frame-color>0,255,0</frame-color>
			<frame-color-alarm>0,0,0</frame-color-alarm>
			<fill-color>255,255,255</fill-color>
			<fill-color-alarm>255,255,255</fill-color-alarm>
			<enable-text-input>false</enable-text-input>
			<hidden-input>false</hidden-input>
		</element>
		<key-info-list/>
	</element>
	<element type="simple">
		<simple-shape>rectangle</simple-shape>
		<elem-id>27</elem-id>
		<center>325,743</center>
		<line-width>0</line-width>
		<has-frame-color>true</has-frame-color>
		<has-inside-color>true</has-inside-color>
		<frame-color>192,192,192</frame-color>
		<frame-color-alarm>0,0,0</frame-color-alarm>
		<fill-color>255,255,255</fill-color>
		<fill-color-alarm>255,255,255</fill-color-alarm>
		<expr-text-color>
			<expr>
				<var>.gwColorEditTEXT</var>
			</expr>
		</expr-text-color>
		<expr-fill-color>
			<expr>
				<var>.gwColorANZEIGETEXT</var>
			</expr>
		</expr-fill-color>
		<expr-frame-color>
			<expr>
				<var>.gwdColorRAHMEN</var>
			</expr>
		</expr-frame-color>
		<enable-text-input>false</enable-text-input>
		<input-action-list>
			<expr-assign>
				<lvalue>
					<expr>
						<var>.gbyResolutionEDIT</var>
					</expr>
				</lvalue>
				<rvalue>
					<expr>
						<const>4</const>
					</expr>
				</rvalue>
			</expr-assign>
		</input-action-list>
		<hidden-input>false</hidden-input>
		<rect>290,705,361,781</rect>
	</element>
	<element type="group">
		<elem-id>28</elem-id>
		<center>315,740</center>
		<line-width>0</line-width>
		<has-frame-color>false</has-frame-color>
		<has-inside-color>false</has-inside-color>
		<frame-color>0,0,0</frame-color>
		<frame-color-alarm>0,0,0</frame-color-alarm>
		<fill-color>255,255,255</fill-color>
		<fill-color-alarm>255,255,255</fill-color-alarm>
		<enable-text-input>false</enable-text-input>
		<expr-invisible>
			<expr>
				<var>.gbyResolutionEDIT</var>
				<const>4</const>
				<op><![CDATA[<>(2)]]></op>
			</expr>
		</expr-invisible>
		<hidden-input>false</hidden-input>
		<rect>305,720,346,766</rect>
		<show-frame>false</show-frame>
		<clip-frame>false</clip-frame>
		<iso-frame>false</iso-frame>
		<original-frame>false</original-frame>
		<animate-childs>true</animate-childs>
		<element type="polygon">
			<poly-count>2</poly-count>
			<poly-shape>polyline</poly-shape>
			<point>0,9</point>
			<point>5,15</point>
			<elem-id>29</elem-id>
			<center>2,12</center>
			<line-width>5</line-width>
			<has-frame-color>true</has-frame-color>
			<has-inside-color>true</has-inside-color>
			<frame-color>0,255,0</frame-color>
			<frame-color-alarm>0,0,0</frame-color-alarm>
			<fill-color>255,255,255</fill-color>
			<fill-color-alarm>255,255,255</fill-color-alarm>
			<enable-text-input>false</enable-text-input>
			<hidden-input>false</hidden-input>
		</element>
		<element type="polygon">
			<poly-count>4</poly-count>
			<poly-shape>bezier</poly-shape>
			<point>5,15</point>
			<point>7,9</point>
			<point>10,3</point>
			<point>20,0</point>
			<elem-id>30</elem-id>
			<center>10,6</center>
			<line-width>5</line-width>
			<has-frame-color>true</has-frame-color>
			<has-inside-color>true</has-inside-color>
			<frame-color>0,255,0</frame-color>
			<frame-color-alarm>0,0,0</frame-color-alarm>
			<fill-color>255,255,255</fill-color>
			<fill-color-alarm>255,255,255</fill-color-alarm>
			<enable-text-input>false</enable-text-input>
			<hidden-input>false</hidden-input>
		</element>
		<key-info-list/>
	</element>
	<element type="simple">
		<simple-shape>rectangle</simple-shape>
		<elem-id>31</elem-id>
		<center>325,828</center>
		<line-width>0</line-width>
		<has-frame-color>true</has-frame-color>
		<has-inside-color>true</has-inside-color>
		<frame-color>192,192,192</frame-color>
		<frame-color-alarm>0,0,0</frame-color-alarm>
		<fill-color>255,255,255</fill-color>
		<fill-color-alarm>255,255,255</fill-color-alarm>
		<expr-text-color>
			<expr>
				<var>.gwColorEditTEXT</var>
			</expr>
		</expr-text-color>
		<expr-fill-color>
			<expr>
				<var>.gwColorANZEIGETEXT</var>
			</expr>
		</expr-fill-color>
		<expr-frame-color>
			<expr>
				<var>.gwdColorRAHMEN</var>
			</expr>
		</expr-frame-color>
		<enable-text-input>false</enable-text-input>
		<input-action-list>
			<expr-assign>
				<lvalue>
					<expr>
						<var>.gbyResolutionEDIT</var>
					</expr>
				</lvalue>
				<rvalue>
					<expr>
						<const>5</const>
					</expr>
				</rvalue>
			</expr-assign>
		</input-action-list>
		<hidden-input>false</hidden-input>
		<rect>290,790,361,866</rect>
	</element>
	<element type="group">
		<elem-id>32</elem-id>
		<center>315,825</center>
		<line-width>0</line-width>
		<has-frame-color>false</has-frame-color>
		<has-inside-color>false</has-inside-color>
		<frame-color>0,0,0</frame-color>
		<frame-color-alarm>0,0,0</frame-color-alarm>
		<fill-color>255,255,255</fill-color>
		<fill-color-alarm>255,255,255</fill-color-alarm>
		<enable-text-input>false</enable-text-input>
		<expr-invisible>
			<expr>
				<var>.gbyResolutionEDIT</var>
				<const>5</const>
				<op><![CDATA[<>(2)]]></op>
			</expr>
		</expr-invisible>
		<hidden-input>false</hidden-input>
		<rect>305,805,346,851</rect>
		<show-frame>false</show-frame>
		<clip-frame>false</clip-frame>
		<iso-frame>false</iso-frame>
		<original-frame>false</original-frame>
		<animate-childs>true</animate-childs>
		<element type="polygon">
			<poly-count>2</poly-count>
			<poly-shape>polyline</poly-shape>
			<point>0,9</point>
			<point>5,15</point>
			<elem-id>33</elem-id>
			<center>2,12</center>
			<line-width>5</line-width>
			<has-frame-color>true</has-frame-color>
			<has-inside-color>true</has-inside-color>
			<frame-color>0,255,0</frame-color>
			<frame-color-alarm>0,0,0</frame-color-alarm>
			<fill-color>255,255,255</fill-color>
			<fill-color-alarm>255,255,255</fill-color-alarm>
			<enable-text-input>false</enable-text-input>
			<hidden-input>false</hidden-input>
		</element>
		<element type="polygon">
			<poly-count>4</poly-count>
			<poly-shape>bezier</poly-shape>
			<point>5,15</point>
			<point>7,9</point>
			<point>10,3</point>
			<point>20,0</point>
			<elem-id>34</elem-id>
			<center>10,6</center>
			<line-width>5</line-width>
			<has-frame-color>true</has-frame-color>
			<has-inside-color>true</has-inside-color>
			<frame-color>0,255,0</frame-color>
			<frame-color-alarm>0,0,0</frame-color-alarm>
			<fill-color>255,255,255</fill-color>
			<fill-color-alarm>255,255,255</fill-color-alarm>
			<enable-text-input>false</enable-text-input>
			<hidden-input>false</hidden-input>
		</element>
		<key-info-list/>
	</element>
	<element type="simple">
		<simple-shape>rectangle</simple-shape>
		<elem-id>35</elem-id>
		<center>755,488</center>
		<line-width>0</line-width>
		<has-frame-color>true</has-frame-color>
		<has-inside-color>true</has-inside-color>
		<frame-color>192,192,192</frame-color>
		<frame-color-alarm>0,0,0</frame-color-alarm>
		<fill-color>255,255,255</fill-color>
		<fill-color-alarm>255,255,255</fill-color-alarm>
		<expr-text-color>
			<expr>
				<var>.gwColorEditTEXT</var>
			</expr>
		</expr-text-color>
		<expr-fill-color>
			<expr>
				<var>.gwColorANZEIGETEXT</var>
			</expr>
		</expr-fill-color>
		<expr-frame-color>
			<expr>
				<var>.gwdColorRAHMEN</var>
			</expr>
		</expr-frame-color>
		<enable-text-input>false</enable-text-input>
		<input-action-list>
			<expr-assign>
				<lvalue>
					<expr>
						<var>.gbyResolutionEDIT</var>
					</expr>
				</lvalue>
				<rvalue>
					<expr>
						<const>6</const>
					</expr>
				</rvalue>
			</expr-assign>
		</input-action-list>
		<hidden-input>false</hidden-input>
		<rect>720,450,791,526</rect>
	</element>
	<element type="group">
		<elem-id>36</elem-id>
		<center>745,485</center>
		<line-width>0</line-width>
		<has-frame-color>false</has-frame-color>
		<has-inside-color>false</has-inside-color>
		<frame-color>0,0,0</frame-color>
		<frame-color-alarm>0,0,0</frame-color-alarm>
		<fill-color>255,255,255</fill-color>
		<fill-color-alarm>255,255,255</fill-color-alarm>
		<enable-text-input>false</enable-text-input>
		<expr-invisible>
			<expr>
				<var>.gbyResolutionEDIT</var>
				<const>6</const>
				<op><![CDATA[<>(2)]]></op>
			</expr>
		</expr-invisible>
		<hidden-input>false</hidden-input>
		<rect>735,465,776,511</rect>
		<show-frame>false</show-frame>
		<clip-frame>false</clip-frame>
		<iso-frame>false</iso-frame>
		<original-frame>false</original-frame>
		<animate-childs>true</animate-childs>
		<element type="polygon">
			<poly-count>2</poly-count>
			<poly-shape>polyline</poly-shape>
			<point>0,9</point>
			<point>5,15</point>
			<elem-id>37</elem-id>
			<center>2,12</center>
			<line-width>5</line-width>
			<has-frame-color>true</has-frame-color>
			<has-inside-color>true</has-inside-color>
			<frame-color>0,255,0</frame-color>
			<frame-color-alarm>0,0,0</frame-color-alarm>
			<fill-color>255,255,255</fill-color>
			<fill-color-alarm>255,255,255</fill-color-alarm>
			<enable-text-input>false</enable-text-input>
			<hidden-input>false</hidden-input>
		</element>
		<element type="polygon">
			<poly-count>4</poly-count>
			<poly-shape>bezier</poly-shape>
			<point>5,15</point>
			<point>7,9</point>
			<point>10,3</point>
			<point>20,0</point>
			<elem-id>38</elem-id>
			<center>10,6</center>
			<line-width>5</line-width>
			<has-frame-color>true</has-frame-color>
			<has-inside-color>true</has-inside-color>
			<frame-color>0,255,0</frame-color>
			<frame-color-alarm>0,0,0</frame-color-alarm>
			<fill-color>255,255,255</fill-color>
			<fill-color-alarm>255,255,255</fill-color-alarm>
			<enable-text-input>false</enable-text-input>
			<hidden-input>false</hidden-input>
		</element>
		<key-info-list/>
	</element>
	<element type="simple">
		<simple-shape>rectangle</simple-shape>
		<elem-id>39</elem-id>
		<center>755,573</center>
		<line-width>0</line-width>
		<has-frame-color>true</has-frame-color>
		<has-inside-color>true</has-inside-color>
		<frame-color>192,192,192</frame-color>
		<frame-color-alarm>0,0,0</frame-color-alarm>
		<fill-color>255,255,255</fill-color>
		<fill-color-alarm>255,255,255</fill-color-alarm>
		<expr-text-color>
			<expr>
				<var>.gwColorEditTEXT</var>
			</expr>
		</expr-text-color>
		<expr-fill-color>
			<expr>
				<var>.gwColorANZEIGETEXT</var>
			</expr>
		</expr-fill-color>
		<expr-frame-color>
			<expr>
				<var>.gwdColorRAHMEN</var>
			</expr>
		</expr-frame-color>
		<enable-text-input>false</enable-text-input>
		<input-action-list>
			<expr-assign>
				<lvalue>
					<expr>
						<var>.gbyResolutionEDIT</var>
					</expr>
				</lvalue>
				<rvalue>
					<expr>
						<const>7</const>
					</expr>
				</rvalue>
			</expr-assign>
		</input-action-list>
		<hidden-input>false</hidden-input>
		<rect>720,535,791,611</rect>
	</element>
	<element type="group">
		<elem-id>40</elem-id>
		<center>745,570</center>
		<line-width>0</line-width>
		<has-frame-color>false</has-frame-color>
		<has-inside-color>false</has-inside-color>
		<frame-color>0,0,0</frame-color>
		<frame-color-alarm>0,0,0</frame-color-alarm>
		<fill-color>255,255,255</fill-color>
		<fill-color-alarm>255,255,255</fill-color-alarm>
		<enable-text-input>false</enable-text-input>
		<expr-invisible>
			<expr>
				<var>.gbyResolutionEDIT</var>
				<const>7</const>
				<op><![CDATA[<>(2)]]></op>
			</expr>
		</expr-invisible>
		<hidden-input>false</hidden-input>
		<rect>735,550,776,596</rect>
		<show-frame>false</show-frame>
		<clip-frame>false</clip-frame>
		<iso-frame>false</iso-frame>
		<original-frame>false</original-frame>
		<animate-childs>true</animate-childs>
		<element type="polygon">
			<poly-count>2</poly-count>
			<poly-shape>polyline</poly-shape>
			<point>0,9</point>
			<point>5,15</point>
			<elem-id>41</elem-id>
			<center>2,12</center>
			<line-width>5</line-width>
			<has-frame-color>true</has-frame-color>
			<has-inside-color>true</has-inside-color>
			<frame-color>0,255,0</frame-color>
			<frame-color-alarm>0,0,0</frame-color-alarm>
			<fill-color>255,255,255</fill-color>
			<fill-color-alarm>255,255,255</fill-color-alarm>
			<enable-text-input>false</enable-text-input>
			<hidden-input>false</hidden-input>
		</element>
		<element type="polygon">
			<poly-count>4</poly-count>
			<poly-shape>bezier</poly-shape>
			<point>5,15</point>
			<point>7,9</point>
			<point>10,3</point>
			<point>20,0</point>
			<elem-id>42</elem-id>
			<center>10,6</center>
			<line-width>5</line-width>
			<has-frame-color>true</has-frame-color>
			<has-inside-color>true</has-inside-color>
			<frame-color>0,255,0</frame-color>
			<frame-color-alarm>0,0,0</frame-color-alarm>
			<fill-color>255,255,255</fill-color>
			<fill-color-alarm>255,255,255</fill-color-alarm>
			<enable-text-input>false</enable-text-input>
			<hidden-input>false</hidden-input>
		</element>
		<key-info-list/>
	</element>
	<element type="simple">
		<simple-shape>rectangle</simple-shape>
		<elem-id>43</elem-id>
		<center>755,658</center>
		<line-width>0</line-width>
		<has-frame-color>true</has-frame-color>
		<has-inside-color>true</has-inside-color>
		<frame-color>192,192,192</frame-color>
		<frame-color-alarm>0,0,0</frame-color-alarm>
		<fill-color>255,255,255</fill-color>
		<fill-color-alarm>255,255,255</fill-color-alarm>
		<expr-text-color>
			<expr>
				<var>.gwColorEditTEXT</var>
			</expr>
		</expr-text-color>
		<expr-fill-color>
			<expr>
				<var>.gwColorANZEIGETEXT</var>
			</expr>
		</expr-fill-color>
		<expr-frame-color>
			<expr>
				<var>.gwdColorRAHMEN</var>
			</expr>
		</expr-frame-color>
		<enable-text-input>false</enable-text-input>
		<input-action-list>
			<expr-assign>
				<lvalue>
					<expr>
						<var>.gbyResolutionEDIT</var>
					</expr>
				</lvalue>
				<rvalue>
					<expr>
						<const>8</const>
					</expr>
				</rvalue>
			</expr-assign>
		</input-action-list>
		<hidden-input>false</hidden-input>
		<rect>720,620,791,696</rect>
	</element>
	<element type="group">
		<elem-id>44</elem-id>
		<center>745,655</center>
		<line-width>0</line-width>
		<has-frame-color>false</has-frame-color>
		<has-inside-color>false</has-inside-color>
		<frame-color>0,0,0</frame-color>
		<frame-color-alarm>0,0,0</frame-color-alarm>
		<fill-color>255,255,255</fill-color>
		<fill-color-alarm>255,255,255</fill-color-alarm>
		<enable-text-input>false</enable-text-input>
		<expr-invisible>
			<expr>
				<var>.gbyResolutionEDIT</var>
				<const>8</const>
				<op><![CDATA[<>(2)]]></op>
			</expr>
		</expr-invisible>
		<hidden-input>false</hidden-input>
		<rect>735,635,776,681</rect>
		<show-frame>false</show-frame>
		<clip-frame>false</clip-frame>
		<iso-frame>false</iso-frame>
		<original-frame>false</original-frame>
		<animate-childs>true</animate-childs>
		<element type="polygon">
			<poly-count>2</poly-count>
			<poly-shape>polyline</poly-shape>
			<point>0,9</point>
			<point>5,15</point>
			<elem-id>45</elem-id>
			<center>2,12</center>
			<line-width>5</line-width>
			<has-frame-color>true</has-frame-color>
			<has-inside-color>true</has-inside-color>
			<frame-color>0,255,0</frame-color>
			<frame-color-alarm>0,0,0</frame-color-alarm>
			<fill-color>255,255,255</fill-color>
			<fill-color-alarm>255,255,255</fill-color-alarm>
			<enable-text-input>false</enable-text-input>
			<hidden-input>false</hidden-input>
		</element>
		<element type="polygon">
			<poly-count>4</poly-count>
			<poly-shape>bezier</poly-shape>
			<point>5,15</point>
			<point>7,9</point>
			<point>10,3</point>
			<point>20,0</point>
			<elem-id>46</elem-id>
			<center>10,6</center>
			<line-width>5</line-width>
			<has-frame-color>true</has-frame-color>
			<has-inside-color>true</has-inside-color>
			<frame-color>0,255,0</frame-color>
			<frame-color-alarm>0,0,0</frame-color-alarm>
			<fill-color>255,255,255</fill-color>
			<fill-color-alarm>255,255,255</fill-color-alarm>
			<enable-text-input>false</enable-text-input>
			<hidden-input>false</hidden-input>
		</element>
		<key-info-list/>
	</element>
	<element type="simple">
		<simple-shape>rectangle</simple-shape>
		<elem-id>47</elem-id>
		<center>755,743</center>
		<line-width>0</line-width>
		<has-frame-color>true</has-frame-color>
		<has-inside-color>true</has-inside-color>
		<frame-color>192,192,192</frame-color>
		<frame-color-alarm>0,0,0</frame-color-alarm>
		<fill-color>255,255,255</fill-color>
		<fill-color-alarm>255,255,255</fill-color-alarm>
		<expr-text-color>
			<expr>
				<var>.gwColorEditTEXT</var>
			</expr>
		</expr-text-color>
		<expr-fill-color>
			<expr>
				<var>.gwColorANZEIGETEXT</var>
			</expr>
		</expr-fill-color>
		<expr-frame-color>
			<expr>
				<var>.gwdColorRAHMEN</var>
			</expr>
		</expr-frame-color>
		<enable-text-input>false</enable-text-input>
		<input-action-list>
			<expr-assign>
				<lvalue>
					<expr>
						<var>.gbyResolutionEDIT</var>
					</expr>
				</lvalue>
				<rvalue>
					<expr>
						<const>9</const>
					</expr>
				</rvalue>
			</expr-assign>
		</input-action-list>
		<hidden-input>false</hidden-input>
		<rect>720,705,791,781</rect>
	</element>
	<element type="group">
		<elem-id>48</elem-id>
		<center>745,740</center>
		<line-width>0</line-width>
		<has-frame-color>false</has-frame-color>
		<has-inside-color>false</has-inside-color>
		<frame-color>0,0,0</frame-color>
		<frame-color-alarm>0,0,0</frame-color-alarm>
		<fill-color>255,255,255</fill-color>
		<fill-color-alarm>255,255,255</fill-color-alarm>
		<enable-text-input>false</enable-text-input>
		<expr-invisible>
			<expr>
				<var>.gbyResolutionEDIT</var>
				<const>9</const>
				<op><![CDATA[<>(2)]]></op>
			</expr>
		</expr-invisible>
		<hidden-input>false</hidden-input>
		<rect>735,720,776,766</rect>
		<show-frame>false</show-frame>
		<clip-frame>false</clip-frame>
		<iso-frame>false</iso-frame>
		<original-frame>false</original-frame>
		<animate-childs>true</animate-childs>
		<element type="polygon">
			<poly-count>2</poly-count>
			<poly-shape>polyline</poly-shape>
			<point>0,9</point>
			<point>5,15</point>
			<elem-id>49</elem-id>
			<center>2,12</center>
			<line-width>5</line-width>
			<has-frame-color>true</has-frame-color>
			<has-inside-color>true</has-inside-color>
			<frame-color>0,255,0</frame-color>
			<frame-color-alarm>0,0,0</frame-color-alarm>
			<fill-color>255,255,255</fill-color>
			<fill-color-alarm>255,255,255</fill-color-alarm>
			<enable-text-input>false</enable-text-input>
			<hidden-input>false</hidden-input>
		</element>
		<element type="polygon">
			<poly-count>4</poly-count>
			<poly-shape>bezier</poly-shape>
			<point>5,15</point>
			<point>7,9</point>
			<point>10,3</point>
			<point>20,0</point>
			<elem-id>50</elem-id>
			<center>10,6</center>
			<line-width>5</line-width>
			<has-frame-color>true</has-frame-color>
			<has-inside-color>true</has-inside-color>
			<frame-color>0,255,0</frame-color>
			<frame-color-alarm>0,0,0</frame-color-alarm>
			<fill-color>255,255,255</fill-color>
			<fill-color-alarm>255,255,255</fill-color-alarm>
			<enable-text-input>false</enable-text-input>
			<hidden-input>false</hidden-input>
		</element>
		<key-info-list/>
	</element>
	<element type="group">
		<elem-id>51</elem-id>
		<center>640,485</center>
		<line-width>0</line-width>
		<has-frame-color>false</has-frame-color>
		<has-inside-color>false</has-inside-color>
		<frame-color>0,0,0</frame-color>
		<frame-color-alarm>0,0,0</frame-color-alarm>
		<fill-color>255,255,255</fill-color>
		<fill-color-alarm>255,255,255</fill-color-alarm>
		<enable-text-input>false</enable-text-input>
		<expr-invisible>
			<expr>
				<var>.gbyResolutionWORK</var>
				<const>1</const>
				<op><![CDATA[<>(2)]]></op>
			</expr>
		</expr-invisible>
		<hidden-input>false</hidden-input>
		<rect>630,465,671,511</rect>
		<show-frame>false</show-frame>
		<clip-frame>false</clip-frame>
		<iso-frame>false</iso-frame>
		<original-frame>false</original-frame>
		<animate-childs>true</animate-childs>
		<element type="polygon">
			<poly-count>2</poly-count>
			<poly-shape>polyline</poly-shape>
			<point>0,9</point>
			<point>5,15</point>
			<elem-id>52</elem-id>
			<center>2,12</center>
			<line-width>5</line-width>
			<has-frame-color>true</has-frame-color>
			<has-inside-color>true</has-inside-color>
			<frame-color>0,255,0</frame-color>
			<frame-color-alarm>0,0,0</frame-color-alarm>
			<fill-color>255,255,255</fill-color>
			<fill-color-alarm>255,255,255</fill-color-alarm>
			<enable-text-input>false</enable-text-input>
			<hidden-input>false</hidden-input>
		</element>
		<element type="polygon">
			<poly-count>4</poly-count>
			<poly-shape>bezier</poly-shape>
			<point>5,15</point>
			<point>7,9</point>
			<point>10,3</point>
			<point>20,0</point>
			<elem-id>53</elem-id>
			<center>10,6</center>
			<line-width>5</line-width>
			<has-frame-color>true</has-frame-color>
			<has-inside-color>true</has-inside-color>
			<frame-color>0,255,0</frame-color>
			<frame-color-alarm>0,0,0</frame-color-alarm>
			<fill-color>255,255,255</fill-color>
			<fill-color-alarm>255,255,255</fill-color-alarm>
			<enable-text-input>false</enable-text-input>
			<hidden-input>false</hidden-input>
		</element>
		<key-info-list/>
	</element>
	<element type="group">
		<elem-id>54</elem-id>
		<center>640,570</center>
		<line-width>0</line-width>
		<has-frame-color>false</has-frame-color>
		<has-inside-color>false</has-inside-color>
		<frame-color>0,0,0</frame-color>
		<frame-color-alarm>0,0,0</frame-color-alarm>
		<fill-color>255,255,255</fill-color>
		<fill-color-alarm>255,255,255</fill-color-alarm>
		<enable-text-input>false</enable-text-input>
		<expr-invisible>
			<expr>
				<var>.gbyResolutionWORK</var>
				<const>2</const>
				<op><![CDATA[<>(2)]]></op>
			</expr>
		</expr-invisible>
		<hidden-input>false</hidden-input>
		<rect>630,550,671,596</rect>
		<show-frame>false</show-frame>
		<clip-frame>false</clip-frame>
		<iso-frame>false</iso-frame>
		<original-frame>false</original-frame>
		<animate-childs>true</animate-childs>
		<element type="polygon">
			<poly-count>2</poly-count>
			<poly-shape>polyline</poly-shape>
			<point>0,9</point>
			<point>5,15</point>
			<elem-id>55</elem-id>
			<center>2,12</center>
			<line-width>5</line-width>
			<has-frame-color>true</has-frame-color>
			<has-inside-color>true</has-inside-color>
			<frame-color>0,255,0</frame-color>
			<frame-color-alarm>0,0,0</frame-color-alarm>
			<fill-color>255,255,255</fill-color>
			<fill-color-alarm>255,255,255</fill-color-alarm>
			<enable-text-input>false</enable-text-input>
			<hidden-input>false</hidden-input>
		</element>
		<element type="polygon">
			<poly-count>4</poly-count>
			<poly-shape>bezier</poly-shape>
			<point>5,15</point>
			<point>7,9</point>
			<point>10,3</point>
			<point>20,0</point>
			<elem-id>56</elem-id>
			<center>10,6</center>
			<line-width>5</line-width>
			<has-frame-color>true</has-frame-color>
			<has-inside-color>true</has-inside-color>
			<frame-color>0,255,0</frame-color>
			<frame-color-alarm>0,0,0</frame-color-alarm>
			<fill-color>255,255,255</fill-color>
			<fill-color-alarm>255,255,255</fill-color-alarm>
			<enable-text-input>false</enable-text-input>
			<hidden-input>false</hidden-input>
		</element>
		<key-info-list/>
	</element>
	<element type="group">
		<elem-id>57</elem-id>
		<center>640,655</center>
		<line-width>0</line-width>
		<has-frame-color>false</has-frame-color>
		<has-inside-color>false</has-inside-color>
		<frame-color>0,0,0</frame-color>
		<frame-color-alarm>0,0,0</frame-color-alarm>
		<fill-color>255,255,255</fill-color>
		<fill-color-alarm>255,255,255</fill-color-alarm>
		<enable-text-input>false</enable-text-input>
		<expr-invisible>
			<expr>
				<var>.gbyResolutionWORK</var>
				<const>3</const>
				<op><![CDATA[<>(2)]]></op>
			</expr>
		</expr-invisible>
		<hidden-input>false</hidden-input>
		<rect>630,635,671,681</rect>
		<show-frame>false</show-frame>
		<clip-frame>false</clip-frame>
		<iso-frame>false</iso-frame>
		<original-frame>false</original-frame>
		<animate-childs>true</animate-childs>
		<element type="polygon">
			<poly-count>2</poly-count>
			<poly-shape>polyline</poly-shape>
			<point>0,9</point>
			<point>5,15</point>
			<elem-id>58</elem-id>
			<center>2,12</center>
			<line-width>5</line-width>
			<has-frame-color>true</has-frame-color>
			<has-inside-color>true</has-inside-color>
			<frame-color>0,255,0</frame-color>
			<frame-color-alarm>0,0,0</frame-color-alarm>
			<fill-color>255,255,255</fill-color>
			<fill-color-alarm>255,255,255</fill-color-alarm>
			<enable-text-input>false</enable-text-input>
			<hidden-input>false</hidden-input>
		</element>
		<element type="polygon">
			<poly-count>4</poly-count>
			<poly-shape>bezier</poly-shape>
			<point>5,15</point>
			<point>7,9</point>
			<point>10,3</point>
			<point>20,0</point>
			<elem-id>59</elem-id>
			<center>10,6</center>
			<line-width>5</line-width>
			<has-frame-color>true</has-frame-color>
			<has-inside-color>true</has-inside-color>
			<frame-color>0,255,0</frame-color>
			<frame-color-alarm>0,0,0</frame-color-alarm>
			<fill-color>255,255,255</fill-color>
			<fill-color-alarm>255,255,255</fill-color-alarm>
			<enable-text-input>false</enable-text-input>
			<hidden-input>false</hidden-input>
		</element>
		<key-info-list/>
	</element>
	<element type="group">
		<elem-id>60</elem-id>
		<center>640,740</center>
		<line-width>0</line-width>
		<has-frame-color>false</has-frame-color>
		<has-inside-color>false</has-inside-color>
		<frame-color>0,0,0</frame-color>
		<frame-color-alarm>0,0,0</frame-color-alarm>
		<fill-color>255,255,255</fill-color>
		<fill-color-alarm>255,255,255</fill-color-alarm>
		<enable-text-input>false</enable-text-input>
		<expr-invisible>
			<expr>
				<var>.gbyResolutionWORK</var>
				<const>4</const>
				<op><![CDATA[<>(2)]]></op>
			</expr>
		</expr-invisible>
		<hidden-input>false</hidden-input>
		<rect>630,720,671,766</rect>
		<show-frame>false</show-frame>
		<clip-frame>false</clip-frame>
		<iso-frame>false</iso-frame>
		<original-frame>false</original-frame>
		<animate-childs>true</animate-childs>
		<element type="polygon">
			<poly-count>2</poly-count>
			<poly-shape>polyline</poly-shape>
			<point>0,9</point>
			<point>5,15</point>
			<elem-id>61</elem-id>
			<center>2,12</center>
			<line-width>5</line-width>
			<has-frame-color>true</has-frame-color>
			<has-inside-color>true</has-inside-color>
			<frame-color>0,255,0</frame-color>
			<frame-color-alarm>0,0,0</frame-color-alarm>
			<fill-color>255,255,255</fill-color>
			<fill-color-alarm>255,255,255</fill-color-alarm>
			<enable-text-input>false</enable-text-input>
			<hidden-input>false</hidden-input>
		</element>
		<element type="polygon">
			<poly-count>4</poly-count>
			<poly-shape>bezier</poly-shape>
			<point>5,15</point>
			<point>7,9</point>
			<point>10,3</point>
			<point>20,0</point>
			<elem-id>62</elem-id>
			<center>10,6</center>
			<line-width>5</line-width>
			<has-frame-color>true</has-frame-color>
			<has-inside-color>true</has-inside-color>
			<frame-color>0,255,0</frame-color>
			<frame-color-alarm>0,0,0</frame-color-alarm>
			<fill-color>255,255,255</fill-color>
			<fill-color-alarm>255,255,255</fill-color-alarm>
			<enable-text-input>false</enable-text-input>
			<hidden-input>false</hidden-input>
		</element>
		<key-info-list/>
	</element>
	<element type="group">
		<elem-id>63</elem-id>
		<center>640,825</center>
		<line-width>0</line-width>
		<has-frame-color>false</has-frame-color>
		<has-inside-color>false</has-inside-color>
		<frame-color>0,0,0</frame-color>
		<frame-color-alarm>0,0,0</frame-color-alarm>
		<fill-color>255,255,255</fill-color>
		<fill-color-alarm>255,255,255</fill-color-alarm>
		<enable-text-input>false</enable-text-input>
		<expr-invisible>
			<expr>
				<var>.gbyResolutionWORK</var>
				<const>5</const>
				<op><![CDATA[<>(2)]]></op>
			</expr>
		</expr-invisible>
		<hidden-input>false</hidden-input>
		<rect>630,805,671,851</rect>
		<show-frame>false</show-frame>
		<clip-frame>false</clip-frame>
		<iso-frame>false</iso-frame>
		<original-frame>false</original-frame>
		<animate-childs>true</animate-childs>
		<element type="polygon">
			<poly-count>2</poly-count>
			<poly-shape>polyline</poly-shape>
			<point>0,9</point>
			<point>5,15</point>
			<elem-id>64</elem-id>
			<center>2,12</center>
			<line-width>5</line-width>
			<has-frame-color>true</has-frame-color>
			<has-inside-color>true</has-inside-color>
			<frame-color>0,255,0</frame-color>
			<frame-color-alarm>0,0,0</frame-color-alarm>
			<fill-color>255,255,255</fill-color>
			<fill-color-alarm>255,255,255</fill-color-alarm>
			<enable-text-input>false</enable-text-input>
			<hidden-input>false</hidden-input>
		</element>
		<element type="polygon">
			<poly-count>4</poly-count>
			<poly-shape>bezier</poly-shape>
			<point>5,15</point>
			<point>7,9</point>
			<point>10,3</point>
			<point>20,0</point>
			<elem-id>65</elem-id>
			<center>10,6</center>
			<line-width>5</line-width>
			<has-frame-color>true</has-frame-color>
			<has-inside-color>true</has-inside-color>
			<frame-color>0,255,0</frame-color>
			<frame-color-alarm>0,0,0</frame-color-alarm>
			<fill-color>255,255,255</fill-color>
			<fill-color-alarm>255,255,255</fill-color-alarm>
			<enable-text-input>false</enable-text-input>
			<hidden-input>false</hidden-input>
		</element>
		<key-info-list/>
	</element>
	<element type="group">
		<elem-id>66</elem-id>
		<center>1070,490</center>
		<line-width>0</line-width>
		<has-frame-color>false</has-frame-color>
		<has-inside-color>false</has-inside-color>
		<frame-color>0,0,0</frame-color>
		<frame-color-alarm>0,0,0</frame-color-alarm>
		<fill-color>255,255,255</fill-color>
		<fill-color-alarm>255,255,255</fill-color-alarm>
		<enable-text-input>false</enable-text-input>
		<expr-invisible>
			<expr>
				<var>.gbyResolutionWORK</var>
				<const>6</const>
				<op><![CDATA[<>(2)]]></op>
			</expr>
		</expr-invisible>
		<hidden-input>false</hidden-input>
		<rect>1060,470,1101,516</rect>
		<show-frame>false</show-frame>
		<clip-frame>false</clip-frame>
		<iso-frame>false</iso-frame>
		<original-frame>false</original-frame>
		<animate-childs>true</animate-childs>
		<element type="polygon">
			<poly-count>2</poly-count>
			<poly-shape>polyline</poly-shape>
			<point>0,9</point>
			<point>5,15</point>
			<elem-id>67</elem-id>
			<center>2,12</center>
			<line-width>5</line-width>
			<has-frame-color>true</has-frame-color>
			<has-inside-color>true</has-inside-color>
			<frame-color>0,255,0</frame-color>
			<frame-color-alarm>0,0,0</frame-color-alarm>
			<fill-color>255,255,255</fill-color>
			<fill-color-alarm>255,255,255</fill-color-alarm>
			<enable-text-input>false</enable-text-input>
			<hidden-input>false</hidden-input>
		</element>
		<element type="polygon">
			<poly-count>4</poly-count>
			<poly-shape>bezier</poly-shape>
			<point>5,15</point>
			<point>7,9</point>
			<point>10,3</point>
			<point>20,0</point>
			<elem-id>68</elem-id>
			<center>10,6</center>
			<line-width>5</line-width>
			<has-frame-color>true</has-frame-color>
			<has-inside-color>true</has-inside-color>
			<frame-color>0,255,0</frame-color>
			<frame-color-alarm>0,0,0</frame-color-alarm>
			<fill-color>255,255,255</fill-color>
			<fill-color-alarm>255,255,255</fill-color-alarm>
			<enable-text-input>false</enable-text-input>
			<hidden-input>false</hidden-input>
		</element>
		<key-info-list/>
	</element>
	<element type="group">
		<elem-id>69</elem-id>
		<center>1070,570</center>
		<line-width>0</line-width>
		<has-frame-color>false</has-frame-color>
		<has-inside-color>false</has-inside-color>
		<frame-color>0,0,0</frame-color>
		<frame-color-alarm>0,0,0</frame-color-alarm>
		<fill-color>255,255,255</fill-color>
		<fill-color-alarm>255,255,255</fill-color-alarm>
		<enable-text-input>false</enable-text-input>
		<expr-invisible>
			<expr>
				<var>.gbyResolutionWORK</var>
				<const>7</const>
				<op><![CDATA[<>(2)]]></op>
			</expr>
		</expr-invisible>
		<hidden-input>false</hidden-input>
		<rect>1060,550,1101,596</rect>
		<show-frame>false</show-frame>
		<clip-frame>false</clip-frame>
		<iso-frame>false</iso-frame>
		<original-frame>false</original-frame>
		<animate-childs>true</animate-childs>
		<element type="polygon">
			<poly-count>2</poly-count>
			<poly-shape>polyline</poly-shape>
			<point>0,9</point>
			<point>5,15</point>
			<elem-id>70</elem-id>
			<center>2,12</center>
			<line-width>5</line-width>
			<has-frame-color>true</has-frame-color>
			<has-inside-color>true</has-inside-color>
			<frame-color>0,255,0</frame-color>
			<frame-color-alarm>0,0,0</frame-color-alarm>
			<fill-color>255,255,255</fill-color>
			<fill-color-alarm>255,255,255</fill-color-alarm>
			<enable-text-input>false</enable-text-input>
			<hidden-input>false</hidden-input>
		</element>
		<element type="polygon">
			<poly-count>4</poly-count>
			<poly-shape>bezier</poly-shape>
			<point>5,15</point>
			<point>7,9</point>
			<point>10,3</point>
			<point>20,0</point>
			<elem-id>71</elem-id>
			<center>10,6</center>
			<line-width>5</line-width>
			<has-frame-color>true</has-frame-color>
			<has-inside-color>true</has-inside-color>
			<frame-color>0,255,0</frame-color>
			<frame-color-alarm>0,0,0</frame-color-alarm>
			<fill-color>255,255,255</fill-color>
			<fill-color-alarm>255,255,255</fill-color-alarm>
			<enable-text-input>false</enable-text-input>
			<hidden-input>false</hidden-input>
		</element>
		<key-info-list/>
	</element>
	<element type="group">
		<elem-id>72</elem-id>
		<center>1070,655</center>
		<line-width>0</line-width>
		<has-frame-color>false</has-frame-color>
		<has-inside-color>false</has-inside-color>
		<frame-color>0,0,0</frame-color>
		<frame-color-alarm>0,0,0</frame-color-alarm>
		<fill-color>255,255,255</fill-color>
		<fill-color-alarm>255,255,255</fill-color-alarm>
		<enable-text-input>false</enable-text-input>
		<expr-invisible>
			<expr>
				<var>.gbyResolutionWORK</var>
				<const>8</const>
				<op><![CDATA[<>(2)]]></op>
			</expr>
		</expr-invisible>
		<hidden-input>false</hidden-input>
		<rect>1060,635,1101,681</rect>
		<show-frame>false</show-frame>
		<clip-frame>false</clip-frame>
		<iso-frame>false</iso-frame>
		<original-frame>false</original-frame>
		<animate-childs>true</animate-childs>
		<element type="polygon">
			<poly-count>2</poly-count>
			<poly-shape>polyline</poly-shape>
			<point>0,9</point>
			<point>5,15</point>
			<elem-id>73</elem-id>
			<center>2,12</center>
			<line-width>5</line-width>
			<has-frame-color>true</has-frame-color>
			<has-inside-color>true</has-inside-color>
			<frame-color>0,255,0</frame-color>
			<frame-color-alarm>0,0,0</frame-color-alarm>
			<fill-color>255,255,255</fill-color>
			<fill-color-alarm>255,255,255</fill-color-alarm>
			<enable-text-input>false</enable-text-input>
			<hidden-input>false</hidden-input>
		</element>
		<element type="polygon">
			<poly-count>4</poly-count>
			<poly-shape>bezier</poly-shape>
			<point>5,15</point>
			<point>7,9</point>
			<point>10,3</point>
			<point>20,0</point>
			<elem-id>74</elem-id>
			<center>10,6</center>
			<line-width>5</line-width>
			<has-frame-color>true</has-frame-color>
			<has-inside-color>true</has-inside-color>
			<frame-color>0,255,0</frame-color>
			<frame-color-alarm>0,0,0</frame-color-alarm>
			<fill-color>255,255,255</fill-color>
			<fill-color-alarm>255,255,255</fill-color-alarm>
			<enable-text-input>false</enable-text-input>
			<hidden-input>false</hidden-input>
		</element>
		<key-info-list/>
	</element>
	<element type="group">
		<elem-id>75</elem-id>
		<center>1070,740</center>
		<line-width>0</line-width>
		<has-frame-color>false</has-frame-color>
		<has-inside-color>false</has-inside-color>
		<frame-color>0,0,0</frame-color>
		<frame-color-alarm>0,0,0</frame-color-alarm>
		<fill-color>255,255,255</fill-color>
		<fill-color-alarm>255,255,255</fill-color-alarm>
		<enable-text-input>false</enable-text-input>
		<expr-invisible>
			<expr>
				<var>.gbyResolutionWORK</var>
				<const>9</const>
				<op><![CDATA[<>(2)]]></op>
			</expr>
		</expr-invisible>
		<hidden-input>false</hidden-input>
		<rect>1060,720,1101,766</rect>
		<show-frame>false</show-frame>
		<clip-frame>false</clip-frame>
		<iso-frame>false</iso-frame>
		<original-frame>false</original-frame>
		<animate-childs>true</animate-childs>
		<element type="polygon">
			<poly-count>2</poly-count>
			<poly-shape>polyline</poly-shape>
			<point>0,9</point>
			<point>5,15</point>
			<elem-id>76</elem-id>
			<center>2,12</center>
			<line-width>5</line-width>
			<has-frame-color>true</has-frame-color>
			<has-inside-color>true</has-inside-color>
			<frame-color>0,255,0</frame-color>
			<frame-color-alarm>0,0,0</frame-color-alarm>
			<fill-color>255,255,255</fill-color>
			<fill-color-alarm>255,255,255</fill-color-alarm>
			<enable-text-input>false</enable-text-input>
			<hidden-input>false</hidden-input>
		</element>
		<element type="polygon">
			<poly-count>4</poly-count>
			<poly-shape>bezier</poly-shape>
			<point>5,15</point>
			<point>7,9</point>
			<point>10,3</point>
			<point>20,0</point>
			<elem-id>77</elem-id>
			<center>10,6</center>
			<line-width>5</line-width>
			<has-frame-color>true</has-frame-color>
			<has-inside-color>true</has-inside-color>
			<frame-color>0,255,0</frame-color>
			<frame-color-alarm>0,0,0</frame-color-alarm>
			<fill-color>255,255,255</fill-color>
			<fill-color-alarm>255,255,255</fill-color-alarm>
			<enable-text-input>false</enable-text-input>
			<hidden-input>false</hidden-input>
		</element>
		<key-info-list/>
	</element>
	<element type="simple">
		<simple-shape>rectangle</simple-shape>
		<elem-id>78</elem-id>
		<center>960,827</center>
		<line-width>0</line-width>
		<has-frame-color>true</has-frame-color>
		<has-inside-color>false</has-inside-color>
		<frame-color>192,192,192</frame-color>
		<frame-color-alarm>0,0,0</frame-color-alarm>
		<fill-color>255,255,255</fill-color>
		<fill-color-alarm>255,255,255</fill-color-alarm>
		<expr-text-color>
			<expr>
				<var>.gwColorANZEIGETEXT</var>
			</expr>
		</expr-text-color>
		<expr-frame-color>
			<expr>
				<var>.gwdColorRAHMEN</var>
			</expr>
		</expr-frame-color>
		<text-align-horz>center</text-align-horz>
		<text-align-vert>center</text-align-vert>
		<font-height>-32</font-height>
		<font-height-point-size>24</font-height-point-size>
		<font-weight>700</font-weight>
		<font-italic>false</font-italic>
		<font-underline>false</font-underline>
		<font-strike-out>false</font-strike-out>
		<font-char-set>0</font-char-set>
		<text-id>471</text-id>
		<font-name><![CDATA[Arial Unicode MS]]></font-name>
		<font-color>0,0,0</font-color>
		<enable-text-input>false</enable-text-input>
		<input-action-list>
			<expr-assign>
				<lvalue>
					<expr>
						<var>.gbyResolutionEDIT</var>
					</expr>
				</lvalue>
				<rvalue>
					<expr>
						<const>9</const>
					</expr>
				</rvalue>
			</expr-assign>
		</input-action-list>
		<text-format>10</text-format>
		<hidden-input>false</hidden-input>
		<rect>800,790,1121,865</rect>
	</element>
	<element type="simple">
		<simple-shape>rectangle</simple-shape>
		<elem-id>79</elem-id>
		<center>755,828</center>
		<line-width>0</line-width>
		<has-frame-color>true</has-frame-color>
		<has-inside-color>true</has-inside-color>
		<frame-color>192,192,192</frame-color>
		<frame-color-alarm>0,0,0</frame-color-alarm>
		<fill-color>255,255,255</fill-color>
		<fill-color-alarm>255,255,255</fill-color-alarm>
		<expr-text-color>
			<expr>
				<var>.gwColorEditTEXT</var>
			</expr>
		</expr-text-color>
		<expr-fill-color>
			<expr>
				<var>.gwColorANZEIGETEXT</var>
			</expr>
		</expr-fill-color>
		<expr-frame-color>
			<expr>
				<var>.gwdColorRAHMEN</var>
			</expr>
		</expr-frame-color>
		<enable-text-input>false</enable-text-input>
		<input-action-list>
			<expr-assign>
				<lvalue>
					<expr>
						<var>.gbyResolutionEDIT</var>
					</expr>
				</lvalue>
				<rvalue>
					<expr>
						<const>10</const>
					</expr>
				</rvalue>
			</expr-assign>
		</input-action-list>
		<hidden-input>false</hidden-input>
		<rect>720,790,791,866</rect>
	</element>
	<element type="group">
		<elem-id>80</elem-id>
		<center>745,825</center>
		<line-width>0</line-width>
		<has-frame-color>false</has-frame-color>
		<has-inside-color>false</has-inside-color>
		<frame-color>0,0,0</frame-color>
		<frame-color-alarm>0,0,0</frame-color-alarm>
		<fill-color>255,255,255</fill-color>
		<fill-color-alarm>255,255,255</fill-color-alarm>
		<enable-text-input>false</enable-text-input>
		<expr-invisible>
			<expr>
				<var>.gbyResolutionEDIT</var>
				<const>10</const>
				<op><![CDATA[<>(2)]]></op>
			</expr>
		</expr-invisible>
		<hidden-input>false</hidden-input>
		<rect>735,805,776,851</rect>
		<show-frame>false</show-frame>
		<clip-frame>false</clip-frame>
		<iso-frame>false</iso-frame>
		<original-frame>false</original-frame>
		<animate-childs>true</animate-childs>
		<element type="polygon">
			<poly-count>2</poly-count>
			<poly-shape>polyline</poly-shape>
			<point>0,9</point>
			<point>5,15</point>
			<elem-id>81</elem-id>
			<center>2,12</center>
			<line-width>5</line-width>
			<has-frame-color>true</has-frame-color>
			<has-inside-color>true</has-inside-color>
			<frame-color>0,255,0</frame-color>
			<frame-color-alarm>0,0,0</frame-color-alarm>
			<fill-color>255,255,255</fill-color>
			<fill-color-alarm>255,255,255</fill-color-alarm>
			<enable-text-input>false</enable-text-input>
			<hidden-input>false</hidden-input>
		</element>
		<element type="polygon">
			<poly-count>4</poly-count>
			<poly-shape>bezier</poly-shape>
			<point>5,15</point>
			<point>7,9</point>
			<point>10,3</point>
			<point>20,0</point>
			<elem-id>82</elem-id>
			<center>10,6</center>
			<line-width>5</line-width>
			<has-frame-color>true</has-frame-color>
			<has-inside-color>true</has-inside-color>
			<frame-color>0,255,0</frame-color>
			<frame-color-alarm>0,0,0</frame-color-alarm>
			<fill-color>255,255,255</fill-color>
			<fill-color-alarm>255,255,255</fill-color-alarm>
			<enable-text-input>false</enable-text-input>
			<hidden-input>false</hidden-input>
		</element>
		<key-info-list/>
	</element>
	<element type="group">
		<elem-id>83</elem-id>
		<center>1070,825</center>
		<line-width>0</line-width>
		<has-frame-color>false</has-frame-color>
		<has-inside-color>false</has-inside-color>
		<frame-color>0,0,0</frame-color>
		<frame-color-alarm>0,0,0</frame-color-alarm>
		<fill-color>255,255,255</fill-color>
		<fill-color-alarm>255,255,255</fill-color-alarm>
		<enable-text-input>false</enable-text-input>
		<expr-invisible>
			<expr>
				<var>.gbyResolutionWORK</var>
				<const>10</const>
				<op><![CDATA[<>(2)]]></op>
			</expr>
		</expr-invisible>
		<hidden-input>false</hidden-input>
		<rect>1060,805,1101,851</rect>
		<show-frame>false</show-frame>
		<clip-frame>false</clip-frame>
		<iso-frame>false</iso-frame>
		<original-frame>false</original-frame>
		<animate-childs>true</animate-childs>
		<element type="polygon">
			<poly-count>2</poly-count>
			<poly-shape>polyline</poly-shape>
			<point>0,9</point>
			<point>5,15</point>
			<elem-id>84</elem-id>
			<center>2,12</center>
			<line-width>5</line-width>
			<has-frame-color>true</has-frame-color>
			<has-inside-color>true</has-inside-color>
			<frame-color>0,255,0</frame-color>
			<frame-color-alarm>0,0,0</frame-color-alarm>
			<fill-color>255,255,255</fill-color>
			<fill-color-alarm>255,255,255</fill-color-alarm>
			<enable-text-input>false</enable-text-input>
			<hidden-input>false</hidden-input>
		</element>
		<element type="polygon">
			<poly-count>4</poly-count>
			<poly-shape>bezier</poly-shape>
			<point>5,15</point>
			<point>7,9</point>
			<point>10,3</point>
			<point>20,0</point>
			<elem-id>85</elem-id>
			<center>10,6</center>
			<line-width>5</line-width>
			<has-frame-color>true</has-frame-color>
			<has-inside-color>true</has-inside-color>
			<frame-color>0,255,0</frame-color>
			<frame-color-alarm>0,0,0</frame-color-alarm>
			<fill-color>255,255,255</fill-color>
			<fill-color-alarm>255,255,255</fill-color-alarm>
			<enable-text-input>false</enable-text-input>
			<hidden-input>false</hidden-input>
		</element>
		<key-info-list/>
	</element>
	<element type="simple">
		<simple-shape>rectangle</simple-shape>
		<elem-id>86</elem-id>
		<center>705,930</center>
		<line-width>0</line-width>
		<has-frame-color>true</has-frame-color>
		<has-inside-color>false</has-inside-color>
		<frame-color>192,192,192</frame-color>
		<frame-color-alarm>0,0,0</frame-color-alarm>
		<fill-color>255,255,255</fill-color>
		<fill-color-alarm>255,255,255</fill-color-alarm>
		<expr-text-color>
			<expr>
				<var>.gwColorANZEIGETEXT</var>
			</expr>
		</expr-text-color>
		<expr-frame-color>
			<expr>
				<var>.gwdColorRAHMEN</var>
			</expr>
		</expr-frame-color>
		<text-align-horz>center</text-align-horz>
		<text-align-vert>center</text-align-vert>
		<font-height>-27</font-height>
		<font-height-point-size>20</font-height-point-size>
		<font-weight>700</font-weight>
		<font-italic>false</font-italic>
		<font-underline>false</font-underline>
		<font-strike-out>false</font-strike-out>
		<font-char-set>0</font-char-set>
		<text-id>480</text-id>
		<font-name><![CDATA[Arial Unicode MS]]></font-name>
		<font-color>255,255,255</font-color>
		<enable-text-input>false</enable-text-input>
		<text-format>
			<![CDATA[
]]>
		</text-format>
		<hidden-input>false</hidden-input>
		<rect>290,880,1121,981</rect>
	</element>
	<element type="simple">
		<simple-shape>rectangle</simple-shape>
		<elem-id>87</elem-id>
		<center>705,953</center>
		<line-width>0</line-width>
		<has-frame-color>false</has-frame-color>
		<has-inside-color>false</has-inside-color>
		<frame-color>192,192,192</frame-color>
		<frame-color-alarm>0,0,0</frame-color-alarm>
		<fill-color>255,255,255</fill-color>
		<fill-color-alarm>255,255,255</fill-color-alarm>
		<expr-text-color>
			<expr>
				<var>.gwColorANZEIGETEXT</var>
			</expr>
		</expr-text-color>
		<expr-frame-color>
			<expr>
				<var>.gwdColorRAHMEN</var>
			</expr>
		</expr-frame-color>
		<text-align-horz>center</text-align-horz>
		<text-align-vert>center</text-align-vert>
		<font-height>-27</font-height>
		<font-height-point-size>20</font-height-point-size>
		<font-weight>700</font-weight>
		<font-italic>false</font-italic>
		<font-underline>false</font-underline>
		<font-strike-out>false</font-strike-out>
		<font-char-set>0</font-char-set>
		<text-id>482</text-id>
		<font-name><![CDATA[Arial Unicode MS]]></font-name>
		<font-color>0,0,0</font-color>
		<enable-text-input>false</enable-text-input>
		<text-display>
			<expr>
				<const>1</const>
			</expr>
		</text-display>
		<text-format><![CDATA[10..%|<|SCREEN05|>|| |]]></text-format>
		<hidden-input>false</hidden-input>
		<rect>290,925,1121,981</rect>
	</element>
	<element type="simple">
		<simple-shape>rectangle</simple-shape>
		<elem-id>88</elem-id>
		<center>705,908</center>
		<line-width>0</line-width>
		<has-frame-color>false</has-frame-color>
		<has-inside-color>false</has-inside-color>
		<frame-color>192,192,192</frame-color>
		<frame-color-alarm>0,0,0</frame-color-alarm>
		<fill-color>255,255,255</fill-color>
		<fill-color-alarm>255,255,255</fill-color-alarm>
		<expr-text-color>
			<expr>
				<var>.gwColorANZEIGETEXT</var>
			</expr>
		</expr-text-color>
		<expr-frame-color>
			<expr>
				<var>.gwdColorRAHMEN</var>
			</expr>
		</expr-frame-color>
		<text-align-horz>center</text-align-horz>
		<text-align-vert>center</text-align-vert>
		<font-height>-27</font-height>
		<font-height-point-size>20</font-height-point-size>
		<font-weight>700</font-weight>
		<font-italic>false</font-italic>
		<font-underline>false</font-underline>
		<font-strike-out>false</font-strike-out>
		<font-char-set>0</font-char-set>
		<text-id>516</text-id>
		<font-name><![CDATA[Arial Unicode MS]]></font-name>
		<font-color>0,0,0</font-color>
		<enable-text-input>false</enable-text-input>
		<text-display>
			<expr>
				<const>1</const>
			</expr>
		</text-display>
		<text-format><![CDATA[| |1..%|<|SCREEN04|>|| |]]></text-format>
		<hidden-input>false</hidden-input>
		<rect>290,880,1121,936</rect>
	</element>
	<key-info-list/>
	<variablelist>
		<variable name=".gwdColorRAHMEN">4,32119,4,5</variable>
		<variable name=".gwColorTEXTButton">4,32127,4,5</variable>
		<variable name=".gxSaveRsolution">4,32117,1,0</variable>
		<variable name=".gxRefreshWebpage">4,32118,1,0</variable>
		<variable name=".gwColorANZEIGETEXT">4,32123,4,5</variable>
		<variable name=".gbyResolutionEDIT">4,32116,1,2</variable>
		<variable name=".gwColorEditTEXT">4,32131,4,5</variable>
		<variable name=".gbyResolutionWORK">4,32115,1,2</variable>
	</variablelist>
</visualisation>