<?xml version="1.0" encoding="ISO-8859-1"?>

<visualisation>
	<time-stamp>1632230257,3452816845</time-stamp>
	<name>CHECKBOX</name>
	<symplified-user-input>false</symplified-user-input>
	<keyboard-usage-for-table>true</keyboard-usage-for-table>
	<size>96,91</size>
	<usage-type>0</usage-type>
	<use-language-file>false</use-language-file>
	<use-dynamic-text>true</use-dynamic-text>
	<hide-elements>false</hide-elements>
	<language>ENGLISH</language>
	<dynamic-text-file>VIS\SPRACHE\DYNSPR.XML</dynamic-text-file>
	<element type="simple">
		<simple-shape>rectangle</simple-shape>
		<elem-id>0</elem-id>
		<center>48,45</center>
		<line-width>0</line-width>
		<has-frame-color>false</has-frame-color>
		<has-inside-color>true</has-inside-color>
		<frame-color>255,255,255</frame-color>
		<frame-color-alarm>0,0,0</frame-color-alarm>
		<fill-color>0,128,192</fill-color>
		<fill-color-alarm>255,255,255</fill-color-alarm>
		<expr-fill-color>
			<expr>
				<var>.gwColorEditBG</var>
			</expr>
		</expr-fill-color>
		<expr-toggle-var>
			<expr>
				<placeholder>$SwitchVar$</placeholder>
			</expr>
		</expr-toggle-var>
		<enable-text-input>false</enable-text-input>
		<hidden-input>false</hidden-input>
		<rect>0,0,96,91</rect>
	</element>
	<element type="simple">
		<simple-shape>rectangle</simple-shape>
		<elem-id>1</elem-id>
		<center>48,45</center>
		<line-width>4</line-width>
		<has-frame-color>true</has-frame-color>
		<has-inside-color>false</has-inside-color>
		<frame-color>255,255,255</frame-color>
		<frame-color-alarm>0,0,0</frame-color-alarm>
		<fill-color>0,128,192</fill-color>
		<fill-color-alarm>255,255,255</fill-color-alarm>
		<expr-fill-color>
			<expr>
				<var>.gwColorEditBG</var>
			</expr>
		</expr-fill-color>
		<expr-toggle-var>
			<expr>
				<placeholder>$SwitchVar$</placeholder>
			</expr>
		</expr-toggle-var>
		<enable-text-input>false</enable-text-input>
		<hidden-input>false</hidden-input>
		<rect>10,10,86,81</rect>
	</element>
	<element type="group">
		<elem-id>2</elem-id>
		<center>48,45</center>
		<line-width>0</line-width>
		<has-frame-color>false</has-frame-color>
		<has-inside-color>false</has-inside-color>
		<frame-color>0,0,0</frame-color>
		<frame-color-alarm>0,0,0</frame-color-alarm>
		<fill-color>255,255,255</fill-color>
		<fill-color-alarm>255,255,255</fill-color-alarm>
		<expr-toggle-var>
			<expr>
				<placeholder>$SwitchVar$</placeholder>
			</expr>
		</expr-toggle-var>
		<enable-text-input>false</enable-text-input>
		<expr-invisible>
			<expr>
				<placeholder>$switchvar$</placeholder>
				<const>FALSE</const>
				<op>=(2)</op>
			</expr>
		</expr-invisible>
		<hidden-input>false</hidden-input>
		<rect>20,20,76,71</rect>
		<show-frame>false</show-frame>
		<clip-frame>false</clip-frame>
		<iso-frame>false</iso-frame>
		<original-frame>false</original-frame>
		<animate-childs>true</animate-childs>
		<element type="polygon">
			<poly-count>2</poly-count>
			<poly-shape>polyline</poly-shape>
			<point>0,9</point>
			<point>5,15</point>
			<elem-id>3</elem-id>
			<center>2,12</center>
			<line-width>5</line-width>
			<has-frame-color>true</has-frame-color>
			<has-inside-color>true</has-inside-color>
			<frame-color>0,255,0</frame-color>
			<frame-color-alarm>0,0,0</frame-color-alarm>
			<fill-color>255,255,255</fill-color>
			<fill-color-alarm>255,255,255</fill-color-alarm>
			<enable-text-input>false</enable-text-input>
			<hidden-input>false</hidden-input>
		</element>
		<element type="polygon">
			<poly-count>4</poly-count>
			<poly-shape>bezier</poly-shape>
			<point>5,15</point>
			<point>7,9</point>
			<point>10,3</point>
			<point>20,0</point>
			<elem-id>4</elem-id>
			<center>10,6</center>
			<line-width>5</line-width>
			<has-frame-color>true</has-frame-color>
			<has-inside-color>true</has-inside-color>
			<frame-color>0,255,0</frame-color>
			<frame-color-alarm>0,0,0</frame-color-alarm>
			<fill-color>255,255,255</fill-color>
			<fill-color-alarm>255,255,255</fill-color-alarm>
			<enable-text-input>false</enable-text-input>
			<hidden-input>false</hidden-input>
		</element>
		<key-info-list/>
	</element>
	<key-info-list/>
	<variablelist>
		<variable name=".gwColorEditBG">4,32058,4,5</variable>
	</variablelist>
</visualisation>