<?xml version="1.0" encoding="ISO-8859-1"?>

<visualisation>
	<time-stamp>1552029935,3382346407</time-stamp>
	<name>SETUP_DEBUG</name>
	<symplified-user-input>false</symplified-user-input>
	<keyboard-usage-for-table>true</keyboard-usage-for-table>
	<size>1721,1196</size>
	<usage-type>0</usage-type>
	<use-language-file>false</use-language-file>
	<use-dynamic-text>true</use-dynamic-text>
	<hide-elements>false</hide-elements>
	<language>ENGLISH</language>
	<dynamic-text-file>VIS\SPRACHE\DYNSPR.XML</dynamic-text-file>
	<element type="bitmap">
		<file-name>vis\bgpic01.jpg</file-name>
		<transparent>false</transparent>
		<show-frame>true</show-frame>
		<clip-frame>true</clip-frame>
		<frame-type>anisotropic</frame-type>
		<elem-id>0</elem-id>
		<center>860,598</center>
		<line-width>0</line-width>
		<has-frame-color>true</has-frame-color>
		<has-inside-color>true</has-inside-color>
		<frame-color>192,192,192</frame-color>
		<frame-color-alarm>255,255,255</frame-color-alarm>
		<fill-color>255,255,255</fill-color>
		<fill-color-alarm>255,255,255</fill-color-alarm>
		<expr-frame-color>
			<expr>
				<var>.gwdColorRAHMEN</var>
			</expr>
		</expr-frame-color>
		<enable-text-input>false</enable-text-input>
		<hidden-input>false</hidden-input>
		<rect>0,0,1721,1196</rect>
	</element>
	<element type="simple">
		<simple-shape>rectangle</simple-shape>
		<elem-id>1</elem-id>
		<center>860,655</center>
		<line-width>0</line-width>
		<has-frame-color>true</has-frame-color>
		<has-inside-color>false</has-inside-color>
		<frame-color>0,0,0</frame-color>
		<frame-color-alarm>0,0,0</frame-color-alarm>
		<fill-color>255,255,255</fill-color>
		<fill-color-alarm>255,255,255</fill-color-alarm>
		<expr-frame-color>
			<expr>
				<var>.gwdColorRAHMEN</var>
			</expr>
		</expr-frame-color>
		<enable-text-input>false</enable-text-input>
		<hidden-input>false</hidden-input>
		<rect>60,225,1661,1086</rect>
	</element>
	<element type="simple">
		<simple-shape>rectangle</simple-shape>
		<elem-id>2</elem-id>
		<center>1560,78</center>
		<line-width>0</line-width>
		<has-frame-color>true</has-frame-color>
		<has-inside-color>false</has-inside-color>
		<frame-color>192,192,192</frame-color>
		<frame-color-alarm>0,0,0</frame-color-alarm>
		<fill-color>255,255,255</fill-color>
		<fill-color-alarm>255,255,255</fill-color-alarm>
		<expr-text-color>
			<expr>
				<var>.gwColorANZEIGETEXT</var>
			</expr>
		</expr-text-color>
		<expr-frame-color>
			<expr>
				<var>.gwdColorRAHMEN</var>
			</expr>
		</expr-frame-color>
		<text-align-horz>center</text-align-horz>
		<text-align-vert>center</text-align-vert>
		<font-height>-27</font-height>
		<font-height-point-size>20</font-height-point-size>
		<font-weight>700</font-weight>
		<font-italic>false</font-italic>
		<font-underline>false</font-underline>
		<font-strike-out>false</font-strike-out>
		<font-char-set>0</font-char-set>
		<text-id>164</text-id>
		<font-name><![CDATA[Arial Unicode MS]]></font-name>
		<font-color>0,0,0</font-color>
		<enable-text-input>false</enable-text-input>
		<text-display>
			<expr>
				<var>.gstrActualTime</var>
			</expr>
		</text-display>
		<text-format>%s</text-format>
		<hidden-input>false</hidden-input>
		<rect>1460,55,1661,101</rect>
	</element>
	<element type="simple">
		<simple-shape>rectangle</simple-shape>
		<elem-id>3</elem-id>
		<center>1560,138</center>
		<line-width>0</line-width>
		<has-frame-color>true</has-frame-color>
		<has-inside-color>false</has-inside-color>
		<frame-color>192,192,192</frame-color>
		<frame-color-alarm>0,0,0</frame-color-alarm>
		<fill-color>255,255,255</fill-color>
		<fill-color-alarm>255,255,255</fill-color-alarm>
		<expr-text-color>
			<expr>
				<var>.gwColorANZEIGETEXT</var>
			</expr>
		</expr-text-color>
		<expr-frame-color>
			<expr>
				<var>.gwdColorRAHMEN</var>
			</expr>
		</expr-frame-color>
		<text-align-horz>center</text-align-horz>
		<text-align-vert>center</text-align-vert>
		<font-height>-27</font-height>
		<font-height-point-size>20</font-height-point-size>
		<font-weight>700</font-weight>
		<font-italic>false</font-italic>
		<font-underline>false</font-underline>
		<font-strike-out>false</font-strike-out>
		<font-char-set>0</font-char-set>
		<text-id>165</text-id>
		<font-name><![CDATA[Arial Unicode MS]]></font-name>
		<font-color>0,0,0</font-color>
		<enable-text-input>false</enable-text-input>
		<text-display>
			<expr>
				<var>.gstrActualDate</var>
			</expr>
		</text-display>
		<text-format>%s</text-format>
		<hidden-input>false</hidden-input>
		<rect>1460,115,1661,161</rect>
	</element>
	<element type="button">
		<frame-type>anisotropic</frame-type>
		<elem-id>4</elem-id>
		<center>130,100</center>
		<line-width>0</line-width>
		<has-frame-color>true</has-frame-color>
		<has-inside-color>true</has-inside-color>
		<frame-color>0,0,0</frame-color>
		<frame-color-alarm>0,0,0</frame-color-alarm>
		<fill-color>200,200,200</fill-color>
		<fill-color-alarm>220,220,220</fill-color-alarm>
		<expr-text-color>
			<expr>
				<var>.gwColorTEXTButton</var>
			</expr>
		</expr-text-color>
		<text-align-horz>center</text-align-horz>
		<text-align-vert>center</text-align-vert>
		<font-height>-27</font-height>
		<font-height-point-size>20</font-height-point-size>
		<font-weight>700</font-weight>
		<font-italic>false</font-italic>
		<font-underline>false</font-underline>
		<font-strike-out>false</font-strike-out>
		<font-char-set>0</font-char-set>
		<text-id>212</text-id>
		<font-name><![CDATA[Arial Unicode MS]]></font-name>
		<font-color>0,0,0</font-color>
		<expr-zoom>
			<expr>
				<placeholder>SETUP_BASE</placeholder>
			</expr>
		</expr-zoom>
		<enable-text-input>false</enable-text-input>
		<input-action-list/>
		<text-display>
			<expr>
				<const>1</const>
			</expr>
		</text-display>
		<text-format><![CDATA[%|<|RETURN01|>|]]></text-format>
		<hidden-input>false</hidden-input>
		<rect>55,55,206,146</rect>
	</element>
	<element type="simple">
		<simple-shape>rectangle</simple-shape>
		<elem-id>5</elem-id>
		<center>823,105</center>
		<line-width>0</line-width>
		<has-frame-color>true</has-frame-color>
		<has-inside-color>false</has-inside-color>
		<frame-color>192,192,192</frame-color>
		<frame-color-alarm>0,0,0</frame-color-alarm>
		<fill-color>255,255,255</fill-color>
		<fill-color-alarm>255,255,255</fill-color-alarm>
		<expr-text-color>
			<expr>
				<var>.gwColorANZEIGETEXT</var>
			</expr>
		</expr-text-color>
		<expr-frame-color>
			<expr>
				<var>.gwdColorRAHMEN</var>
			</expr>
		</expr-frame-color>
		<enable-text-input>false</enable-text-input>
		<text-display>
			<expr>
				<const>1</const>
			</expr>
		</text-display>
		<hidden-input>false</hidden-input>
		<rect>480,55,1166,156</rect>
	</element>
	<element type="simple">
		<simple-shape>rectangle</simple-shape>
		<elem-id>6</elem-id>
		<center>823,130</center>
		<line-width>0</line-width>
		<has-frame-color>false</has-frame-color>
		<has-inside-color>false</has-inside-color>
		<frame-color>192,192,192</frame-color>
		<frame-color-alarm>0,0,0</frame-color-alarm>
		<fill-color>255,255,255</fill-color>
		<fill-color-alarm>255,255,255</fill-color-alarm>
		<expr-text-color>
			<expr>
				<var>.gwColorANZEIGETEXT</var>
			</expr>
		</expr-text-color>
		<expr-frame-color>
			<expr>
				<var>.gwdColorRAHMEN</var>
			</expr>
		</expr-frame-color>
		<text-align-horz>center</text-align-horz>
		<text-align-vert>center</text-align-vert>
		<font-height>-35</font-height>
		<font-height-point-size>26</font-height-point-size>
		<font-weight>700</font-weight>
		<font-italic>false</font-italic>
		<font-underline>false</font-underline>
		<font-strike-out>false</font-strike-out>
		<font-char-set>0</font-char-set>
		<text-id>288</text-id>
		<font-name><![CDATA[Arial Unicode MS]]></font-name>
		<font-color>0,0,0</font-color>
		<enable-text-input>false</enable-text-input>
		<text-display>
			<expr>
				<const>1</const>
			</expr>
		</text-display>
		<text-format><![CDATA[%|<|SETUP02|>|]]></text-format>
		<hidden-input>false</hidden-input>
		<rect>480,105,1166,156</rect>
	</element>
	<element type="button">
		<frame-type>anisotropic</frame-type>
		<elem-id>7</elem-id>
		<center>198,1138</center>
		<line-width>0</line-width>
		<has-frame-color>true</has-frame-color>
		<has-inside-color>true</has-inside-color>
		<frame-color>0,0,0</frame-color>
		<frame-color-alarm>0,0,0</frame-color-alarm>
		<fill-color>200,200,200</fill-color>
		<fill-color-alarm>220,220,220</fill-color-alarm>
		<expr-text-color>
			<expr>
				<var>.gwColorTEXTButton</var>
			</expr>
		</expr-text-color>
		<text-align-horz>center</text-align-horz>
		<text-align-vert>center</text-align-vert>
		<font-height>-27</font-height>
		<font-height-point-size>20</font-height-point-size>
		<font-weight>700</font-weight>
		<font-italic>false</font-italic>
		<font-underline>false</font-underline>
		<font-strike-out>false</font-strike-out>
		<font-char-set>0</font-char-set>
		<text-id>412</text-id>
		<font-name><![CDATA[Arial Unicode MS]]></font-name>
		<font-color>0,0,0</font-color>
		<enable-text-input>false</enable-text-input>
		<input-action-list>
			<execute><![CDATA[INTERN CHANGEUSERLEVEL]]></execute>
		</input-action-list>
		<text-display>
			<expr>
				<var>.CurrentUserLevel</var>
			</expr>
		</text-display>
		<text-format><![CDATA[User| |Level| |%s]]></text-format>
		<hidden-input>false</hidden-input>
		<rect>65,1115,331,1161</rect>
	</element>
	<element type="button">
		<frame-type>anisotropic</frame-type>
		<elem-id>8</elem-id>
		<center>458,1138</center>
		<line-width>0</line-width>
		<has-frame-color>true</has-frame-color>
		<has-inside-color>true</has-inside-color>
		<frame-color>0,0,0</frame-color>
		<frame-color-alarm>0,0,0</frame-color-alarm>
		<fill-color>200,200,200</fill-color>
		<fill-color-alarm>220,220,220</fill-color-alarm>
		<expr-text-color>
			<expr>
				<var>.gwColorTEXTButton</var>
			</expr>
		</expr-text-color>
		<text-align-horz>center</text-align-horz>
		<text-align-vert>center</text-align-vert>
		<font-height>-27</font-height>
		<font-height-point-size>20</font-height-point-size>
		<font-weight>700</font-weight>
		<font-italic>false</font-italic>
		<font-underline>false</font-underline>
		<font-strike-out>false</font-strike-out>
		<font-char-set>0</font-char-set>
		<text-id>413</text-id>
		<font-name><![CDATA[Arial Unicode MS]]></font-name>
		<font-color>0,0,0</font-color>
		<enable-text-input>false</enable-text-input>
		<input-action-list>
			<expr-assign>
				<lvalue>
					<expr>
						<var>.gxLogOut</var>
					</expr>
				</lvalue>
				<rvalue>
					<expr>
						<const>TRUE</const>
					</expr>
				</rvalue>
			</expr-assign>
		</input-action-list>
		<text-format><![CDATA[log| |out]]></text-format>
		<hidden-input>false</hidden-input>
		<rect>390,1115,526,1161</rect>
	</element>
	<element type="button">
		<frame-type>anisotropic</frame-type>
		<elem-id>9</elem-id>
		<center>755,393</center>
		<line-width>0</line-width>
		<has-frame-color>true</has-frame-color>
		<has-inside-color>true</has-inside-color>
		<frame-color>0,0,0</frame-color>
		<frame-color-alarm>0,0,0</frame-color-alarm>
		<fill-color>200,200,200</fill-color>
		<fill-color-alarm>220,220,220</fill-color-alarm>
		<expr-text-color>
			<expr>
				<var>.gwColorTEXTButton</var>
			</expr>
		</expr-text-color>
		<text-align-horz>center</text-align-horz>
		<text-align-vert>center</text-align-vert>
		<font-height>-27</font-height>
		<font-height-point-size>20</font-height-point-size>
		<font-weight>700</font-weight>
		<font-italic>false</font-italic>
		<font-underline>false</font-underline>
		<font-strike-out>false</font-strike-out>
		<font-char-set>0</font-char-set>
		<text-id>358</text-id>
		<font-name><![CDATA[Arial Unicode MS]]></font-name>
		<font-color>0,0,0</font-color>
		<enable-text-input>false</enable-text-input>
		<input-action-list>
			<expr-assign>
				<lvalue>
					<expr>
						<var>.giMB_1D_Mode</var>
					</expr>
				</lvalue>
				<rvalue>
					<expr>
						<const>2</const>
					</expr>
				</rvalue>
			</expr-assign>
			<expr-assign>
				<lvalue>
					<expr>
						<var>.gxSTART_MB_1D_INIT_EC</var>
					</expr>
				</lvalue>
				<rvalue>
					<expr>
						<const>TRUE</const>
					</expr>
				</rvalue>
			</expr-assign>
		</input-action-list>
		<text-display>
			<expr>
				<const>1</const>
			</expr>
		</text-display>
		<text-format><![CDATA[1D| |INIT]]></text-format>
		<tooltip><![CDATA[min. User Level 2]]></tooltip>
		<hidden-input>false</hidden-input>
		<rect>640,365,871,421</rect>
	</element>
	<element type="simple">
		<simple-shape>rectangle</simple-shape>
		<elem-id>10</elem-id>
		<center>770,658</center>
		<line-width>0</line-width>
		<has-frame-color>true</has-frame-color>
		<has-inside-color>false</has-inside-color>
		<frame-color>192,192,192</frame-color>
		<frame-color-alarm>0,0,0</frame-color-alarm>
		<fill-color>255,255,255</fill-color>
		<fill-color-alarm>255,255,255</fill-color-alarm>
		<expr-text-color>
			<expr>
				<var>.gwColorANZEIGETEXT</var>
			</expr>
		</expr-text-color>
		<expr-frame-color>
			<expr>
				<var>.gwdColorRAHMEN</var>
			</expr>
		</expr-frame-color>
		<text-align-horz>center</text-align-horz>
		<text-align-vert>center</text-align-vert>
		<font-height>-27</font-height>
		<font-height-point-size>20</font-height-point-size>
		<font-weight>700</font-weight>
		<font-italic>false</font-italic>
		<font-underline>false</font-underline>
		<font-strike-out>false</font-strike-out>
		<font-char-set>0</font-char-set>
		<text-id>414</text-id>
		<font-name><![CDATA[Arial Unicode MS]]></font-name>
		<font-color>0,0,0</font-color>
		<enable-text-input>false</enable-text-input>
		<text-display>
			<expr>
				<var>.gwSlaveDetectCount1D</var>
			</expr>
		</text-display>
		<text-format><![CDATA[found| |%s]]></text-format>
		<hidden-input>false</hidden-input>
		<rect>670,635,871,681</rect>
	</element>
	<element type="simple">
		<simple-shape>rectangle</simple-shape>
		<elem-id>11</elem-id>
		<center>770,718</center>
		<line-width>0</line-width>
		<has-frame-color>true</has-frame-color>
		<has-inside-color>false</has-inside-color>
		<frame-color>192,192,192</frame-color>
		<frame-color-alarm>0,0,0</frame-color-alarm>
		<fill-color>255,255,255</fill-color>
		<fill-color-alarm>255,255,255</fill-color-alarm>
		<expr-text-color>
			<expr>
				<var>.gwColorANZEIGETEXT</var>
			</expr>
		</expr-text-color>
		<expr-frame-color>
			<expr>
				<var>.gwdColorRAHMEN</var>
			</expr>
		</expr-frame-color>
		<text-align-horz>center</text-align-horz>
		<text-align-vert>center</text-align-vert>
		<font-height>-27</font-height>
		<font-height-point-size>20</font-height-point-size>
		<font-weight>700</font-weight>
		<font-italic>false</font-italic>
		<font-underline>false</font-underline>
		<font-strike-out>false</font-strike-out>
		<font-char-set>0</font-char-set>
		<text-id>415</text-id>
		<font-name><![CDATA[Arial Unicode MS]]></font-name>
		<font-color>0,0,0</font-color>
		<enable-text-input>false</enable-text-input>
		<text-display>
			<expr>
				<var>.gwSlaveCount1D</var>
			</expr>
		</text-display>
		<text-format><![CDATA[quantity| |%s]]></text-format>
		<hidden-input>false</hidden-input>
		<rect>670,695,871,741</rect>
	</element>
	<element type="simple">
		<simple-shape>rectangle</simple-shape>
		<elem-id>12</elem-id>
		<center>1020,658</center>
		<line-width>0</line-width>
		<has-frame-color>true</has-frame-color>
		<has-inside-color>false</has-inside-color>
		<frame-color>192,192,192</frame-color>
		<frame-color-alarm>0,0,0</frame-color-alarm>
		<fill-color>255,255,255</fill-color>
		<fill-color-alarm>255,255,255</fill-color-alarm>
		<expr-text-color>
			<expr>
				<var>.gwColorANZEIGETEXT</var>
			</expr>
		</expr-text-color>
		<expr-frame-color>
			<expr>
				<var>.gwdColorRAHMEN</var>
			</expr>
		</expr-frame-color>
		<text-align-horz>center</text-align-horz>
		<text-align-vert>center</text-align-vert>
		<font-height>-27</font-height>
		<font-height-point-size>20</font-height-point-size>
		<font-weight>700</font-weight>
		<font-italic>false</font-italic>
		<font-underline>false</font-underline>
		<font-strike-out>false</font-strike-out>
		<font-char-set>0</font-char-set>
		<text-id>417</text-id>
		<font-name><![CDATA[Arial Unicode MS]]></font-name>
		<font-color>0,0,0</font-color>
		<enable-text-input>false</enable-text-input>
		<text-display>
			<expr>
				<var>.gwSlaveDetectCount2D</var>
			</expr>
		</text-display>
		<text-format><![CDATA[found| |%s]]></text-format>
		<hidden-input>false</hidden-input>
		<rect>920,635,1121,681</rect>
	</element>
	<element type="simple">
		<simple-shape>rectangle</simple-shape>
		<elem-id>13</elem-id>
		<center>1020,718</center>
		<line-width>0</line-width>
		<has-frame-color>true</has-frame-color>
		<has-inside-color>false</has-inside-color>
		<frame-color>192,192,192</frame-color>
		<frame-color-alarm>0,0,0</frame-color-alarm>
		<fill-color>255,255,255</fill-color>
		<fill-color-alarm>255,255,255</fill-color-alarm>
		<expr-text-color>
			<expr>
				<var>.gwColorANZEIGETEXT</var>
			</expr>
		</expr-text-color>
		<expr-frame-color>
			<expr>
				<var>.gwdColorRAHMEN</var>
			</expr>
		</expr-frame-color>
		<text-align-horz>center</text-align-horz>
		<text-align-vert>center</text-align-vert>
		<font-height>-27</font-height>
		<font-height-point-size>20</font-height-point-size>
		<font-weight>700</font-weight>
		<font-italic>false</font-italic>
		<font-underline>false</font-underline>
		<font-strike-out>false</font-strike-out>
		<font-char-set>0</font-char-set>
		<text-id>418</text-id>
		<font-name><![CDATA[Arial Unicode MS]]></font-name>
		<font-color>0,0,0</font-color>
		<enable-text-input>false</enable-text-input>
		<text-display>
			<expr>
				<var>.gwSlaveCount2D</var>
			</expr>
		</text-display>
		<text-format><![CDATA[quantity| |%s]]></text-format>
		<hidden-input>false</hidden-input>
		<rect>920,695,1121,741</rect>
	</element>
	<element type="button">
		<frame-type>anisotropic</frame-type>
		<elem-id>14</elem-id>
		<center>700,293</center>
		<line-width>0</line-width>
		<has-frame-color>true</has-frame-color>
		<has-inside-color>true</has-inside-color>
		<frame-color>0,0,0</frame-color>
		<frame-color-alarm>0,0,0</frame-color-alarm>
		<fill-color>200,200,200</fill-color>
		<fill-color-alarm>220,220,220</fill-color-alarm>
		<expr-text-color>
			<expr>
				<var>.gwColorTEXTButton</var>
			</expr>
		</expr-text-color>
		<text-align-horz>center</text-align-horz>
		<text-align-vert>center</text-align-vert>
		<font-height>-27</font-height>
		<font-height-point-size>20</font-height-point-size>
		<font-weight>700</font-weight>
		<font-italic>false</font-italic>
		<font-underline>false</font-underline>
		<font-strike-out>false</font-strike-out>
		<font-char-set>0</font-char-set>
		<text-id>419</text-id>
		<font-name><![CDATA[Arial Unicode MS]]></font-name>
		<font-color>0,0,0</font-color>
		<enable-text-input>false</enable-text-input>
		<input-action-list>
			<expr-assign>
				<lvalue>
					<expr>
						<var>.giMB_1D_Mode</var>
					</expr>
				</lvalue>
				<rvalue>
					<expr>
						<const>0</const>
					</expr>
				</rvalue>
			</expr-assign>
		</input-action-list>
		<text-display>
			<expr>
				<const>1</const>
			</expr>
		</text-display>
		<text-format><![CDATA[STOP| |1D| |cyclic| |polling]]></text-format>
		<tooltip><![CDATA[min. User Level 2]]></tooltip>
		<hidden-input>false</hidden-input>
		<rect>530,265,871,321</rect>
	</element>
	<element type="button">
		<frame-type>anisotropic</frame-type>
		<elem-id>15</elem-id>
		<center>700,798</center>
		<line-width>0</line-width>
		<has-frame-color>true</has-frame-color>
		<has-inside-color>true</has-inside-color>
		<frame-color>0,0,0</frame-color>
		<frame-color-alarm>0,0,0</frame-color-alarm>
		<fill-color>200,200,200</fill-color>
		<fill-color-alarm>220,220,220</fill-color-alarm>
		<expr-text-color>
			<expr>
				<var>.gwColorTEXTButton</var>
			</expr>
		</expr-text-color>
		<text-align-horz>center</text-align-horz>
		<text-align-vert>center</text-align-vert>
		<font-height>-27</font-height>
		<font-height-point-size>20</font-height-point-size>
		<font-weight>700</font-weight>
		<font-italic>false</font-italic>
		<font-underline>false</font-underline>
		<font-strike-out>false</font-strike-out>
		<font-char-set>0</font-char-set>
		<text-id>420</text-id>
		<font-name><![CDATA[Arial Unicode MS]]></font-name>
		<font-color>0,0,0</font-color>
		<enable-text-input>false</enable-text-input>
		<input-action-list>
			<expr-assign>
				<lvalue>
					<expr>
						<var>.giMB_1D_Mode</var>
					</expr>
				</lvalue>
				<rvalue>
					<expr>
						<const>1</const>
					</expr>
				</rvalue>
			</expr-assign>
		</input-action-list>
		<text-display>
			<expr>
				<const>1</const>
			</expr>
		</text-display>
		<text-format><![CDATA[START| |1D| |cyclic| |polling]]></text-format>
		<tooltip><![CDATA[min. User Level 2]]></tooltip>
		<hidden-input>false</hidden-input>
		<rect>530,770,871,826</rect>
	</element>
	<element type="simple">
		<simple-shape>rectangle</simple-shape>
		<elem-id>16</elem-id>
		<center>513,878</center>
		<line-width>0</line-width>
		<has-frame-color>true</has-frame-color>
		<has-inside-color>false</has-inside-color>
		<frame-color>192,192,192</frame-color>
		<frame-color-alarm>0,0,0</frame-color-alarm>
		<fill-color>255,255,255</fill-color>
		<fill-color-alarm>255,255,255</fill-color-alarm>
		<expr-text-color>
			<expr>
				<var>.gwColorANZEIGETEXT</var>
			</expr>
		</expr-text-color>
		<expr-frame-color>
			<expr>
				<var>.gwdColorRAHMEN</var>
			</expr>
		</expr-frame-color>
		<text-align-horz>left</text-align-horz>
		<text-align-vert>center</text-align-vert>
		<font-height>-27</font-height>
		<font-height-point-size>20</font-height-point-size>
		<font-weight>700</font-weight>
		<font-italic>false</font-italic>
		<font-underline>false</font-underline>
		<font-strike-out>false</font-strike-out>
		<font-char-set>0</font-char-set>
		<text-id>421</text-id>
		<font-name>Arial</font-name>
		<font-color>0,0,0</font-color>
		<enable-text-input>false</enable-text-input>
		<text-display>
			<expr>
				<var>.giMB_1D_Mode</var>
			</expr>
		</text-display>
		<text-format><![CDATA[| || |giMB_1D_Mode:| |%s]]></text-format>
		<hidden-input>false</hidden-input>
		<rect>155,855,871,901</rect>
	</element>
	<element type="simple">
		<simple-shape>rectangle</simple-shape>
		<elem-id>17</elem-id>
		<center>513,943</center>
		<line-width>0</line-width>
		<has-frame-color>true</has-frame-color>
		<has-inside-color>false</has-inside-color>
		<frame-color>192,192,192</frame-color>
		<frame-color-alarm>0,0,0</frame-color-alarm>
		<fill-color>255,255,255</fill-color>
		<fill-color-alarm>255,255,255</fill-color-alarm>
		<expr-text-color>
			<expr>
				<var>.gwColorANZEIGETEXT</var>
			</expr>
		</expr-text-color>
		<expr-frame-color>
			<expr>
				<var>.gwdColorRAHMEN</var>
			</expr>
		</expr-frame-color>
		<text-align-horz>left</text-align-horz>
		<text-align-vert>center</text-align-vert>
		<font-height>-27</font-height>
		<font-height-point-size>20</font-height-point-size>
		<font-weight>700</font-weight>
		<font-italic>false</font-italic>
		<font-underline>false</font-underline>
		<font-strike-out>false</font-strike-out>
		<font-char-set>0</font-char-set>
		<text-id>422</text-id>
		<font-name>Arial</font-name>
		<font-color>0,0,0</font-color>
		<enable-text-input>false</enable-text-input>
		<text-display>
			<expr>
				<var>.giMB_1DJob_next</var>
			</expr>
		</text-display>
		<text-format><![CDATA[| |giMB_1DJob_next:| |%s]]></text-format>
		<hidden-input>false</hidden-input>
		<rect>155,920,871,966</rect>
	</element>
	<element type="simple">
		<simple-shape>rectangle</simple-shape>
		<elem-id>18</elem-id>
		<center>513,1013</center>
		<line-width>0</line-width>
		<has-frame-color>true</has-frame-color>
		<has-inside-color>false</has-inside-color>
		<frame-color>192,192,192</frame-color>
		<frame-color-alarm>0,0,0</frame-color-alarm>
		<fill-color>255,255,255</fill-color>
		<fill-color-alarm>255,255,255</fill-color-alarm>
		<expr-text-color>
			<expr>
				<var>.gwColorANZEIGETEXT</var>
			</expr>
		</expr-text-color>
		<expr-frame-color>
			<expr>
				<var>.gwdColorRAHMEN</var>
			</expr>
		</expr-frame-color>
		<text-align-horz>left</text-align-horz>
		<text-align-vert>center</text-align-vert>
		<font-height>-27</font-height>
		<font-height-point-size>20</font-height-point-size>
		<font-weight>700</font-weight>
		<font-italic>false</font-italic>
		<font-underline>false</font-underline>
		<font-strike-out>false</font-strike-out>
		<font-char-set>0</font-char-set>
		<text-id>423</text-id>
		<font-name>Arial</font-name>
		<font-color>0,0,0</font-color>
		<enable-text-input>false</enable-text-input>
		<text-display>
			<expr>
				<var>.gsMB_MGM_Ctrl_1D.iActivity</var>
			</expr>
		</text-display>
		<text-format><![CDATA[| || |gsMB_MGM_Ctrl_1D.iActivity:| |%s]]></text-format>
		<hidden-input>false</hidden-input>
		<rect>155,990,871,1036</rect>
	</element>
	<element type="button">
		<frame-type>anisotropic</frame-type>
		<elem-id>19</elem-id>
		<center>1090,293</center>
		<line-width>0</line-width>
		<has-frame-color>true</has-frame-color>
		<has-inside-color>true</has-inside-color>
		<frame-color>0,0,0</frame-color>
		<frame-color-alarm>0,0,0</frame-color-alarm>
		<fill-color>200,200,200</fill-color>
		<fill-color-alarm>220,220,220</fill-color-alarm>
		<expr-text-color>
			<expr>
				<var>.gwColorTEXTButton</var>
			</expr>
		</expr-text-color>
		<text-align-horz>center</text-align-horz>
		<text-align-vert>center</text-align-vert>
		<font-height>-27</font-height>
		<font-height-point-size>20</font-height-point-size>
		<font-weight>700</font-weight>
		<font-italic>false</font-italic>
		<font-underline>false</font-underline>
		<font-strike-out>false</font-strike-out>
		<font-char-set>0</font-char-set>
		<text-id>424</text-id>
		<font-name><![CDATA[Arial Unicode MS]]></font-name>
		<font-color>0,0,0</font-color>
		<enable-text-input>false</enable-text-input>
		<input-action-list>
			<expr-assign>
				<lvalue>
					<expr>
						<var>.giMB_2D_Mode</var>
					</expr>
				</lvalue>
				<rvalue>
					<expr>
						<const>0</const>
					</expr>
				</rvalue>
			</expr-assign>
		</input-action-list>
		<text-display>
			<expr>
				<const>1</const>
			</expr>
		</text-display>
		<text-format><![CDATA[STOP| |2D| |cyclic| |polling]]></text-format>
		<tooltip><![CDATA[min. User Level 2]]></tooltip>
		<hidden-input>false</hidden-input>
		<rect>920,265,1261,321</rect>
	</element>
	<element type="button">
		<frame-type>anisotropic</frame-type>
		<elem-id>20</elem-id>
		<center>1090,798</center>
		<line-width>0</line-width>
		<has-frame-color>true</has-frame-color>
		<has-inside-color>true</has-inside-color>
		<frame-color>0,0,0</frame-color>
		<frame-color-alarm>0,0,0</frame-color-alarm>
		<fill-color>200,200,200</fill-color>
		<fill-color-alarm>220,220,220</fill-color-alarm>
		<expr-text-color>
			<expr>
				<var>.gwColorTEXTButton</var>
			</expr>
		</expr-text-color>
		<text-align-horz>center</text-align-horz>
		<text-align-vert>center</text-align-vert>
		<font-height>-27</font-height>
		<font-height-point-size>20</font-height-point-size>
		<font-weight>700</font-weight>
		<font-italic>false</font-italic>
		<font-underline>false</font-underline>
		<font-strike-out>false</font-strike-out>
		<font-char-set>0</font-char-set>
		<text-id>425</text-id>
		<font-name><![CDATA[Arial Unicode MS]]></font-name>
		<font-color>0,0,0</font-color>
		<enable-text-input>false</enable-text-input>
		<input-action-list>
			<expr-assign>
				<lvalue>
					<expr>
						<var>.giMB_2D_Mode</var>
					</expr>
				</lvalue>
				<rvalue>
					<expr>
						<const>1</const>
					</expr>
				</rvalue>
			</expr-assign>
		</input-action-list>
		<text-display>
			<expr>
				<const>1</const>
			</expr>
		</text-display>
		<text-format><![CDATA[START| |2D| |cyclic| |polling]]></text-format>
		<tooltip><![CDATA[min. User Level 2]]></tooltip>
		<hidden-input>false</hidden-input>
		<rect>920,770,1261,826</rect>
	</element>
	<element type="simple">
		<simple-shape>rectangle</simple-shape>
		<elem-id>21</elem-id>
		<center>1278,878</center>
		<line-width>0</line-width>
		<has-frame-color>true</has-frame-color>
		<has-inside-color>false</has-inside-color>
		<frame-color>192,192,192</frame-color>
		<frame-color-alarm>0,0,0</frame-color-alarm>
		<fill-color>255,255,255</fill-color>
		<fill-color-alarm>255,255,255</fill-color-alarm>
		<expr-text-color>
			<expr>
				<var>.gwColorANZEIGETEXT</var>
			</expr>
		</expr-text-color>
		<expr-frame-color>
			<expr>
				<var>.gwdColorRAHMEN</var>
			</expr>
		</expr-frame-color>
		<text-align-horz>left</text-align-horz>
		<text-align-vert>center</text-align-vert>
		<font-height>-27</font-height>
		<font-height-point-size>20</font-height-point-size>
		<font-weight>700</font-weight>
		<font-italic>false</font-italic>
		<font-underline>false</font-underline>
		<font-strike-out>false</font-strike-out>
		<font-char-set>0</font-char-set>
		<text-id>426</text-id>
		<font-name>Arial</font-name>
		<font-color>0,0,0</font-color>
		<enable-text-input>false</enable-text-input>
		<text-display>
			<expr>
				<var>.giMB_2D_Mode</var>
			</expr>
		</text-display>
		<text-format><![CDATA[| || |giMB_2D_Mode:| |%s]]></text-format>
		<hidden-input>false</hidden-input>
		<rect>920,855,1636,901</rect>
	</element>
	<element type="simple">
		<simple-shape>rectangle</simple-shape>
		<elem-id>22</elem-id>
		<center>1278,943</center>
		<line-width>0</line-width>
		<has-frame-color>true</has-frame-color>
		<has-inside-color>false</has-inside-color>
		<frame-color>192,192,192</frame-color>
		<frame-color-alarm>0,0,0</frame-color-alarm>
		<fill-color>255,255,255</fill-color>
		<fill-color-alarm>255,255,255</fill-color-alarm>
		<expr-text-color>
			<expr>
				<var>.gwColorANZEIGETEXT</var>
			</expr>
		</expr-text-color>
		<expr-frame-color>
			<expr>
				<var>.gwdColorRAHMEN</var>
			</expr>
		</expr-frame-color>
		<text-align-horz>left</text-align-horz>
		<text-align-vert>center</text-align-vert>
		<font-height>-27</font-height>
		<font-height-point-size>20</font-height-point-size>
		<font-weight>700</font-weight>
		<font-italic>false</font-italic>
		<font-underline>false</font-underline>
		<font-strike-out>false</font-strike-out>
		<font-char-set>0</font-char-set>
		<text-id>427</text-id>
		<font-name>Arial</font-name>
		<font-color>0,0,0</font-color>
		<enable-text-input>false</enable-text-input>
		<text-display>
			<expr>
				<var>.giMB_2DJob_next</var>
			</expr>
		</text-display>
		<text-format><![CDATA[| || |giMB_2DJob_next:| |%s]]></text-format>
		<hidden-input>false</hidden-input>
		<rect>920,920,1636,966</rect>
	</element>
	<element type="simple">
		<simple-shape>rectangle</simple-shape>
		<elem-id>23</elem-id>
		<center>1278,1013</center>
		<line-width>0</line-width>
		<has-frame-color>true</has-frame-color>
		<has-inside-color>false</has-inside-color>
		<frame-color>192,192,192</frame-color>
		<frame-color-alarm>0,0,0</frame-color-alarm>
		<fill-color>255,255,255</fill-color>
		<fill-color-alarm>255,255,255</fill-color-alarm>
		<expr-text-color>
			<expr>
				<var>.gwColorANZEIGETEXT</var>
			</expr>
		</expr-text-color>
		<expr-frame-color>
			<expr>
				<var>.gwdColorRAHMEN</var>
			</expr>
		</expr-frame-color>
		<text-align-horz>left</text-align-horz>
		<text-align-vert>center</text-align-vert>
		<font-height>-27</font-height>
		<font-height-point-size>20</font-height-point-size>
		<font-weight>700</font-weight>
		<font-italic>false</font-italic>
		<font-underline>false</font-underline>
		<font-strike-out>false</font-strike-out>
		<font-char-set>0</font-char-set>
		<text-id>428</text-id>
		<font-name>Arial</font-name>
		<font-color>0,0,0</font-color>
		<enable-text-input>false</enable-text-input>
		<text-display>
			<expr>
				<var>.gsMB_MGM_Ctrl_2D.iActivity</var>
			</expr>
		</text-display>
		<text-format><![CDATA[| || |gsMB_MGM_Ctrl_2D.iActivity:| |%s]]></text-format>
		<hidden-input>false</hidden-input>
		<rect>920,990,1636,1036</rect>
	</element>
	<element type="button">
		<frame-type>anisotropic</frame-type>
		<elem-id>24</elem-id>
		<center>755,588</center>
		<line-width>0</line-width>
		<has-frame-color>true</has-frame-color>
		<has-inside-color>true</has-inside-color>
		<frame-color>0,0,0</frame-color>
		<frame-color-alarm>0,0,0</frame-color-alarm>
		<fill-color>200,200,200</fill-color>
		<fill-color-alarm>220,220,220</fill-color-alarm>
		<expr-text-color>
			<expr>
				<var>.gwColorTEXTButton</var>
			</expr>
		</expr-text-color>
		<text-align-horz>center</text-align-horz>
		<text-align-vert>center</text-align-vert>
		<font-height>-27</font-height>
		<font-height-point-size>20</font-height-point-size>
		<font-weight>700</font-weight>
		<font-italic>false</font-italic>
		<font-underline>false</font-underline>
		<font-strike-out>false</font-strike-out>
		<font-char-set>0</font-char-set>
		<text-id>433</text-id>
		<font-name><![CDATA[Arial Unicode MS]]></font-name>
		<font-color>0,0,0</font-color>
		<enable-text-input>false</enable-text-input>
		<input-action-list>
			<expr-assign>
				<lvalue>
					<expr>
						<var>.giMB_1D_Mode</var>
					</expr>
				</lvalue>
				<rvalue>
					<expr>
						<const>2</const>
					</expr>
				</rvalue>
			</expr-assign>
			<expr-assign>
				<lvalue>
					<expr>
						<var>.gxSTART_MB_1D_AUTO_ADDR</var>
					</expr>
				</lvalue>
				<rvalue>
					<expr>
						<const>TRUE</const>
					</expr>
				</rvalue>
			</expr-assign>
		</input-action-list>
		<text-display>
			<expr>
				<const>1</const>
			</expr>
		</text-display>
		<text-format><![CDATA[1D| |Auto| |Adr.]]></text-format>
		<tooltip><![CDATA[min. User Level 2]]></tooltip>
		<hidden-input>false</hidden-input>
		<rect>640,560,871,616</rect>
	</element>
	<element type="button">
		<frame-type>anisotropic</frame-type>
		<elem-id>25</elem-id>
		<center>1033,588</center>
		<line-width>0</line-width>
		<has-frame-color>true</has-frame-color>
		<has-inside-color>true</has-inside-color>
		<frame-color>0,0,0</frame-color>
		<frame-color-alarm>0,0,0</frame-color-alarm>
		<fill-color>200,200,200</fill-color>
		<fill-color-alarm>220,220,220</fill-color-alarm>
		<expr-text-color>
			<expr>
				<var>.gwColorTEXTButton</var>
			</expr>
		</expr-text-color>
		<text-align-horz>center</text-align-horz>
		<text-align-vert>center</text-align-vert>
		<font-height>-27</font-height>
		<font-height-point-size>20</font-height-point-size>
		<font-weight>700</font-weight>
		<font-italic>false</font-italic>
		<font-underline>false</font-underline>
		<font-strike-out>false</font-strike-out>
		<font-char-set>0</font-char-set>
		<text-id>436</text-id>
		<font-name><![CDATA[Arial Unicode MS]]></font-name>
		<font-color>0,0,0</font-color>
		<enable-text-input>false</enable-text-input>
		<input-action-list>
			<expr-assign>
				<lvalue>
					<expr>
						<var>.giMB_2D_Mode</var>
					</expr>
				</lvalue>
				<rvalue>
					<expr>
						<const>2</const>
					</expr>
				</rvalue>
			</expr-assign>
			<expr-assign>
				<lvalue>
					<expr>
						<var>.gxSTART_MB_2D_AUTO_ADDR</var>
					</expr>
				</lvalue>
				<rvalue>
					<expr>
						<const>TRUE</const>
					</expr>
				</rvalue>
			</expr-assign>
		</input-action-list>
		<text-display>
			<expr>
				<const>1</const>
			</expr>
		</text-display>
		<text-format><![CDATA[2D| |Auto| |Adr.]]></text-format>
		<tooltip><![CDATA[min. User Level 2]]></tooltip>
		<hidden-input>false</hidden-input>
		<rect>920,560,1146,616</rect>
	</element>
	<element type="simple">
		<simple-shape>rectangle</simple-shape>
		<elem-id>26</elem-id>
		<center>758,463</center>
		<line-width>0</line-width>
		<has-frame-color>true</has-frame-color>
		<has-inside-color>true</has-inside-color>
		<frame-color>192,192,192</frame-color>
		<frame-color-alarm>0,0,0</frame-color-alarm>
		<fill-color>0,128,192</fill-color>
		<fill-color-alarm>255,255,255</fill-color-alarm>
		<expr-text-color>
			<expr>
				<var>.gwColorEditTEXT</var>
			</expr>
		</expr-text-color>
		<expr-fill-color>
			<expr>
				<var>.gwColorEditBG</var>
			</expr>
		</expr-fill-color>
		<expr-frame-color>
			<expr>
				<var>.gwdColorRAHMEN</var>
			</expr>
		</expr-frame-color>
		<text-align-horz>center</text-align-horz>
		<text-align-vert>center</text-align-vert>
		<font-height>-27</font-height>
		<font-height-point-size>20</font-height-point-size>
		<font-weight>700</font-weight>
		<font-italic>false</font-italic>
		<font-underline>false</font-underline>
		<font-strike-out>false</font-strike-out>
		<font-char-set>0</font-char-set>
		<text-id>438</text-id>
		<font-name><![CDATA[Arial Unicode MS]]></font-name>
		<font-color>0,0,0</font-color>
		<enable-text-input>true</enable-text-input>
		<text-input-type>1</text-input-type>
		<text-input-min-expr>
			<expr>
				<const>0</const>
			</expr>
		</text-input-min-expr>
		<text-input-max-expr>
			<expr>
				<const>255</const>
			</expr>
		</text-input-max-expr>
		<text-display>
			<expr>
				<var>.gbyResetSlaveID_1D</var>
			</expr>
		</text-display>
		<text-format><![CDATA[Slave-ID| |%s]]></text-format>
		<hidden-input>false</hidden-input>
		<rect>640,440,876,486</rect>
	</element>
	<element type="simple">
		<simple-shape>rectangle</simple-shape>
		<elem-id>27</elem-id>
		<center>213,428</center>
		<line-width>0</line-width>
		<has-frame-color>true</has-frame-color>
		<has-inside-color>true</has-inside-color>
		<frame-color>192,192,192</frame-color>
		<frame-color-alarm>0,0,0</frame-color-alarm>
		<fill-color>0,128,192</fill-color>
		<fill-color-alarm>255,255,255</fill-color-alarm>
		<expr-text-color>
			<expr>
				<var>.gwColorEditTEXT</var>
			</expr>
		</expr-text-color>
		<expr-fill-color>
			<expr>
				<var>.gwColorEditBG</var>
			</expr>
		</expr-fill-color>
		<expr-frame-color>
			<expr>
				<var>.gwdColorRAHMEN</var>
			</expr>
		</expr-frame-color>
		<text-align-horz>center</text-align-horz>
		<text-align-vert>center</text-align-vert>
		<font-height>-27</font-height>
		<font-height-point-size>20</font-height-point-size>
		<font-weight>700</font-weight>
		<font-italic>false</font-italic>
		<font-underline>false</font-underline>
		<font-strike-out>false</font-strike-out>
		<font-char-set>0</font-char-set>
		<text-id>440</text-id>
		<font-name><![CDATA[Arial Unicode MS]]></font-name>
		<font-color>0,0,0</font-color>
		<enable-text-input>true</enable-text-input>
		<text-input-type>1</text-input-type>
		<text-input-min-expr>
			<expr>
				<const>0</const>
			</expr>
		</text-input-min-expr>
		<text-input-max-expr>
			<expr>
				<const>65535</const>
			</expr>
		</text-input-max-expr>
		<text-display>
			<expr>
				<var>.gwDebugCtrlMode</var>
			</expr>
		</text-display>
		<text-format><![CDATA[Ctrl-Mode| |%s]]></text-format>
		<hidden-input>false</hidden-input>
		<rect>95,405,331,451</rect>
	</element>
	<element type="simple">
		<simple-shape>circle</simple-shape>
		<elem-id>28</elem-id>
		<center>515,390</center>
		<line-width>0</line-width>
		<has-frame-color>true</has-frame-color>
		<has-inside-color>true</has-inside-color>
		<frame-color>0,0,0</frame-color>
		<frame-color-alarm>0,0,0</frame-color-alarm>
		<fill-color>255,204,204</fill-color>
		<fill-color-alarm>255,0,0</fill-color-alarm>
		<enable-text-input>false</enable-text-input>
		<expr-toggle-color>
			<expr>
				<var>.gxDebugInitERROR_1D</var>
			</expr>
		</expr-toggle-color>
		<hidden-input>false</hidden-input>
		<rect>480,360,551,421</rect>
	</element>
	<element type="button">
		<frame-type>anisotropic</frame-type>
		<elem-id>29</elem-id>
		<center>1040,398</center>
		<line-width>0</line-width>
		<has-frame-color>true</has-frame-color>
		<has-inside-color>true</has-inside-color>
		<frame-color>0,0,0</frame-color>
		<frame-color-alarm>0,0,0</frame-color-alarm>
		<fill-color>200,200,200</fill-color>
		<fill-color-alarm>220,220,220</fill-color-alarm>
		<expr-text-color>
			<expr>
				<var>.gwColorTEXTButton</var>
			</expr>
		</expr-text-color>
		<text-align-horz>center</text-align-horz>
		<text-align-vert>center</text-align-vert>
		<font-height>-27</font-height>
		<font-height-point-size>20</font-height-point-size>
		<font-weight>700</font-weight>
		<font-italic>false</font-italic>
		<font-underline>false</font-underline>
		<font-strike-out>false</font-strike-out>
		<font-char-set>0</font-char-set>
		<text-id>444</text-id>
		<font-name><![CDATA[Arial Unicode MS]]></font-name>
		<font-color>0,0,0</font-color>
		<enable-text-input>false</enable-text-input>
		<input-action-list>
			<expr-assign>
				<lvalue>
					<expr>
						<var>.giMB_2D_Mode</var>
					</expr>
				</lvalue>
				<rvalue>
					<expr>
						<const>2</const>
					</expr>
				</rvalue>
			</expr-assign>
			<expr-assign>
				<lvalue>
					<expr>
						<var>.gxSTART_MB_2D_INIT_EC</var>
					</expr>
				</lvalue>
				<rvalue>
					<expr>
						<const>TRUE</const>
					</expr>
				</rvalue>
			</expr-assign>
		</input-action-list>
		<text-display>
			<expr>
				<const>1</const>
			</expr>
		</text-display>
		<text-format><![CDATA[2D| |INIT]]></text-format>
		<tooltip><![CDATA[min. User Level 2]]></tooltip>
		<hidden-input>false</hidden-input>
		<rect>925,370,1156,426</rect>
	</element>
	<element type="simple">
		<simple-shape>rectangle</simple-shape>
		<elem-id>30</elem-id>
		<center>1043,468</center>
		<line-width>0</line-width>
		<has-frame-color>true</has-frame-color>
		<has-inside-color>true</has-inside-color>
		<frame-color>192,192,192</frame-color>
		<frame-color-alarm>0,0,0</frame-color-alarm>
		<fill-color>0,128,192</fill-color>
		<fill-color-alarm>255,255,255</fill-color-alarm>
		<expr-text-color>
			<expr>
				<var>.gwColorEditTEXT</var>
			</expr>
		</expr-text-color>
		<expr-fill-color>
			<expr>
				<var>.gwColorEditBG</var>
			</expr>
		</expr-fill-color>
		<expr-frame-color>
			<expr>
				<var>.gwdColorRAHMEN</var>
			</expr>
		</expr-frame-color>
		<text-align-horz>center</text-align-horz>
		<text-align-vert>center</text-align-vert>
		<font-height>-27</font-height>
		<font-height-point-size>20</font-height-point-size>
		<font-weight>700</font-weight>
		<font-italic>false</font-italic>
		<font-underline>false</font-underline>
		<font-strike-out>false</font-strike-out>
		<font-char-set>0</font-char-set>
		<text-id>447</text-id>
		<font-name><![CDATA[Arial Unicode MS]]></font-name>
		<font-color>0,0,0</font-color>
		<enable-text-input>true</enable-text-input>
		<text-input-type>1</text-input-type>
		<text-input-min-expr>
			<expr>
				<const>0</const>
			</expr>
		</text-input-min-expr>
		<text-input-max-expr>
			<expr>
				<const>255</const>
			</expr>
		</text-input-max-expr>
		<text-display>
			<expr>
				<var>.gbyResetSlaveID_2D</var>
			</expr>
		</text-display>
		<text-format><![CDATA[Slave-ID| |%s]]></text-format>
		<hidden-input>false</hidden-input>
		<rect>925,445,1161,491</rect>
	</element>
	<element type="simple">
		<simple-shape>circle</simple-shape>
		<elem-id>31</elem-id>
		<center>1280,395</center>
		<line-width>0</line-width>
		<has-frame-color>true</has-frame-color>
		<has-inside-color>true</has-inside-color>
		<frame-color>0,0,0</frame-color>
		<frame-color-alarm>0,0,0</frame-color-alarm>
		<fill-color>255,204,204</fill-color>
		<fill-color-alarm>255,0,0</fill-color-alarm>
		<enable-text-input>false</enable-text-input>
		<expr-toggle-color>
			<expr>
				<var>.gxDebugInitERROR_2D</var>
			</expr>
		</expr-toggle-color>
		<hidden-input>false</hidden-input>
		<rect>1245,365,1316,426</rect>
	</element>
	<element type="simple">
		<simple-shape>circle</simple-shape>
		<elem-id>32</elem-id>
		<center>510,585</center>
		<line-width>0</line-width>
		<has-frame-color>true</has-frame-color>
		<has-inside-color>true</has-inside-color>
		<frame-color>0,0,0</frame-color>
		<frame-color-alarm>0,0,0</frame-color-alarm>
		<fill-color>255,204,204</fill-color>
		<fill-color-alarm>255,0,0</fill-color-alarm>
		<enable-text-input>false</enable-text-input>
		<expr-toggle-color>
			<expr>
				<var>.gxDebugAA_ERROR_1D</var>
			</expr>
		</expr-toggle-color>
		<hidden-input>false</hidden-input>
		<rect>475,555,546,616</rect>
	</element>
	<element type="simple">
		<simple-shape>circle</simple-shape>
		<elem-id>33</elem-id>
		<center>1295,585</center>
		<line-width>0</line-width>
		<has-frame-color>true</has-frame-color>
		<has-inside-color>true</has-inside-color>
		<frame-color>0,0,0</frame-color>
		<frame-color-alarm>0,0,0</frame-color-alarm>
		<fill-color>255,204,204</fill-color>
		<fill-color-alarm>255,0,0</fill-color-alarm>
		<enable-text-input>false</enable-text-input>
		<expr-toggle-color>
			<expr>
				<var>.gxDebugAA_ERROR_2D</var>
			</expr>
		</expr-toggle-color>
		<hidden-input>false</hidden-input>
		<rect>1260,555,1331,616</rect>
	</element>
	<element type="simple">
		<simple-shape>circle</simple-shape>
		<elem-id>34</elem-id>
		<center>600,390</center>
		<line-width>0</line-width>
		<has-frame-color>true</has-frame-color>
		<has-inside-color>true</has-inside-color>
		<frame-color>0,0,0</frame-color>
		<frame-color-alarm>0,0,0</frame-color-alarm>
		<fill-color>206,255,206</fill-color>
		<fill-color-alarm>0,255,0</fill-color-alarm>
		<enable-text-input>false</enable-text-input>
		<expr-toggle-color>
			<expr>
				<var>.gxDebugInitSUCESS_1D</var>
			</expr>
		</expr-toggle-color>
		<hidden-input>false</hidden-input>
		<rect>565,360,636,421</rect>
	</element>
	<element type="simple">
		<simple-shape>circle</simple-shape>
		<elem-id>35</elem-id>
		<center>595,590</center>
		<line-width>0</line-width>
		<has-frame-color>true</has-frame-color>
		<has-inside-color>true</has-inside-color>
		<frame-color>0,0,0</frame-color>
		<frame-color-alarm>0,0,0</frame-color-alarm>
		<fill-color>206,255,206</fill-color>
		<fill-color-alarm>0,255,0</fill-color-alarm>
		<enable-text-input>false</enable-text-input>
		<expr-toggle-color>
			<expr>
				<var>.gxDebugAA_SUCESS_1D</var>
			</expr>
		</expr-toggle-color>
		<hidden-input>false</hidden-input>
		<rect>560,560,631,621</rect>
	</element>
	<element type="simple">
		<simple-shape>circle</simple-shape>
		<elem-id>36</elem-id>
		<center>1200,395</center>
		<line-width>0</line-width>
		<has-frame-color>true</has-frame-color>
		<has-inside-color>true</has-inside-color>
		<frame-color>0,0,0</frame-color>
		<frame-color-alarm>0,0,0</frame-color-alarm>
		<fill-color>206,255,206</fill-color>
		<fill-color-alarm>0,255,0</fill-color-alarm>
		<enable-text-input>false</enable-text-input>
		<expr-toggle-color>
			<expr>
				<var>.gxDebugInitSUCESS_2D</var>
			</expr>
		</expr-toggle-color>
		<hidden-input>false</hidden-input>
		<rect>1165,365,1236,426</rect>
	</element>
	<element type="simple">
		<simple-shape>circle</simple-shape>
		<elem-id>37</elem-id>
		<center>1200,585</center>
		<line-width>0</line-width>
		<has-frame-color>true</has-frame-color>
		<has-inside-color>true</has-inside-color>
		<frame-color>0,0,0</frame-color>
		<frame-color-alarm>0,0,0</frame-color-alarm>
		<fill-color>206,255,206</fill-color>
		<fill-color-alarm>0,255,0</fill-color-alarm>
		<enable-text-input>false</enable-text-input>
		<expr-toggle-color>
			<expr>
				<var>.gxDebugAA_SUCESS_2D</var>
			</expr>
		</expr-toggle-color>
		<hidden-input>false</hidden-input>
		<rect>1165,555,1236,616</rect>
	</element>
	<element type="simple">
		<simple-shape>rectangle</simple-shape>
		<elem-id>38</elem-id>
		<center>708,80</center>
		<line-width>0</line-width>
		<has-frame-color>false</has-frame-color>
		<has-inside-color>false</has-inside-color>
		<frame-color>192,192,192</frame-color>
		<frame-color-alarm>0,0,0</frame-color-alarm>
		<fill-color>255,255,255</fill-color>
		<fill-color-alarm>255,255,255</fill-color-alarm>
		<expr-text-color>
			<expr>
				<var>.gwColorANZEIGETEXT</var>
			</expr>
		</expr-text-color>
		<expr-frame-color>
			<expr>
				<var>.gwdColorRAHMEN</var>
			</expr>
		</expr-frame-color>
		<text-align-horz>center</text-align-horz>
		<text-align-vert>center</text-align-vert>
		<font-height>-35</font-height>
		<font-height-point-size>26</font-height-point-size>
		<font-weight>700</font-weight>
		<font-italic>false</font-italic>
		<font-underline>false</font-underline>
		<font-strike-out>false</font-strike-out>
		<font-char-set>0</font-char-set>
		<text-id>495</text-id>
		<font-name><![CDATA[Arial Unicode MS]]></font-name>
		<font-color>0,0,0</font-color>
		<enable-text-input>false</enable-text-input>
		<text-display>
			<expr>
				<var>.sHW_Layout_WORK.strAnlageName</var>
			</expr>
		</text-display>
		<text-format>%s</text-format>
		<hidden-input>false</hidden-input>
		<rect>480,55,936,106</rect>
	</element>
	<element type="simple">
		<simple-shape>rectangle</simple-shape>
		<elem-id>39</elem-id>
		<center>1050,80</center>
		<line-width>0</line-width>
		<has-frame-color>false</has-frame-color>
		<has-inside-color>false</has-inside-color>
		<frame-color>192,192,192</frame-color>
		<frame-color-alarm>0,0,0</frame-color-alarm>
		<fill-color>255,255,255</fill-color>
		<fill-color-alarm>255,255,255</fill-color-alarm>
		<expr-text-color>
			<expr>
				<var>.gwColorANZEIGETEXT</var>
			</expr>
		</expr-text-color>
		<expr-frame-color>
			<expr>
				<var>.gwdColorRAHMEN</var>
			</expr>
		</expr-frame-color>
		<text-align-horz>left</text-align-horz>
		<text-align-vert>center</text-align-vert>
		<font-height>-35</font-height>
		<font-height-point-size>26</font-height-point-size>
		<font-weight>700</font-weight>
		<font-italic>false</font-italic>
		<font-underline>false</font-underline>
		<font-strike-out>false</font-strike-out>
		<font-char-set>0</font-char-set>
		<text-id>496</text-id>
		<font-name><![CDATA[Arial Unicode MS]]></font-name>
		<font-color>0,0,0</font-color>
		<enable-text-input>false</enable-text-input>
		<text-display>
			<expr>
				<var>.sHW_Layout_WORK.strAnlageNr</var>
			</expr>
		</text-display>
		<text-format><![CDATA[| |%s]]></text-format>
		<hidden-input>false</hidden-input>
		<rect>935,55,1166,106</rect>
	</element>
	<element type="button">
		<frame-type>anisotropic</frame-type>
		<elem-id>40</elem-id>
		<center>160,203</center>
		<line-width>0</line-width>
		<has-frame-color>true</has-frame-color>
		<has-inside-color>true</has-inside-color>
		<frame-color>0,0,0</frame-color>
		<frame-color-alarm>0,0,0</frame-color-alarm>
		<fill-color>200,200,200</fill-color>
		<fill-color-alarm>220,220,220</fill-color-alarm>
		<expr-text-color>
			<expr>
				<var>.gwColorTEXTButton</var>
			</expr>
		</expr-text-color>
		<text-align-horz>center</text-align-horz>
		<text-align-vert>center</text-align-vert>
		<font-height>-27</font-height>
		<font-height-point-size>20</font-height-point-size>
		<font-weight>700</font-weight>
		<font-italic>false</font-italic>
		<font-underline>false</font-underline>
		<font-strike-out>false</font-strike-out>
		<font-char-set>0</font-char-set>
		<text-id>497</text-id>
		<font-name><![CDATA[Arial Unicode MS]]></font-name>
		<font-color>0,0,0</font-color>
		<expr-toggle-var>
			<expr>
				<var>gaxSetupPage[7]</var>
			</expr>
		</expr-toggle-var>
		<expr-zoom>
			<expr>
				<placeholder>SETUP_7</placeholder>
			</expr>
		</expr-zoom>
		<enable-text-input>false</enable-text-input>
		<input-action-list>
			<expr-assign>
				<lvalue>
					<expr>
						<var>.gbySetupActive</var>
					</expr>
				</lvalue>
				<rvalue>
					<expr>
						<const>7</const>
					</expr>
				</rvalue>
			</expr-assign>
		</input-action-list>
		<text-display>
			<expr>
				<const>1</const>
			</expr>
		</text-display>
		<text-format><![CDATA[%|<|SETUP04|>|]]></text-format>
		<hidden-input>false</hidden-input>
		<rect>60,180,261,226</rect>
	</element>
	<element type="button">
		<frame-type>anisotropic</frame-type>
		<elem-id>41</elem-id>
		<center>360,203</center>
		<line-width>0</line-width>
		<has-frame-color>true</has-frame-color>
		<has-inside-color>true</has-inside-color>
		<frame-color>0,0,0</frame-color>
		<frame-color-alarm>0,0,0</frame-color-alarm>
		<fill-color>200,200,200</fill-color>
		<fill-color-alarm>220,220,220</fill-color-alarm>
		<expr-text-color>
			<expr>
				<var>.gwColorTEXTButton</var>
			</expr>
		</expr-text-color>
		<text-align-horz>center</text-align-horz>
		<text-align-vert>center</text-align-vert>
		<font-height>-27</font-height>
		<font-height-point-size>20</font-height-point-size>
		<font-weight>700</font-weight>
		<font-italic>false</font-italic>
		<font-underline>false</font-underline>
		<font-strike-out>false</font-strike-out>
		<font-char-set>0</font-char-set>
		<text-id>498</text-id>
		<font-name><![CDATA[Arial Unicode MS]]></font-name>
		<font-color>0,0,0</font-color>
		<expr-toggle-var>
			<expr>
				<var>gaxSetupPage[1]</var>
			</expr>
		</expr-toggle-var>
		<expr-zoom>
			<expr>
				<placeholder>SETUP_1</placeholder>
			</expr>
		</expr-zoom>
		<enable-text-input>false</enable-text-input>
		<input-action-list>
			<expr-assign>
				<lvalue>
					<expr>
						<var>.xRefresh_01</var>
					</expr>
				</lvalue>
				<rvalue>
					<expr>
						<const>TRUE</const>
					</expr>
				</rvalue>
			</expr-assign>
			<expr-assign>
				<lvalue>
					<expr>
						<var>.gbySetupActive</var>
					</expr>
				</lvalue>
				<rvalue>
					<expr>
						<const>1</const>
					</expr>
				</rvalue>
			</expr-assign>
			<expr-assign>
				<lvalue>
					<expr>
						<var>.gxLoadActiveData</var>
					</expr>
				</lvalue>
				<rvalue>
					<expr>
						<const>TRUE</const>
					</expr>
				</rvalue>
			</expr-assign>
		</input-action-list>
		<text-display>
			<expr>
				<const>1</const>
			</expr>
		</text-display>
		<text-format><![CDATA[%|<|GROUP01|>|| |1]]></text-format>
		<hidden-input>false</hidden-input>
		<rect>260,180,461,226</rect>
	</element>
	<element type="button">
		<frame-type>anisotropic</frame-type>
		<elem-id>42</elem-id>
		<center>560,203</center>
		<line-width>0</line-width>
		<has-frame-color>true</has-frame-color>
		<has-inside-color>true</has-inside-color>
		<frame-color>0,0,0</frame-color>
		<frame-color-alarm>0,0,0</frame-color-alarm>
		<fill-color>200,200,200</fill-color>
		<fill-color-alarm>220,220,220</fill-color-alarm>
		<expr-text-color>
			<expr>
				<var>.gwColorTEXTButton</var>
			</expr>
		</expr-text-color>
		<text-align-horz>center</text-align-horz>
		<text-align-vert>center</text-align-vert>
		<font-height>-27</font-height>
		<font-height-point-size>20</font-height-point-size>
		<font-weight>700</font-weight>
		<font-italic>false</font-italic>
		<font-underline>false</font-underline>
		<font-strike-out>false</font-strike-out>
		<font-char-set>0</font-char-set>
		<text-id>499</text-id>
		<font-name><![CDATA[Arial Unicode MS]]></font-name>
		<font-color>0,0,0</font-color>
		<expr-toggle-var>
			<expr>
				<var>gaxSetupPage[2]</var>
			</expr>
		</expr-toggle-var>
		<expr-zoom>
			<expr>
				<placeholder>SETUP_1</placeholder>
			</expr>
		</expr-zoom>
		<enable-text-input>false</enable-text-input>
		<input-action-list>
			<expr-assign>
				<lvalue>
					<expr>
						<var>.xRefresh_01</var>
					</expr>
				</lvalue>
				<rvalue>
					<expr>
						<const>TRUE</const>
					</expr>
				</rvalue>
			</expr-assign>
			<expr-assign>
				<lvalue>
					<expr>
						<var>.gbySetupActive</var>
					</expr>
				</lvalue>
				<rvalue>
					<expr>
						<const>2</const>
					</expr>
				</rvalue>
			</expr-assign>
			<expr-assign>
				<lvalue>
					<expr>
						<var>.gxLoadActiveData</var>
					</expr>
				</lvalue>
				<rvalue>
					<expr>
						<const>TRUE</const>
					</expr>
				</rvalue>
			</expr-assign>
		</input-action-list>
		<text-display>
			<expr>
				<const>1</const>
			</expr>
		</text-display>
		<text-format><![CDATA[%|<|GROUP01|>|| |2]]></text-format>
		<hidden-input>false</hidden-input>
		<rect>460,180,661,226</rect>
	</element>
	<element type="button">
		<frame-type>anisotropic</frame-type>
		<elem-id>43</elem-id>
		<center>760,203</center>
		<line-width>0</line-width>
		<has-frame-color>true</has-frame-color>
		<has-inside-color>true</has-inside-color>
		<frame-color>0,0,0</frame-color>
		<frame-color-alarm>0,0,0</frame-color-alarm>
		<fill-color>200,200,200</fill-color>
		<fill-color-alarm>220,220,220</fill-color-alarm>
		<expr-text-color>
			<expr>
				<var>.gwColorTEXTButton</var>
			</expr>
		</expr-text-color>
		<text-align-horz>center</text-align-horz>
		<text-align-vert>center</text-align-vert>
		<font-height>-27</font-height>
		<font-height-point-size>20</font-height-point-size>
		<font-weight>700</font-weight>
		<font-italic>false</font-italic>
		<font-underline>false</font-underline>
		<font-strike-out>false</font-strike-out>
		<font-char-set>0</font-char-set>
		<text-id>500</text-id>
		<font-name><![CDATA[Arial Unicode MS]]></font-name>
		<font-color>0,0,0</font-color>
		<expr-toggle-var>
			<expr>
				<var>gaxSetupPage[3]</var>
			</expr>
		</expr-toggle-var>
		<expr-zoom>
			<expr>
				<placeholder>SETUP_1</placeholder>
			</expr>
		</expr-zoom>
		<enable-text-input>false</enable-text-input>
		<input-action-list>
			<expr-assign>
				<lvalue>
					<expr>
						<var>.xRefresh_01</var>
					</expr>
				</lvalue>
				<rvalue>
					<expr>
						<const>TRUE</const>
					</expr>
				</rvalue>
			</expr-assign>
			<expr-assign>
				<lvalue>
					<expr>
						<var>.gbySetupActive</var>
					</expr>
				</lvalue>
				<rvalue>
					<expr>
						<const>3</const>
					</expr>
				</rvalue>
			</expr-assign>
			<expr-assign>
				<lvalue>
					<expr>
						<var>.gxLoadActiveData</var>
					</expr>
				</lvalue>
				<rvalue>
					<expr>
						<const>TRUE</const>
					</expr>
				</rvalue>
			</expr-assign>
		</input-action-list>
		<text-display>
			<expr>
				<const>1</const>
			</expr>
		</text-display>
		<text-format><![CDATA[%|<|GROUP01|>|| |3]]></text-format>
		<hidden-input>false</hidden-input>
		<rect>660,180,861,226</rect>
	</element>
	<element type="button">
		<frame-type>anisotropic</frame-type>
		<elem-id>44</elem-id>
		<center>960,203</center>
		<line-width>0</line-width>
		<has-frame-color>true</has-frame-color>
		<has-inside-color>true</has-inside-color>
		<frame-color>0,0,0</frame-color>
		<frame-color-alarm>0,0,0</frame-color-alarm>
		<fill-color>200,200,200</fill-color>
		<fill-color-alarm>220,220,220</fill-color-alarm>
		<expr-text-color>
			<expr>
				<var>.gwColorTEXTButton</var>
			</expr>
		</expr-text-color>
		<text-align-horz>center</text-align-horz>
		<text-align-vert>center</text-align-vert>
		<font-height>-27</font-height>
		<font-height-point-size>20</font-height-point-size>
		<font-weight>700</font-weight>
		<font-italic>false</font-italic>
		<font-underline>false</font-underline>
		<font-strike-out>false</font-strike-out>
		<font-char-set>0</font-char-set>
		<text-id>501</text-id>
		<font-name><![CDATA[Arial Unicode MS]]></font-name>
		<font-color>0,0,0</font-color>
		<expr-toggle-var>
			<expr>
				<var>gaxSetupPage[4]</var>
			</expr>
		</expr-toggle-var>
		<expr-zoom>
			<expr>
				<placeholder>SETUP_1</placeholder>
			</expr>
		</expr-zoom>
		<enable-text-input>false</enable-text-input>
		<input-action-list>
			<expr-assign>
				<lvalue>
					<expr>
						<var>.xRefresh_01</var>
					</expr>
				</lvalue>
				<rvalue>
					<expr>
						<const>TRUE</const>
					</expr>
				</rvalue>
			</expr-assign>
			<expr-assign>
				<lvalue>
					<expr>
						<var>.gbySetupActive</var>
					</expr>
				</lvalue>
				<rvalue>
					<expr>
						<const>4</const>
					</expr>
				</rvalue>
			</expr-assign>
			<expr-assign>
				<lvalue>
					<expr>
						<var>.gxLoadActiveData</var>
					</expr>
				</lvalue>
				<rvalue>
					<expr>
						<const>TRUE</const>
					</expr>
				</rvalue>
			</expr-assign>
		</input-action-list>
		<text-display>
			<expr>
				<const>1</const>
			</expr>
		</text-display>
		<text-format><![CDATA[%|<|GROUP01|>|| |4]]></text-format>
		<hidden-input>false</hidden-input>
		<rect>860,180,1061,226</rect>
	</element>
	<element type="button">
		<frame-type>anisotropic</frame-type>
		<elem-id>45</elem-id>
		<center>1160,203</center>
		<line-width>0</line-width>
		<has-frame-color>true</has-frame-color>
		<has-inside-color>true</has-inside-color>
		<frame-color>0,0,0</frame-color>
		<frame-color-alarm>0,0,0</frame-color-alarm>
		<fill-color>200,200,200</fill-color>
		<fill-color-alarm>220,220,220</fill-color-alarm>
		<expr-text-color>
			<expr>
				<var>.gwColorTEXTButton</var>
			</expr>
		</expr-text-color>
		<text-align-horz>center</text-align-horz>
		<text-align-vert>center</text-align-vert>
		<font-height>-27</font-height>
		<font-height-point-size>20</font-height-point-size>
		<font-weight>700</font-weight>
		<font-italic>false</font-italic>
		<font-underline>false</font-underline>
		<font-strike-out>false</font-strike-out>
		<font-char-set>0</font-char-set>
		<text-id>502</text-id>
		<font-name><![CDATA[Arial Unicode MS]]></font-name>
		<font-color>0,0,0</font-color>
		<expr-toggle-var>
			<expr>
				<var>gaxSetupPage[5]</var>
			</expr>
		</expr-toggle-var>
		<expr-zoom>
			<expr>
				<placeholder>SETUP_1</placeholder>
			</expr>
		</expr-zoom>
		<enable-text-input>false</enable-text-input>
		<input-action-list>
			<expr-assign>
				<lvalue>
					<expr>
						<var>.xRefresh_01</var>
					</expr>
				</lvalue>
				<rvalue>
					<expr>
						<const>TRUE</const>
					</expr>
				</rvalue>
			</expr-assign>
			<expr-assign>
				<lvalue>
					<expr>
						<var>.gbySetupActive</var>
					</expr>
				</lvalue>
				<rvalue>
					<expr>
						<const>5</const>
					</expr>
				</rvalue>
			</expr-assign>
			<expr-assign>
				<lvalue>
					<expr>
						<var>.gxLoadActiveData</var>
					</expr>
				</lvalue>
				<rvalue>
					<expr>
						<const>TRUE</const>
					</expr>
				</rvalue>
			</expr-assign>
		</input-action-list>
		<text-display>
			<expr>
				<const>1</const>
			</expr>
		</text-display>
		<text-format><![CDATA[%|<|GROUP01|>|| |5]]></text-format>
		<hidden-input>false</hidden-input>
		<rect>1060,180,1261,226</rect>
	</element>
	<element type="button">
		<frame-type>anisotropic</frame-type>
		<elem-id>46</elem-id>
		<center>1360,203</center>
		<line-width>0</line-width>
		<has-frame-color>true</has-frame-color>
		<has-inside-color>true</has-inside-color>
		<frame-color>0,0,0</frame-color>
		<frame-color-alarm>0,0,0</frame-color-alarm>
		<fill-color>200,200,200</fill-color>
		<fill-color-alarm>220,220,220</fill-color-alarm>
		<expr-text-color>
			<expr>
				<var>.gwColorTEXTButton</var>
			</expr>
		</expr-text-color>
		<text-align-horz>center</text-align-horz>
		<text-align-vert>center</text-align-vert>
		<font-height>-27</font-height>
		<font-height-point-size>20</font-height-point-size>
		<font-weight>700</font-weight>
		<font-italic>false</font-italic>
		<font-underline>false</font-underline>
		<font-strike-out>false</font-strike-out>
		<font-char-set>0</font-char-set>
		<text-id>503</text-id>
		<font-name><![CDATA[Arial Unicode MS]]></font-name>
		<font-color>0,0,0</font-color>
		<expr-toggle-var>
			<expr>
				<var>gaxSetupPage[6]</var>
			</expr>
		</expr-toggle-var>
		<expr-zoom>
			<expr>
				<placeholder>SETUP_1</placeholder>
			</expr>
		</expr-zoom>
		<enable-text-input>false</enable-text-input>
		<input-action-list>
			<expr-assign>
				<lvalue>
					<expr>
						<var>.xRefresh_01</var>
					</expr>
				</lvalue>
				<rvalue>
					<expr>
						<const>TRUE</const>
					</expr>
				</rvalue>
			</expr-assign>
			<expr-assign>
				<lvalue>
					<expr>
						<var>.gbySetupActive</var>
					</expr>
				</lvalue>
				<rvalue>
					<expr>
						<const>6</const>
					</expr>
				</rvalue>
			</expr-assign>
			<expr-assign>
				<lvalue>
					<expr>
						<var>.gxLoadActiveData</var>
					</expr>
				</lvalue>
				<rvalue>
					<expr>
						<const>TRUE</const>
					</expr>
				</rvalue>
			</expr-assign>
		</input-action-list>
		<text-display>
			<expr>
				<const>1</const>
			</expr>
		</text-display>
		<text-format><![CDATA[%|<|GROUP01|>|| |6]]></text-format>
		<hidden-input>false</hidden-input>
		<rect>1260,180,1461,226</rect>
	</element>
	<element type="button">
		<frame-type>anisotropic</frame-type>
		<elem-id>47</elem-id>
		<center>1560,203</center>
		<line-width>0</line-width>
		<has-frame-color>true</has-frame-color>
		<has-inside-color>true</has-inside-color>
		<frame-color>0,0,0</frame-color>
		<frame-color-alarm>0,0,0</frame-color-alarm>
		<fill-color>200,200,200</fill-color>
		<fill-color-alarm>220,220,220</fill-color-alarm>
		<expr-text-color>
			<expr>
				<var>.gwColorTEXTButton</var>
			</expr>
		</expr-text-color>
		<text-align-horz>center</text-align-horz>
		<text-align-vert>center</text-align-vert>
		<font-height>-27</font-height>
		<font-height-point-size>20</font-height-point-size>
		<font-weight>700</font-weight>
		<font-italic>false</font-italic>
		<font-underline>false</font-underline>
		<font-strike-out>false</font-strike-out>
		<font-char-set>0</font-char-set>
		<text-id>504</text-id>
		<font-name><![CDATA[Arial Unicode MS]]></font-name>
		<font-color>0,0,0</font-color>
		<expr-toggle-var>
			<expr>
				<var>gaxSetupPage[8]</var>
			</expr>
		</expr-toggle-var>
		<expr-zoom>
			<expr>
				<placeholder>SETUP_BASE</placeholder>
			</expr>
		</expr-zoom>
		<enable-text-input>false</enable-text-input>
		<input-action-list>
			<expr-assign>
				<lvalue>
					<expr>
						<var>.gbySetupActive</var>
					</expr>
				</lvalue>
				<rvalue>
					<expr>
						<const>8</const>
					</expr>
				</rvalue>
			</expr-assign>
		</input-action-list>
		<text-display>
			<expr>
				<const>1</const>
			</expr>
		</text-display>
		<text-format><![CDATA[%|<|SETUP03|>|]]></text-format>
		<hidden-input>false</hidden-input>
		<rect>1460,180,1661,226</rect>
	</element>
	<element type="simple">
		<simple-shape>rectangle</simple-shape>
		<elem-id>48</elem-id>
		<center>285,623</center>
		<line-width>0</line-width>
		<has-frame-color>true</has-frame-color>
		<has-inside-color>false</has-inside-color>
		<frame-color>192,192,192</frame-color>
		<frame-color-alarm>0,0,0</frame-color-alarm>
		<fill-color>255,255,255</fill-color>
		<fill-color-alarm>255,255,255</fill-color-alarm>
		<expr-text-color>
			<expr>
				<var>.gwColorANZEIGETEXT</var>
			</expr>
		</expr-text-color>
		<expr-frame-color>
			<expr>
				<var>.gwdColorRAHMEN</var>
			</expr>
		</expr-frame-color>
		<text-align-horz>center</text-align-horz>
		<text-align-vert>center</text-align-vert>
		<font-height>-27</font-height>
		<font-height-point-size>20</font-height-point-size>
		<font-weight>700</font-weight>
		<font-italic>false</font-italic>
		<font-underline>false</font-underline>
		<font-strike-out>false</font-strike-out>
		<font-char-set>0</font-char-set>
		<text-id>509</text-id>
		<font-name>Arial</font-name>
		<font-color>0,0,0</font-color>
		<enable-text-input>false</enable-text-input>
		<text-display>
			<expr>
				<var>.gui1D_cycPeriod</var>
			</expr>
		</text-display>
		<text-format>
			<![CDATA[cycle| |1D
%s| |s]]>
		</text-format>
		<hidden-input>false</hidden-input>
		<rect>185,570,386,676</rect>
	</element>
	<element type="simple">
		<simple-shape>rectangle</simple-shape>
		<elem-id>49</elem-id>
		<center>1495,628</center>
		<line-width>0</line-width>
		<has-frame-color>true</has-frame-color>
		<has-inside-color>false</has-inside-color>
		<frame-color>192,192,192</frame-color>
		<frame-color-alarm>0,0,0</frame-color-alarm>
		<fill-color>255,255,255</fill-color>
		<fill-color-alarm>255,255,255</fill-color-alarm>
		<expr-text-color>
			<expr>
				<var>.gwColorANZEIGETEXT</var>
			</expr>
		</expr-text-color>
		<expr-frame-color>
			<expr>
				<var>.gwdColorRAHMEN</var>
			</expr>
		</expr-frame-color>
		<text-align-horz>center</text-align-horz>
		<text-align-vert>center</text-align-vert>
		<font-height>-27</font-height>
		<font-height-point-size>20</font-height-point-size>
		<font-weight>700</font-weight>
		<font-italic>false</font-italic>
		<font-underline>false</font-underline>
		<font-strike-out>false</font-strike-out>
		<font-char-set>0</font-char-set>
		<text-id>510</text-id>
		<font-name>Arial</font-name>
		<font-color>0,0,0</font-color>
		<enable-text-input>false</enable-text-input>
		<text-display>
			<expr>
				<var>.gui2D_cycPeriod</var>
			</expr>
		</text-display>
		<text-format>
			<![CDATA[cycle| |2D
%s| |s]]>
		</text-format>
		<hidden-input>false</hidden-input>
		<rect>1395,575,1596,681</rect>
	</element>
	<element type="simple">
		<simple-shape>rectangle</simple-shape>
		<elem-id>50</elem-id>
		<center>285,698</center>
		<line-width>0</line-width>
		<has-frame-color>true</has-frame-color>
		<has-inside-color>false</has-inside-color>
		<frame-color>192,192,192</frame-color>
		<frame-color-alarm>0,0,0</frame-color-alarm>
		<fill-color>255,255,255</fill-color>
		<fill-color-alarm>255,255,255</fill-color-alarm>
		<expr-text-color>
			<expr>
				<var>.gwColorANZEIGETEXT</var>
			</expr>
		</expr-text-color>
		<expr-frame-color>
			<expr>
				<var>.gwdColorRAHMEN</var>
			</expr>
		</expr-frame-color>
		<text-align-horz>center</text-align-horz>
		<text-align-vert>center</text-align-vert>
		<font-height>-27</font-height>
		<font-height-point-size>20</font-height-point-size>
		<font-weight>700</font-weight>
		<font-italic>false</font-italic>
		<font-underline>false</font-underline>
		<font-strike-out>false</font-strike-out>
		<font-char-set>0</font-char-set>
		<text-id>511</text-id>
		<font-name>Arial</font-name>
		<font-color>0,0,0</font-color>
		<enable-text-input>false</enable-text-input>
		<text-display>
			<expr>
				<var>.gby1DDebugID_Cyclic</var>
			</expr>
		</text-display>
		<text-format>%s</text-format>
		<hidden-input>false</hidden-input>
		<rect>185,675,386,721</rect>
	</element>
	<element type="simple">
		<simple-shape>rectangle</simple-shape>
		<elem-id>51</elem-id>
		<center>1495,703</center>
		<line-width>0</line-width>
		<has-frame-color>true</has-frame-color>
		<has-inside-color>false</has-inside-color>
		<frame-color>192,192,192</frame-color>
		<frame-color-alarm>0,0,0</frame-color-alarm>
		<fill-color>255,255,255</fill-color>
		<fill-color-alarm>255,255,255</fill-color-alarm>
		<expr-text-color>
			<expr>
				<var>.gwColorANZEIGETEXT</var>
			</expr>
		</expr-text-color>
		<expr-frame-color>
			<expr>
				<var>.gwdColorRAHMEN</var>
			</expr>
		</expr-frame-color>
		<text-align-horz>center</text-align-horz>
		<text-align-vert>center</text-align-vert>
		<font-height>-27</font-height>
		<font-height-point-size>20</font-height-point-size>
		<font-weight>700</font-weight>
		<font-italic>false</font-italic>
		<font-underline>false</font-underline>
		<font-strike-out>false</font-strike-out>
		<font-char-set>0</font-char-set>
		<text-id>512</text-id>
		<font-name>Arial</font-name>
		<font-color>0,0,0</font-color>
		<enable-text-input>false</enable-text-input>
		<text-display>
			<expr>
				<var>.gby2DDebugID_Cyclic</var>
			</expr>
		</text-display>
		<text-format>%s</text-format>
		<hidden-input>false</hidden-input>
		<rect>1395,680,1596,726</rect>
	</element>
	<key-info-list/>
	<variablelist>
		<variable name=".gwdColorRAHMEN">4,30218,4,5</variable>
		<variable name=".gwColorANZEIGETEXT">4,30222,4,5</variable>
		<variable name=".gstrActualTime">4,22037,21,8</variable>
		<variable name=".gstrActualDate">4,22058,21,8</variable>
		<variable name=".gwColorTEXTButton">4,30226,4,5</variable>
		<variable name=".CurrentUserLevel">4,20721,2,1</variable>
		<variable name=".gxLogOut">4,29395,1,0</variable>
		<variable name=".giMB_1D_Mode">4,32456,2,10,0:=MB_STOP,1:=MB_CYCLIC,2:=MB_SINGLE_JOB</variable>
		<variable name=".gxSTART_MB_1D_INIT_EC">4,32466,1,0</variable>
		<variable name=".gwSlaveDetectCount1D">4,32459,2,3</variable>
		<variable name=".gwSlaveCount1D">4,32461,2,3</variable>
		<variable name=".gwSlaveDetectCount2D">4,32522,2,3</variable>
		<variable name=".gwSlaveCount2D">4,32524,2,3</variable>
		<variable name=".giMB_1DJob_next">4,32433,2,10,0:=MB_NO_JOB,1:=MB_Dx_CYCLIC,2:=MB_Dx_AUTO_ADDR,3:=MB_Dx_SET_PARA,4:=MB_Dx_INIT_EC,5:=MB_Dx_EC_PARA</variable>
		<variable name=".gsMB_MGM_Ctrl_1D.iActivity">4,32418,2,10,0:=MB_NO_JOB,1:=MB_Dx_CYCLIC,2:=MB_Dx_AUTO_ADDR,3:=MB_Dx_SET_PARA,4:=MB_Dx_INIT_EC,5:=MB_Dx_EC_PARA</variable>
		<variable name=".giMB_2D_Mode">4,32519,2,10,0:=MB_STOP,1:=MB_CYCLIC,2:=MB_SINGLE_JOB</variable>
		<variable name=".giMB_2DJob_next">4,32496,2,10,0:=MB_NO_JOB,1:=MB_Dx_CYCLIC,2:=MB_Dx_AUTO_ADDR,3:=MB_Dx_SET_PARA,4:=MB_Dx_INIT_EC,5:=MB_Dx_EC_PARA</variable>
		<variable name=".gsMB_MGM_Ctrl_2D.iActivity">4,32481,2,10,0:=MB_NO_JOB,1:=MB_Dx_CYCLIC,2:=MB_Dx_AUTO_ADDR,3:=MB_Dx_SET_PARA,4:=MB_Dx_INIT_EC,5:=MB_Dx_EC_PARA</variable>
		<variable name=".gxSTART_MB_1D_AUTO_ADDR">4,32458,1,0</variable>
		<variable name=".gxSTART_MB_2D_AUTO_ADDR">4,32521,1,0</variable>
		<variable name=".gwColorEditTEXT">4,30230,4,5</variable>
		<variable name=".gwColorEditBG">4,30238,4,5</variable>
		<variable name=".gbyResetSlaveID_1D">4,32468,1,2</variable>
		<variable name=".gwDebugCtrlMode">4,32471,2,3</variable>
		<variable name=".gxDebugInitERROR_1D">4,32469,1,0</variable>
		<variable name=".gxSTART_MB_2D_INIT_EC">4,32529,1,0</variable>
		<variable name=".gbyResetSlaveID_2D">4,32531,1,2</variable>
		<variable name=".gxDebugInitERROR_2D">4,32532,1,0</variable>
		<variable name=".gxDebugAA_ERROR_1D">4,32464,1,0</variable>
		<variable name=".gxDebugAA_ERROR_2D">4,32527,1,0</variable>
		<variable name=".gxDebugInitSUCESS_1D">4,32470,1,0</variable>
		<variable name=".gxDebugAA_SUCESS_1D">4,32465,1,0</variable>
		<variable name=".gxDebugInitSUCESS_2D">4,32533,1,0</variable>
		<variable name=".gxDebugAA_SUCESS_2D">4,32528,1,0</variable>
		<variable name=".sHW_Layout_WORK.strAnlageName">4,27972,81,8</variable>
		<variable name=".sHW_Layout_WORK.strAnlageNr">4,28053,81,8</variable>
		<variable name="gaxSetupPage[7]">4,22115,1,0</variable>
		<variable name=".gbySetupActive">4,22119,1,2</variable>
		<variable name="gaxSetupPage[1]">4,22109,1,0</variable>
		<variable name=".xRefresh_01">4,21791,1,0</variable>
		<variable name=".gxLoadActiveData">4,24839,1,0</variable>
		<variable name="gaxSetupPage[2]">4,22110,1,0</variable>
		<variable name="gaxSetupPage[3]">4,22111,1,0</variable>
		<variable name="gaxSetupPage[4]">4,22112,1,0</variable>
		<variable name="gaxSetupPage[5]">4,22113,1,0</variable>
		<variable name="gaxSetupPage[6]">4,22114,1,0</variable>
		<variable name="gaxSetupPage[8]">4,22116,1,0</variable>
		<variable name=".gui1D_cycPeriod">4,22096,2,16</variable>
		<variable name=".gui2D_cycPeriod">4,22103,2,16</variable>
		<variable name=".gby1DDebugID_Cyclic">4,22100,1,2</variable>
		<variable name=".gby2DDebugID_Cyclic">4,22107,1,2</variable>
	</variablelist>
</visualisation>