<?xml version="1.0" encoding="ISO-8859-1"?>

<visualisation>
	<time-stamp>1631702889,3452816845</time-stamp>
	<name>RADIOBUTTON</name>
	<symplified-user-input>false</symplified-user-input>
	<keyboard-usage-for-table>true</keyboard-usage-for-table>
	<size>96,196</size>
	<usage-type>0</usage-type>
	<use-language-file>false</use-language-file>
	<use-dynamic-text>true</use-dynamic-text>
	<hide-elements>false</hide-elements>
	<language>ENGLISH</language>
	<dynamic-text-file>VIS\SPRACHE\DYNSPR.XML</dynamic-text-file>
	<element type="simple">
		<simple-shape>rectangle</simple-shape>
		<elem-id>0</elem-id>
		<center>48,45</center>
		<line-width>0</line-width>
		<has-frame-color>true</has-frame-color>
		<has-inside-color>true</has-inside-color>
		<frame-color>192,192,192</frame-color>
		<frame-color-alarm>0,0,0</frame-color-alarm>
		<fill-color>0,128,192</fill-color>
		<fill-color-alarm>255,255,255</fill-color-alarm>
		<expr-fill-color>
			<expr>
				<var>.gwColorEditBG</var>
			</expr>
		</expr-fill-color>
		<expr-frame-color>
			<expr>
				<var>.gwdColorRAHMEN</var>
			</expr>
		</expr-frame-color>
		<expr-toggle-var>
			<expr>
				<placeholder>$SwitchVar$</placeholder>
			</expr>
		</expr-toggle-var>
		<enable-text-input>false</enable-text-input>
		<hidden-input>false</hidden-input>
		<rect>0,0,96,91</rect>
	</element>
	<element type="simple">
		<simple-shape>circle</simple-shape>
		<elem-id>1</elem-id>
		<center>48,45</center>
		<line-width>4</line-width>
		<has-frame-color>true</has-frame-color>
		<has-inside-color>false</has-inside-color>
		<frame-color>255,255,255</frame-color>
		<frame-color-alarm>0,0,0</frame-color-alarm>
		<fill-color>255,255,255</fill-color>
		<fill-color-alarm>255,255,255</fill-color-alarm>
		<expr-frame-color>
			<expr>
				<var>.gwColorEditTEXT</var>
			</expr>
		</expr-frame-color>
		<expr-toggle-var>
			<expr>
				<placeholder>$SwitchVar$</placeholder>
			</expr>
		</expr-toggle-var>
		<enable-text-input>false</enable-text-input>
		<hidden-input>false</hidden-input>
		<rect>10,10,86,81</rect>
	</element>
	<element type="simple">
		<simple-shape>circle</simple-shape>
		<elem-id>2</elem-id>
		<center>48,45</center>
		<line-width>0</line-width>
		<has-frame-color>true</has-frame-color>
		<has-inside-color>true</has-inside-color>
		<frame-color>255,255,255</frame-color>
		<frame-color-alarm>0,0,0</frame-color-alarm>
		<fill-color>255,255,255</fill-color>
		<fill-color-alarm>255,255,255</fill-color-alarm>
		<expr-fill-color>
			<expr>
				<var>.gwColorEditTEXT</var>
			</expr>
		</expr-fill-color>
		<expr-frame-color>
			<expr>
				<var>.gwColorEditTEXT</var>
			</expr>
		</expr-frame-color>
		<expr-toggle-var>
			<expr>
				<placeholder>$SwitchVar$</placeholder>
			</expr>
		</expr-toggle-var>
		<enable-text-input>false</enable-text-input>
		<expr-invisible>
			<expr>
				<placeholder>$switchvar$</placeholder>
				<const>TRUE</const>
				<op>=(2)</op>
			</expr>
		</expr-invisible>
		<hidden-input>false</hidden-input>
		<rect>25,25,71,66</rect>
	</element>
	<element type="simple">
		<simple-shape>rectangle</simple-shape>
		<elem-id>3</elem-id>
		<center>48,150</center>
		<line-width>0</line-width>
		<has-frame-color>true</has-frame-color>
		<has-inside-color>true</has-inside-color>
		<frame-color>192,192,192</frame-color>
		<frame-color-alarm>0,0,0</frame-color-alarm>
		<fill-color>0,128,192</fill-color>
		<fill-color-alarm>255,255,255</fill-color-alarm>
		<expr-fill-color>
			<expr>
				<var>.gwColorEditBG</var>
			</expr>
		</expr-fill-color>
		<expr-frame-color>
			<expr>
				<var>.gwdColorRAHMEN</var>
			</expr>
		</expr-frame-color>
		<expr-toggle-var>
			<expr>
				<placeholder>$SwitchVar$</placeholder>
			</expr>
		</expr-toggle-var>
		<enable-text-input>false</enable-text-input>
		<hidden-input>false</hidden-input>
		<rect>0,105,96,196</rect>
	</element>
	<element type="simple">
		<simple-shape>circle</simple-shape>
		<elem-id>4</elem-id>
		<center>48,150</center>
		<line-width>4</line-width>
		<has-frame-color>true</has-frame-color>
		<has-inside-color>false</has-inside-color>
		<frame-color>255,255,255</frame-color>
		<frame-color-alarm>0,0,0</frame-color-alarm>
		<fill-color>255,255,255</fill-color>
		<fill-color-alarm>255,255,255</fill-color-alarm>
		<expr-frame-color>
			<expr>
				<var>.gwColorEditTEXT</var>
			</expr>
		</expr-frame-color>
		<expr-toggle-var>
			<expr>
				<placeholder>$SwitchVar$</placeholder>
			</expr>
		</expr-toggle-var>
		<enable-text-input>false</enable-text-input>
		<hidden-input>false</hidden-input>
		<rect>10,115,86,186</rect>
	</element>
	<element type="simple">
		<simple-shape>circle</simple-shape>
		<elem-id>5</elem-id>
		<center>48,150</center>
		<line-width>0</line-width>
		<has-frame-color>true</has-frame-color>
		<has-inside-color>true</has-inside-color>
		<frame-color>255,255,255</frame-color>
		<frame-color-alarm>0,0,0</frame-color-alarm>
		<fill-color>255,255,255</fill-color>
		<fill-color-alarm>255,255,255</fill-color-alarm>
		<expr-fill-color>
			<expr>
				<var>.gwColorEditTEXT</var>
			</expr>
		</expr-fill-color>
		<expr-frame-color>
			<expr>
				<var>.gwColorEditTEXT</var>
			</expr>
		</expr-frame-color>
		<expr-toggle-var>
			<expr>
				<placeholder>$SwitchVar$</placeholder>
			</expr>
		</expr-toggle-var>
		<enable-text-input>false</enable-text-input>
		<expr-invisible>
			<expr>
				<placeholder>$switchvar$</placeholder>
				<const>FALSE</const>
				<op>=(2)</op>
			</expr>
		</expr-invisible>
		<hidden-input>false</hidden-input>
		<rect>25,130,71,171</rect>
	</element>
	<key-info-list/>
	<variablelist>
		<variable name=".gwColorEditBG">4,31974,4,5</variable>
		<variable name=".gwdColorRAHMEN">4,31954,4,5</variable>
		<variable name=".gwColorEditTEXT">4,31966,4,5</variable>
	</variablelist>
</visualisation>