<?xml version="1.0" encoding="ISO-8859-1"?>

<visualisation>
	<time-stamp>1634725283,4279511217</time-stamp>
	<name>INFO_GX_SINGLE</name>
	<symplified-user-input>false</symplified-user-input>
	<keyboard-usage-for-table>true</keyboard-usage-for-table>
	<size>1721,1196</size>
	<usage-type>0</usage-type>
	<use-language-file>false</use-language-file>
	<use-dynamic-text>true</use-dynamic-text>
	<hide-elements>false</hide-elements>
	<language>ENGLISH</language>
	<dynamic-text-file>VIS\SPRACHE\DYNSPR.XML</dynamic-text-file>
	<element type="bitmap">
		<file-name>vis\bgpic01.jpg</file-name>
		<transparent>false</transparent>
		<show-frame>true</show-frame>
		<clip-frame>true</clip-frame>
		<frame-type>anisotropic</frame-type>
		<elem-id>0</elem-id>
		<center>860,598</center>
		<line-width>0</line-width>
		<has-frame-color>true</has-frame-color>
		<has-inside-color>true</has-inside-color>
		<frame-color>192,192,192</frame-color>
		<frame-color-alarm>255,255,255</frame-color-alarm>
		<fill-color>255,255,255</fill-color>
		<fill-color-alarm>255,255,255</fill-color-alarm>
		<expr-frame-color>
			<expr>
				<var>.gwdColorRAHMEN</var>
			</expr>
		</expr-frame-color>
		<enable-text-input>false</enable-text-input>
		<hidden-input>false</hidden-input>
		<rect>0,0,1721,1196</rect>
	</element>
	<element type="simple">
		<simple-shape>rectangle</simple-shape>
		<elem-id>1</elem-id>
		<center>848,220</center>
		<line-width>0</line-width>
		<has-frame-color>true</has-frame-color>
		<has-inside-color>false</has-inside-color>
		<frame-color>192,192,192</frame-color>
		<frame-color-alarm>0,0,0</frame-color-alarm>
		<fill-color>255,255,255</fill-color>
		<fill-color-alarm>255,255,255</fill-color-alarm>
		<expr-text-color>
			<expr>
				<var>.gwColorANZEIGETEXT</var>
			</expr>
		</expr-text-color>
		<expr-frame-color>
			<expr>
				<var>.gwdColorRAHMEN</var>
			</expr>
		</expr-frame-color>
		<text-align-horz>center</text-align-horz>
		<text-align-vert>center</text-align-vert>
		<font-height>-27</font-height>
		<font-height-point-size>20</font-height-point-size>
		<font-weight>700</font-weight>
		<font-italic>false</font-italic>
		<font-underline>false</font-underline>
		<font-strike-out>false</font-strike-out>
		<font-char-set>0</font-char-set>
		<text-id>678</text-id>
		<font-name><![CDATA[Arial Unicode MS]]></font-name>
		<font-color>0,0,0</font-color>
		<enable-text-input>false</enable-text-input>
		<text-display>
			<expr>
				<var>.gbyGroup_AKTIVE</var>
			</expr>
		</text-display>
		<text-format><![CDATA[%|<|CTRL02|>|]]></text-format>
		<hidden-input>false</hidden-input>
		<rect>275,195,1421,246</rect>
	</element>
	<element type="button">
		<frame-type>anisotropic</frame-type>
		<elem-id>2</elem-id>
		<center>135,105</center>
		<line-width>0</line-width>
		<has-frame-color>true</has-frame-color>
		<has-inside-color>true</has-inside-color>
		<frame-color>0,0,0</frame-color>
		<frame-color-alarm>0,0,0</frame-color-alarm>
		<fill-color>200,200,200</fill-color>
		<fill-color-alarm>220,220,220</fill-color-alarm>
		<expr-text-color>
			<expr>
				<var>.gwColorTEXTButton</var>
			</expr>
		</expr-text-color>
		<text-align-horz>center</text-align-horz>
		<text-align-vert>center</text-align-vert>
		<font-height>-27</font-height>
		<font-height-point-size>20</font-height-point-size>
		<font-weight>700</font-weight>
		<font-italic>false</font-italic>
		<font-underline>false</font-underline>
		<font-strike-out>false</font-strike-out>
		<font-char-set>0</font-char-set>
		<text-id>212</text-id>
		<font-name><![CDATA[Arial Unicode MS]]></font-name>
		<font-color>0,0,0</font-color>
		<expr-zoom>
			<expr>
				<placeholder>PLC_VISU</placeholder>
			</expr>
		</expr-zoom>
		<enable-text-input>false</enable-text-input>
		<input-action-list>
			<expr-assign>
				<lvalue>
					<expr>
						<var>.gxSelFFU_SHOW</var>
					</expr>
				</lvalue>
				<rvalue>
					<expr>
						<const>FALSE</const>
					</expr>
				</rvalue>
			</expr-assign>
			<expr-assign>
				<lvalue>
					<expr>
						<var>.gxSelFFU_EDIT</var>
					</expr>
				</lvalue>
				<rvalue>
					<expr>
						<const>FALSE</const>
					</expr>
				</rvalue>
			</expr-assign>
		</input-action-list>
		<text-display>
			<expr>
				<const>1</const>
			</expr>
		</text-display>
		<text-format><![CDATA[%|<|RETURN01|>|]]></text-format>
		<hidden-input>false</hidden-input>
		<rect>60,60,211,151</rect>
	</element>
	<element type="reference">
		<show-frame>true</show-frame>
		<clip-frame>true</clip-frame>
		<iso-frame>false</iso-frame>
		<original-frame>false</original-frame>
		<original-scrollable-frame>false</original-scrollable-frame>
		<placeholderentry placeholder="byFU_No" replacement="1"/>
		<name>FFU_SINGLE</name>
		<elem-id>3</elem-id>
		<center>340,333</center>
		<line-width>3</line-width>
		<has-frame-color>true</has-frame-color>
		<has-inside-color>true</has-inside-color>
		<frame-color>0,0,0</frame-color>
		<frame-color-alarm>255,255,255</frame-color-alarm>
		<fill-color>255,255,255</fill-color>
		<fill-color-alarm>255,255,255</fill-color-alarm>
		<expr-frame-color>
			<expr>
				<var>.gwdColorRAHMEN</var>
			</expr>
		</expr-frame-color>
		<enable-text-input>false</enable-text-input>
		<expr-invisible>
			<expr>
				<var>gsCurrentFFU_DATA.asFFU_Data[1].xActive</var>
				<const>FALSE</const>
				<op>=(2)</op>
			</expr>
		</expr-invisible>
		<hidden-input>false</hidden-input>
		<rect>220,260,461,406</rect>
	</element>
	<element type="reference">
		<show-frame>true</show-frame>
		<clip-frame>true</clip-frame>
		<iso-frame>false</iso-frame>
		<original-frame>false</original-frame>
		<original-scrollable-frame>false</original-scrollable-frame>
		<placeholderentry placeholder="byFU_No" replacement="2"/>
		<name>FFU_SINGLE</name>
		<elem-id>4</elem-id>
		<center>600,333</center>
		<line-width>3</line-width>
		<has-frame-color>true</has-frame-color>
		<has-inside-color>true</has-inside-color>
		<frame-color>0,0,0</frame-color>
		<frame-color-alarm>255,255,255</frame-color-alarm>
		<fill-color>255,255,255</fill-color>
		<fill-color-alarm>255,255,255</fill-color-alarm>
		<expr-frame-color>
			<expr>
				<var>.gwdColorRAHMEN</var>
			</expr>
		</expr-frame-color>
		<enable-text-input>false</enable-text-input>
		<expr-invisible>
			<expr>
				<var>gsCurrentFFU_DATA.asFFU_Data[2].xActive</var>
				<const>FALSE</const>
				<op>=(2)</op>
			</expr>
		</expr-invisible>
		<hidden-input>false</hidden-input>
		<rect>480,260,721,406</rect>
	</element>
	<element type="reference">
		<show-frame>true</show-frame>
		<clip-frame>true</clip-frame>
		<iso-frame>false</iso-frame>
		<original-frame>false</original-frame>
		<original-scrollable-frame>false</original-scrollable-frame>
		<placeholderentry placeholder="byFU_No" replacement="5"/>
		<name>FFU_SINGLE</name>
		<elem-id>5</elem-id>
		<center>1380,333</center>
		<line-width>3</line-width>
		<has-frame-color>true</has-frame-color>
		<has-inside-color>true</has-inside-color>
		<frame-color>0,0,0</frame-color>
		<frame-color-alarm>255,255,255</frame-color-alarm>
		<fill-color>255,255,255</fill-color>
		<fill-color-alarm>255,255,255</fill-color-alarm>
		<expr-frame-color>
			<expr>
				<var>.gwdColorRAHMEN</var>
			</expr>
		</expr-frame-color>
		<enable-text-input>false</enable-text-input>
		<expr-invisible>
			<expr>
				<var>gsCurrentFFU_DATA.asFFU_Data[5].xActive</var>
				<const>FALSE</const>
				<op>=(2)</op>
			</expr>
		</expr-invisible>
		<hidden-input>false</hidden-input>
		<rect>1260,260,1501,406</rect>
	</element>
	<element type="simple">
		<simple-shape>rectangle</simple-shape>
		<elem-id>6</elem-id>
		<center>1595,103</center>
		<line-width>0</line-width>
		<has-frame-color>true</has-frame-color>
		<has-inside-color>true</has-inside-color>
		<frame-color>192,192,192</frame-color>
		<frame-color-alarm>0,0,0</frame-color-alarm>
		<fill-color>255,255,255</fill-color>
		<fill-color-alarm>255,255,255</fill-color-alarm>
		<expr-text-color>
			<expr>
				<var>.gwColorANZEIGETEXT</var>
			</expr>
		</expr-text-color>
		<expr-frame-color>
			<expr>
				<var>.gwdColorRAHMEN</var>
			</expr>
		</expr-frame-color>
		<text-align-horz>center</text-align-horz>
		<text-align-vert>center</text-align-vert>
		<font-height>-27</font-height>
		<font-height-point-size>20</font-height-point-size>
		<font-weight>700</font-weight>
		<font-italic>false</font-italic>
		<font-underline>false</font-underline>
		<font-strike-out>false</font-strike-out>
		<font-char-set>0</font-char-set>
		<text-id>422</text-id>
		<font-name><![CDATA[Arial Unicode MS]]></font-name>
		<font-color>0,0,0</font-color>
		<enable-text-input>true</enable-text-input>
		<text-input-type>1</text-input-type>
		<text-input-min-expr>
			<expr>
				<const>1</const>
			</expr>
		</text-input-min-expr>
		<text-input-max-expr>
			<expr>
				<const>124</const>
			</expr>
		</text-input-max-expr>
		<text-display>
			<expr>
				<var>.gbyPage_AKTIVE</var>
			</expr>
		</text-display>
		<text-format><![CDATA[-| |%s| |-]]></text-format>
		<hidden-input>false</hidden-input>
		<rect>1500,50,1691,156</rect>
	</element>
	<element type="group">
		<elem-id>7</elem-id>
		<center>468,1140</center>
		<line-width>0</line-width>
		<has-frame-color>false</has-frame-color>
		<has-inside-color>false</has-inside-color>
		<frame-color>0,0,0</frame-color>
		<frame-color-alarm>0,0,0</frame-color-alarm>
		<fill-color>255,255,255</fill-color>
		<fill-color-alarm>255,255,255</fill-color-alarm>
		<enable-text-input>false</enable-text-input>
		<expr-invisible>
			<expr>
				<var>.gxLimitErrorACTIVE</var>
				<const>FALSE</const>
				<op>=(2)</op>
			</expr>
		</expr-invisible>
		<hidden-input>false</hidden-input>
		<rect>215,1115,721,1166</rect>
		<show-frame>false</show-frame>
		<clip-frame>false</clip-frame>
		<iso-frame>false</iso-frame>
		<original-frame>false</original-frame>
		<animate-childs>true</animate-childs>
		<element type="simple">
			<simple-shape>rectangle</simple-shape>
			<elem-id>8</elem-id>
			<center>280,25</center>
			<line-width>0</line-width>
			<has-frame-color>false</has-frame-color>
			<has-inside-color>true</has-inside-color>
			<frame-color>192,192,192</frame-color>
			<frame-color-alarm>0,0,0</frame-color-alarm>
			<fill-color>255,0,0</fill-color>
			<fill-color-alarm>255,255,255</fill-color-alarm>
			<expr-text-color>
				<expr>
					<var>.gwColorANZEIGETEXT</var>
				</expr>
			</expr-text-color>
			<expr-frame-color>
				<expr>
					<var>.gwdColorRAHMEN</var>
				</expr>
			</expr-frame-color>
			<enable-text-input>false</enable-text-input>
			<expr-invisible>
				<expr>
					<var>.gxLimitMin</var>
					<const>TRUE</const>
					<op>=(2)</op>
				</expr>
			</expr-invisible>
			<hidden-input>false</hidden-input>
			<rect>0,0,561,51</rect>
		</element>
		<element type="simple">
			<simple-shape>rectangle</simple-shape>
			<elem-id>9</elem-id>
			<center>280,25</center>
			<line-width>0</line-width>
			<has-frame-color>true</has-frame-color>
			<has-inside-color>false</has-inside-color>
			<frame-color>192,192,192</frame-color>
			<frame-color-alarm>0,0,0</frame-color-alarm>
			<fill-color>255,255,255</fill-color>
			<fill-color-alarm>255,255,255</fill-color-alarm>
			<expr-text-color>
				<expr>
					<var>.gwColorANZEIGETEXT</var>
				</expr>
			</expr-text-color>
			<expr-frame-color>
				<expr>
					<var>.gwdColorRAHMEN</var>
				</expr>
			</expr-frame-color>
			<enable-text-input>false</enable-text-input>
			<text-display>
				<expr>
					<const>1</const>
				</expr>
			</text-display>
			<hidden-input>false</hidden-input>
			<rect>0,0,561,51</rect>
		</element>
		<element type="simple">
			<simple-shape>rectangle</simple-shape>
			<elem-id>10</elem-id>
			<center>130,25</center>
			<line-width>0</line-width>
			<has-frame-color>false</has-frame-color>
			<has-inside-color>false</has-inside-color>
			<frame-color>192,192,192</frame-color>
			<frame-color-alarm>0,0,0</frame-color-alarm>
			<fill-color>255,255,255</fill-color>
			<fill-color-alarm>255,255,255</fill-color-alarm>
			<expr-text-color>
				<expr>
					<var>.gwColorANZEIGETEXT</var>
				</expr>
			</expr-text-color>
			<expr-frame-color>
				<expr>
					<var>.gwdColorRAHMEN</var>
				</expr>
			</expr-frame-color>
			<text-align-horz>right</text-align-horz>
			<text-align-vert>center</text-align-vert>
			<font-height>-35</font-height>
			<font-height-point-size>26</font-height-point-size>
			<font-weight>700</font-weight>
			<font-italic>false</font-italic>
			<font-underline>false</font-underline>
			<font-strike-out>false</font-strike-out>
			<font-char-set>0</font-char-set>
			<text-id>576</text-id>
			<font-name><![CDATA[Arial Unicode MS]]></font-name>
			<font-color>0,0,0</font-color>
			<enable-text-input>false</enable-text-input>
			<text-display>
				<expr>
					<const>1</const>
				</expr>
			</text-display>
			<text-format><![CDATA[%|<|ERROR13|>|:]]></text-format>
			<hidden-input>false</hidden-input>
			<rect>0,0,261,51</rect>
		</element>
		<element type="simple">
			<simple-shape>rectangle</simple-shape>
			<elem-id>11</elem-id>
			<center>410,25</center>
			<line-width>0</line-width>
			<has-frame-color>false</has-frame-color>
			<has-inside-color>false</has-inside-color>
			<frame-color>192,192,192</frame-color>
			<frame-color-alarm>0,0,0</frame-color-alarm>
			<fill-color>255,255,255</fill-color>
			<fill-color-alarm>255,255,255</fill-color-alarm>
			<expr-text-color>
				<expr>
					<var>.gwColorANZEIGETEXT</var>
				</expr>
			</expr-text-color>
			<expr-frame-color>
				<expr>
					<var>.gwdColorRAHMEN</var>
				</expr>
			</expr-frame-color>
			<text-align-horz>center</text-align-horz>
			<text-align-vert>center</text-align-vert>
			<font-height>-35</font-height>
			<font-height-point-size>26</font-height-point-size>
			<font-weight>700</font-weight>
			<font-italic>false</font-italic>
			<font-underline>false</font-underline>
			<font-strike-out>false</font-strike-out>
			<font-char-set>0</font-char-set>
			<text-id>577</text-id>
			<font-name><![CDATA[Arial Unicode MS]]></font-name>
			<font-color>0,0,0</font-color>
			<enable-text-input>false</enable-text-input>
			<text-display>
				<expr>
					<var>.gstrLimitMIN</var>
				</expr>
			</text-display>
			<text-format>%s</text-format>
			<hidden-input>false</hidden-input>
			<rect>260,0,561,51</rect>
		</element>
		<key-info-list/>
	</element>
	<element type="group">
		<elem-id>12</elem-id>
		<center>998,1140</center>
		<line-width>0</line-width>
		<has-frame-color>false</has-frame-color>
		<has-inside-color>false</has-inside-color>
		<frame-color>0,0,0</frame-color>
		<frame-color-alarm>0,0,0</frame-color-alarm>
		<fill-color>255,255,255</fill-color>
		<fill-color-alarm>255,255,255</fill-color-alarm>
		<enable-text-input>false</enable-text-input>
		<expr-invisible>
			<expr>
				<var>.gxLimitErrorACTIVE</var>
				<const>FALSE</const>
				<op>=(2)</op>
			</expr>
		</expr-invisible>
		<hidden-input>false</hidden-input>
		<rect>745,1115,1251,1166</rect>
		<show-frame>false</show-frame>
		<clip-frame>false</clip-frame>
		<iso-frame>false</iso-frame>
		<original-frame>false</original-frame>
		<animate-childs>true</animate-childs>
		<element type="simple">
			<simple-shape>rectangle</simple-shape>
			<elem-id>13</elem-id>
			<center>280,25</center>
			<line-width>0</line-width>
			<has-frame-color>false</has-frame-color>
			<has-inside-color>true</has-inside-color>
			<frame-color>192,192,192</frame-color>
			<frame-color-alarm>0,0,0</frame-color-alarm>
			<fill-color>255,0,0</fill-color>
			<fill-color-alarm>255,255,255</fill-color-alarm>
			<expr-text-color>
				<expr>
					<var>.gwColorANZEIGETEXT</var>
				</expr>
			</expr-text-color>
			<expr-frame-color>
				<expr>
					<var>.gwdColorRAHMEN</var>
				</expr>
			</expr-frame-color>
			<enable-text-input>false</enable-text-input>
			<expr-invisible>
				<expr>
					<var>.gxLimitMax</var>
					<const>TRUE</const>
					<op>=(2)</op>
				</expr>
			</expr-invisible>
			<hidden-input>false</hidden-input>
			<rect>0,0,561,51</rect>
		</element>
		<element type="simple">
			<simple-shape>rectangle</simple-shape>
			<elem-id>14</elem-id>
			<center>280,25</center>
			<line-width>0</line-width>
			<has-frame-color>true</has-frame-color>
			<has-inside-color>false</has-inside-color>
			<frame-color>192,192,192</frame-color>
			<frame-color-alarm>0,0,0</frame-color-alarm>
			<fill-color>255,255,255</fill-color>
			<fill-color-alarm>255,255,255</fill-color-alarm>
			<expr-text-color>
				<expr>
					<var>.gwColorANZEIGETEXT</var>
				</expr>
			</expr-text-color>
			<expr-frame-color>
				<expr>
					<var>.gwdColorRAHMEN</var>
				</expr>
			</expr-frame-color>
			<enable-text-input>false</enable-text-input>
			<text-display>
				<expr>
					<const>1</const>
				</expr>
			</text-display>
			<hidden-input>false</hidden-input>
			<rect>0,0,561,51</rect>
		</element>
		<element type="simple">
			<simple-shape>rectangle</simple-shape>
			<elem-id>15</elem-id>
			<center>130,25</center>
			<line-width>0</line-width>
			<has-frame-color>false</has-frame-color>
			<has-inside-color>false</has-inside-color>
			<frame-color>192,192,192</frame-color>
			<frame-color-alarm>0,0,0</frame-color-alarm>
			<fill-color>255,255,255</fill-color>
			<fill-color-alarm>255,255,255</fill-color-alarm>
			<expr-text-color>
				<expr>
					<var>.gwColorANZEIGETEXT</var>
				</expr>
			</expr-text-color>
			<expr-frame-color>
				<expr>
					<var>.gwdColorRAHMEN</var>
				</expr>
			</expr-frame-color>
			<text-align-horz>right</text-align-horz>
			<text-align-vert>center</text-align-vert>
			<font-height>-35</font-height>
			<font-height-point-size>26</font-height-point-size>
			<font-weight>700</font-weight>
			<font-italic>false</font-italic>
			<font-underline>false</font-underline>
			<font-strike-out>false</font-strike-out>
			<font-char-set>0</font-char-set>
			<text-id>581</text-id>
			<font-name><![CDATA[Arial Unicode MS]]></font-name>
			<font-color>0,0,0</font-color>
			<enable-text-input>false</enable-text-input>
			<text-display>
				<expr>
					<const>1</const>
				</expr>
			</text-display>
			<text-format><![CDATA[%|<|ERROR12|>|:]]></text-format>
			<hidden-input>false</hidden-input>
			<rect>0,0,261,51</rect>
		</element>
		<element type="simple">
			<simple-shape>rectangle</simple-shape>
			<elem-id>16</elem-id>
			<center>410,25</center>
			<line-width>0</line-width>
			<has-frame-color>false</has-frame-color>
			<has-inside-color>false</has-inside-color>
			<frame-color>192,192,192</frame-color>
			<frame-color-alarm>0,0,0</frame-color-alarm>
			<fill-color>255,255,255</fill-color>
			<fill-color-alarm>255,255,255</fill-color-alarm>
			<expr-text-color>
				<expr>
					<var>.gwColorANZEIGETEXT</var>
				</expr>
			</expr-text-color>
			<expr-frame-color>
				<expr>
					<var>.gwdColorRAHMEN</var>
				</expr>
			</expr-frame-color>
			<text-align-horz>center</text-align-horz>
			<text-align-vert>center</text-align-vert>
			<font-height>-35</font-height>
			<font-height-point-size>26</font-height-point-size>
			<font-weight>700</font-weight>
			<font-italic>false</font-italic>
			<font-underline>false</font-underline>
			<font-strike-out>false</font-strike-out>
			<font-char-set>0</font-char-set>
			<text-id>582</text-id>
			<font-name><![CDATA[Arial Unicode MS]]></font-name>
			<font-color>0,0,0</font-color>
			<enable-text-input>false</enable-text-input>
			<text-display>
				<expr>
					<var>.gstrLimitMAX</var>
				</expr>
			</text-display>
			<text-format>%s</text-format>
			<hidden-input>false</hidden-input>
			<rect>260,0,561,51</rect>
		</element>
		<key-info-list/>
	</element>
	<element type="reference">
		<show-frame>true</show-frame>
		<clip-frame>true</clip-frame>
		<iso-frame>false</iso-frame>
		<original-frame>false</original-frame>
		<original-scrollable-frame>false</original-scrollable-frame>
		<placeholderentry placeholder="byFU_No" replacement="6"/>
		<name>FFU_SINGLE</name>
		<elem-id>17</elem-id>
		<center>340,503</center>
		<line-width>3</line-width>
		<has-frame-color>true</has-frame-color>
		<has-inside-color>true</has-inside-color>
		<frame-color>0,0,0</frame-color>
		<frame-color-alarm>255,255,255</frame-color-alarm>
		<fill-color>255,255,255</fill-color>
		<fill-color-alarm>255,255,255</fill-color-alarm>
		<expr-frame-color>
			<expr>
				<var>.gwdColorRAHMEN</var>
			</expr>
		</expr-frame-color>
		<enable-text-input>false</enable-text-input>
		<expr-invisible>
			<expr>
				<var>gsCurrentFFU_DATA.asFFU_Data[6].xActive</var>
				<const>FALSE</const>
				<op>=(2)</op>
			</expr>
		</expr-invisible>
		<hidden-input>false</hidden-input>
		<rect>220,430,461,576</rect>
	</element>
	<element type="reference">
		<show-frame>true</show-frame>
		<clip-frame>true</clip-frame>
		<iso-frame>false</iso-frame>
		<original-frame>false</original-frame>
		<original-scrollable-frame>false</original-scrollable-frame>
		<placeholderentry placeholder="byFU_No" replacement="10"/>
		<name>FFU_SINGLE</name>
		<elem-id>18</elem-id>
		<center>1380,503</center>
		<line-width>3</line-width>
		<has-frame-color>true</has-frame-color>
		<has-inside-color>true</has-inside-color>
		<frame-color>0,0,0</frame-color>
		<frame-color-alarm>255,255,255</frame-color-alarm>
		<fill-color>255,255,255</fill-color>
		<fill-color-alarm>255,255,255</fill-color-alarm>
		<expr-frame-color>
			<expr>
				<var>.gwdColorRAHMEN</var>
			</expr>
		</expr-frame-color>
		<enable-text-input>false</enable-text-input>
		<expr-invisible>
			<expr>
				<var>gsCurrentFFU_DATA.asFFU_Data[10].xActive</var>
				<const>FALSE</const>
				<op>=(2)</op>
			</expr>
		</expr-invisible>
		<hidden-input>false</hidden-input>
		<rect>1260,430,1501,576</rect>
	</element>
	<element type="reference">
		<show-frame>true</show-frame>
		<clip-frame>true</clip-frame>
		<iso-frame>false</iso-frame>
		<original-frame>false</original-frame>
		<original-scrollable-frame>false</original-scrollable-frame>
		<placeholderentry placeholder="byFU_No" replacement="15"/>
		<name>FFU_SINGLE</name>
		<elem-id>19</elem-id>
		<center>1380,673</center>
		<line-width>3</line-width>
		<has-frame-color>true</has-frame-color>
		<has-inside-color>true</has-inside-color>
		<frame-color>0,0,0</frame-color>
		<frame-color-alarm>255,255,255</frame-color-alarm>
		<fill-color>255,255,255</fill-color>
		<fill-color-alarm>255,255,255</fill-color-alarm>
		<expr-frame-color>
			<expr>
				<var>.gwdColorRAHMEN</var>
			</expr>
		</expr-frame-color>
		<enable-text-input>false</enable-text-input>
		<expr-invisible>
			<expr>
				<var>gsCurrentFFU_DATA.asFFU_Data[15].xActive</var>
				<const>FALSE</const>
				<op>=(2)</op>
			</expr>
		</expr-invisible>
		<hidden-input>false</hidden-input>
		<rect>1260,600,1501,746</rect>
	</element>
	<element type="reference">
		<show-frame>true</show-frame>
		<clip-frame>true</clip-frame>
		<iso-frame>false</iso-frame>
		<original-frame>false</original-frame>
		<original-scrollable-frame>false</original-scrollable-frame>
		<placeholderentry placeholder="byFU_No" replacement="20"/>
		<name>FFU_SINGLE</name>
		<elem-id>20</elem-id>
		<center>1380,838</center>
		<line-width>3</line-width>
		<has-frame-color>true</has-frame-color>
		<has-inside-color>true</has-inside-color>
		<frame-color>0,0,0</frame-color>
		<frame-color-alarm>255,255,255</frame-color-alarm>
		<fill-color>255,255,255</fill-color>
		<fill-color-alarm>255,255,255</fill-color-alarm>
		<expr-frame-color>
			<expr>
				<var>.gwdColorRAHMEN</var>
			</expr>
		</expr-frame-color>
		<enable-text-input>false</enable-text-input>
		<expr-invisible>
			<expr>
				<var>gsCurrentFFU_DATA.asFFU_Data[20].xActive</var>
				<const>FALSE</const>
				<op>=(2)</op>
			</expr>
		</expr-invisible>
		<hidden-input>false</hidden-input>
		<rect>1260,765,1501,911</rect>
	</element>
	<element type="reference">
		<show-frame>true</show-frame>
		<clip-frame>true</clip-frame>
		<iso-frame>false</iso-frame>
		<original-frame>false</original-frame>
		<original-scrollable-frame>false</original-scrollable-frame>
		<placeholderentry placeholder="byFU_No" replacement="7"/>
		<name>FFU_SINGLE</name>
		<elem-id>21</elem-id>
		<center>600,503</center>
		<line-width>3</line-width>
		<has-frame-color>true</has-frame-color>
		<has-inside-color>true</has-inside-color>
		<frame-color>0,0,0</frame-color>
		<frame-color-alarm>255,255,255</frame-color-alarm>
		<fill-color>255,255,255</fill-color>
		<fill-color-alarm>255,255,255</fill-color-alarm>
		<expr-frame-color>
			<expr>
				<var>.gwdColorRAHMEN</var>
			</expr>
		</expr-frame-color>
		<enable-text-input>false</enable-text-input>
		<expr-invisible>
			<expr>
				<var>gsCurrentFFU_DATA.asFFU_Data[7].xActive</var>
				<const>FALSE</const>
				<op>=(2)</op>
			</expr>
		</expr-invisible>
		<hidden-input>false</hidden-input>
		<rect>480,430,721,576</rect>
	</element>
	<element type="reference">
		<show-frame>true</show-frame>
		<clip-frame>true</clip-frame>
		<iso-frame>false</iso-frame>
		<original-frame>false</original-frame>
		<original-scrollable-frame>false</original-scrollable-frame>
		<placeholderentry placeholder="byFU_No" replacement="11"/>
		<name>FFU_SINGLE</name>
		<elem-id>22</elem-id>
		<center>340,673</center>
		<line-width>3</line-width>
		<has-frame-color>true</has-frame-color>
		<has-inside-color>true</has-inside-color>
		<frame-color>0,0,0</frame-color>
		<frame-color-alarm>255,255,255</frame-color-alarm>
		<fill-color>255,255,255</fill-color>
		<fill-color-alarm>255,255,255</fill-color-alarm>
		<expr-frame-color>
			<expr>
				<var>.gwdColorRAHMEN</var>
			</expr>
		</expr-frame-color>
		<enable-text-input>false</enable-text-input>
		<expr-invisible>
			<expr>
				<var>gsCurrentFFU_DATA.asFFU_Data[11].xActive</var>
				<const>FALSE</const>
				<op>=(2)</op>
			</expr>
		</expr-invisible>
		<hidden-input>false</hidden-input>
		<rect>220,600,461,746</rect>
	</element>
	<element type="reference">
		<show-frame>true</show-frame>
		<clip-frame>true</clip-frame>
		<iso-frame>false</iso-frame>
		<original-frame>false</original-frame>
		<original-scrollable-frame>false</original-scrollable-frame>
		<placeholderentry placeholder="byFU_No" replacement="12"/>
		<name>FFU_SINGLE</name>
		<elem-id>23</elem-id>
		<center>600,673</center>
		<line-width>3</line-width>
		<has-frame-color>true</has-frame-color>
		<has-inside-color>true</has-inside-color>
		<frame-color>0,0,0</frame-color>
		<frame-color-alarm>255,255,255</frame-color-alarm>
		<fill-color>255,255,255</fill-color>
		<fill-color-alarm>255,255,255</fill-color-alarm>
		<expr-frame-color>
			<expr>
				<var>.gwdColorRAHMEN</var>
			</expr>
		</expr-frame-color>
		<enable-text-input>false</enable-text-input>
		<expr-invisible>
			<expr>
				<var>gsCurrentFFU_DATA.asFFU_Data[12].xActive</var>
				<const>FALSE</const>
				<op>=(2)</op>
			</expr>
		</expr-invisible>
		<hidden-input>false</hidden-input>
		<rect>480,600,721,746</rect>
	</element>
	<element type="reference">
		<show-frame>true</show-frame>
		<clip-frame>true</clip-frame>
		<iso-frame>false</iso-frame>
		<original-frame>false</original-frame>
		<original-scrollable-frame>false</original-scrollable-frame>
		<placeholderentry placeholder="byFU_No" replacement="16"/>
		<name>FFU_SINGLE</name>
		<elem-id>24</elem-id>
		<center>340,838</center>
		<line-width>3</line-width>
		<has-frame-color>true</has-frame-color>
		<has-inside-color>true</has-inside-color>
		<frame-color>0,0,0</frame-color>
		<frame-color-alarm>255,255,255</frame-color-alarm>
		<fill-color>255,255,255</fill-color>
		<fill-color-alarm>255,255,255</fill-color-alarm>
		<expr-frame-color>
			<expr>
				<var>.gwdColorRAHMEN</var>
			</expr>
		</expr-frame-color>
		<enable-text-input>false</enable-text-input>
		<expr-invisible>
			<expr>
				<var>gsCurrentFFU_DATA.asFFU_Data[16].xActive</var>
				<const>FALSE</const>
				<op>=(2)</op>
			</expr>
		</expr-invisible>
		<hidden-input>false</hidden-input>
		<rect>220,765,461,911</rect>
	</element>
	<element type="reference">
		<show-frame>true</show-frame>
		<clip-frame>true</clip-frame>
		<iso-frame>false</iso-frame>
		<original-frame>false</original-frame>
		<original-scrollable-frame>false</original-scrollable-frame>
		<placeholderentry placeholder="byFU_No" replacement="17"/>
		<name>FFU_SINGLE</name>
		<elem-id>25</elem-id>
		<center>600,838</center>
		<line-width>3</line-width>
		<has-frame-color>true</has-frame-color>
		<has-inside-color>true</has-inside-color>
		<frame-color>0,0,0</frame-color>
		<frame-color-alarm>255,255,255</frame-color-alarm>
		<fill-color>255,255,255</fill-color>
		<fill-color-alarm>255,255,255</fill-color-alarm>
		<expr-frame-color>
			<expr>
				<var>.gwdColorRAHMEN</var>
			</expr>
		</expr-frame-color>
		<enable-text-input>false</enable-text-input>
		<expr-invisible>
			<expr>
				<var>gsCurrentFFU_DATA.asFFU_Data[17].xActive</var>
				<const>FALSE</const>
				<op>=(2)</op>
			</expr>
		</expr-invisible>
		<hidden-input>false</hidden-input>
		<rect>480,765,721,911</rect>
	</element>
	<element type="reference">
		<show-frame>true</show-frame>
		<clip-frame>true</clip-frame>
		<iso-frame>false</iso-frame>
		<original-frame>false</original-frame>
		<original-scrollable-frame>false</original-scrollable-frame>
		<placeholderentry placeholder="byFU_No" replacement="18"/>
		<name>FFU_SINGLE</name>
		<elem-id>26</elem-id>
		<center>860,838</center>
		<line-width>3</line-width>
		<has-frame-color>true</has-frame-color>
		<has-inside-color>true</has-inside-color>
		<frame-color>0,0,0</frame-color>
		<frame-color-alarm>255,255,255</frame-color-alarm>
		<fill-color>255,255,255</fill-color>
		<fill-color-alarm>255,255,255</fill-color-alarm>
		<expr-frame-color>
			<expr>
				<var>.gwdColorRAHMEN</var>
			</expr>
		</expr-frame-color>
		<enable-text-input>false</enable-text-input>
		<expr-invisible>
			<expr>
				<var>gsCurrentFFU_DATA.asFFU_Data[18].xActive</var>
				<const>FALSE</const>
				<op>=(2)</op>
			</expr>
		</expr-invisible>
		<hidden-input>false</hidden-input>
		<rect>740,765,981,911</rect>
	</element>
	<element type="reference">
		<show-frame>true</show-frame>
		<clip-frame>true</clip-frame>
		<iso-frame>false</iso-frame>
		<original-frame>false</original-frame>
		<original-scrollable-frame>false</original-scrollable-frame>
		<placeholderentry placeholder="byFU_No" replacement="19"/>
		<name>FFU_SINGLE</name>
		<elem-id>27</elem-id>
		<center>1120,838</center>
		<line-width>3</line-width>
		<has-frame-color>true</has-frame-color>
		<has-inside-color>true</has-inside-color>
		<frame-color>0,0,0</frame-color>
		<frame-color-alarm>255,255,255</frame-color-alarm>
		<fill-color>255,255,255</fill-color>
		<fill-color-alarm>255,255,255</fill-color-alarm>
		<expr-frame-color>
			<expr>
				<var>.gwdColorRAHMEN</var>
			</expr>
		</expr-frame-color>
		<enable-text-input>false</enable-text-input>
		<expr-invisible>
			<expr>
				<var>gsCurrentFFU_DATA.asFFU_Data[19].xActive</var>
				<const>FALSE</const>
				<op>=(2)</op>
			</expr>
		</expr-invisible>
		<hidden-input>false</hidden-input>
		<rect>1000,765,1241,911</rect>
	</element>
	<element type="bitmap">
		<file-name>vis\refresh.bmp</file-name>
		<transparent>false</transparent>
		<show-frame>false</show-frame>
		<clip-frame>false</clip-frame>
		<frame-type>anisotropic</frame-type>
		<elem-id>28</elem-id>
		<center>865,660</center>
		<line-width>0</line-width>
		<has-frame-color>false</has-frame-color>
		<has-inside-color>true</has-inside-color>
		<frame-color>0,0,0</frame-color>
		<frame-color-alarm>255,255,255</frame-color-alarm>
		<fill-color>255,255,255</fill-color>
		<fill-color-alarm>255,255,255</fill-color-alarm>
		<enable-text-input>false</enable-text-input>
		<expr-invisible>
			<expr>
				<var>.gxRefresh_INFO_GX</var>
				<const>FALSE</const>
				<op>=(2)</op>
			</expr>
		</expr-invisible>
		<hidden-input>false</hidden-input>
		<rect>775,570,956,751</rect>
	</element>
	<element type="reference">
		<show-frame>true</show-frame>
		<clip-frame>true</clip-frame>
		<iso-frame>false</iso-frame>
		<original-frame>false</original-frame>
		<original-scrollable-frame>false</original-scrollable-frame>
		<placeholderentry placeholder="byFU_No" replacement="25"/>
		<name>FFU_SINGLE</name>
		<elem-id>29</elem-id>
		<center>1380,1008</center>
		<line-width>3</line-width>
		<has-frame-color>true</has-frame-color>
		<has-inside-color>true</has-inside-color>
		<frame-color>0,0,0</frame-color>
		<frame-color-alarm>255,255,255</frame-color-alarm>
		<fill-color>255,255,255</fill-color>
		<fill-color-alarm>255,255,255</fill-color-alarm>
		<expr-frame-color>
			<expr>
				<var>.gwdColorRAHMEN</var>
			</expr>
		</expr-frame-color>
		<enable-text-input>false</enable-text-input>
		<expr-invisible>
			<expr>
				<var>gsCurrentFFU_DATA.asFFU_Data[25].xActive</var>
				<const>FALSE</const>
				<op>=(2)</op>
			</expr>
		</expr-invisible>
		<hidden-input>false</hidden-input>
		<rect>1260,935,1501,1081</rect>
	</element>
	<element type="reference">
		<show-frame>true</show-frame>
		<clip-frame>true</clip-frame>
		<iso-frame>false</iso-frame>
		<original-frame>false</original-frame>
		<original-scrollable-frame>false</original-scrollable-frame>
		<placeholderentry placeholder="byFU_No" replacement="21"/>
		<name>FFU_SINGLE</name>
		<elem-id>30</elem-id>
		<center>340,1008</center>
		<line-width>3</line-width>
		<has-frame-color>true</has-frame-color>
		<has-inside-color>true</has-inside-color>
		<frame-color>0,0,0</frame-color>
		<frame-color-alarm>255,255,255</frame-color-alarm>
		<fill-color>255,255,255</fill-color>
		<fill-color-alarm>255,255,255</fill-color-alarm>
		<expr-frame-color>
			<expr>
				<var>.gwdColorRAHMEN</var>
			</expr>
		</expr-frame-color>
		<enable-text-input>false</enable-text-input>
		<expr-invisible>
			<expr>
				<var>gsCurrentFFU_DATA.asFFU_Data[21].xActive</var>
				<const>FALSE</const>
				<op>=(2)</op>
			</expr>
		</expr-invisible>
		<hidden-input>false</hidden-input>
		<rect>220,935,461,1081</rect>
	</element>
	<element type="reference">
		<show-frame>true</show-frame>
		<clip-frame>true</clip-frame>
		<iso-frame>false</iso-frame>
		<original-frame>false</original-frame>
		<original-scrollable-frame>false</original-scrollable-frame>
		<placeholderentry placeholder="byFU_No" replacement="22"/>
		<name>FFU_SINGLE</name>
		<elem-id>31</elem-id>
		<center>600,1008</center>
		<line-width>3</line-width>
		<has-frame-color>true</has-frame-color>
		<has-inside-color>true</has-inside-color>
		<frame-color>0,0,0</frame-color>
		<frame-color-alarm>255,255,255</frame-color-alarm>
		<fill-color>255,255,255</fill-color>
		<fill-color-alarm>255,255,255</fill-color-alarm>
		<expr-frame-color>
			<expr>
				<var>.gwdColorRAHMEN</var>
			</expr>
		</expr-frame-color>
		<enable-text-input>false</enable-text-input>
		<expr-invisible>
			<expr>
				<var>gsCurrentFFU_DATA.asFFU_Data[23].xActive</var>
				<const>FALSE</const>
				<op>=(2)</op>
			</expr>
		</expr-invisible>
		<hidden-input>false</hidden-input>
		<rect>480,935,721,1081</rect>
	</element>
	<element type="reference">
		<show-frame>true</show-frame>
		<clip-frame>true</clip-frame>
		<iso-frame>false</iso-frame>
		<original-frame>false</original-frame>
		<original-scrollable-frame>false</original-scrollable-frame>
		<placeholderentry placeholder="byFU_No" replacement="19"/>
		<name>FFU_SINGLE</name>
		<elem-id>32</elem-id>
		<center>1120,1008</center>
		<line-width>3</line-width>
		<has-frame-color>true</has-frame-color>
		<has-inside-color>true</has-inside-color>
		<frame-color>0,0,0</frame-color>
		<frame-color-alarm>255,255,255</frame-color-alarm>
		<fill-color>255,255,255</fill-color>
		<fill-color-alarm>255,255,255</fill-color-alarm>
		<expr-frame-color>
			<expr>
				<var>.gwdColorRAHMEN</var>
			</expr>
		</expr-frame-color>
		<enable-text-input>false</enable-text-input>
		<expr-invisible>
			<expr>
				<var>gsCurrentFFU_DATA.asFFU_Data[19].xActive</var>
				<const>FALSE</const>
				<op>=(2)</op>
			</expr>
		</expr-invisible>
		<hidden-input>false</hidden-input>
		<rect>1000,935,1241,1081</rect>
	</element>
	<element type="reference">
		<show-frame>true</show-frame>
		<clip-frame>true</clip-frame>
		<iso-frame>false</iso-frame>
		<original-frame>false</original-frame>
		<original-scrollable-frame>false</original-scrollable-frame>
		<placeholderentry placeholder="byFU_No" replacement="19"/>
		<name>FFU_SINGLE</name>
		<elem-id>33</elem-id>
		<center>860,1008</center>
		<line-width>3</line-width>
		<has-frame-color>true</has-frame-color>
		<has-inside-color>true</has-inside-color>
		<frame-color>0,0,0</frame-color>
		<frame-color-alarm>255,255,255</frame-color-alarm>
		<fill-color>255,255,255</fill-color>
		<fill-color-alarm>255,255,255</fill-color-alarm>
		<expr-frame-color>
			<expr>
				<var>.gwdColorRAHMEN</var>
			</expr>
		</expr-frame-color>
		<enable-text-input>false</enable-text-input>
		<expr-invisible>
			<expr>
				<var>gsCurrentFFU_DATA.asFFU_Data[19].xActive</var>
				<const>FALSE</const>
				<op>=(2)</op>
			</expr>
		</expr-invisible>
		<hidden-input>false</hidden-input>
		<rect>740,935,981,1081</rect>
	</element>
	<element type="reference">
		<show-frame>false</show-frame>
		<clip-frame>false</clip-frame>
		<iso-frame>false</iso-frame>
		<original-frame>false</original-frame>
		<original-scrollable-frame>false</original-scrollable-frame>
		<placeholderentry placeholder="SwitchVar" replacement=""/>
		<name>FFU_EDIT</name>
		<elem-id>24</elem-id>
		<center>503,550</center>
		<line-width>0</line-width>
		<has-frame-color>false</has-frame-color>
		<has-inside-color>true</has-inside-color>
		<frame-color>0,0,0</frame-color>
		<frame-color-alarm>255,255,255</frame-color-alarm>
		<fill-color>255,255,255</fill-color>
		<fill-color-alarm>255,255,255</fill-color-alarm>
		<enable-text-input>false</enable-text-input>
		<expr-invisible>
			<expr>
				<var>.gxSelFFU_EDIT</var>
				<const>FALSE</const>
				<op>=(2)</op>
			</expr>
		</expr-invisible>
		<hidden-input>false</hidden-input>
		<rect>335,230,671,871</rect>
	</element>
	<element type="reference">
		<show-frame>false</show-frame>
		<clip-frame>false</clip-frame>
		<iso-frame>false</iso-frame>
		<original-frame>false</original-frame>
		<original-scrollable-frame>false</original-scrollable-frame>
		<placeholderentry placeholder="SwitchVar" replacement=""/>
		<name>FFU_Info</name>
		<elem-id>29</elem-id>
		<center>980,550</center>
		<line-width>0</line-width>
		<has-frame-color>false</has-frame-color>
		<has-inside-color>true</has-inside-color>
		<frame-color>0,0,0</frame-color>
		<frame-color-alarm>255,255,255</frame-color-alarm>
		<fill-color>255,255,255</fill-color>
		<fill-color-alarm>255,255,255</fill-color-alarm>
		<enable-text-input>false</enable-text-input>
		<hidden-input>false</hidden-input>
		<rect>665,230,1296,871</rect>
	</element>
	<element type="group">
		<elem-id>30</elem-id>
		<center>500,943</center>
		<line-width>0</line-width>
		<has-frame-color>false</has-frame-color>
		<has-inside-color>false</has-inside-color>
		<frame-color>0,0,0</frame-color>
		<frame-color-alarm>0,0,0</frame-color-alarm>
		<fill-color>255,255,255</fill-color>
		<fill-color-alarm>255,255,255</fill-color-alarm>
		<enable-text-input>false</enable-text-input>
		<hidden-input>false</hidden-input>
		<rect>335,865,666,1021</rect>
		<show-frame>false</show-frame>
		<clip-frame>false</clip-frame>
		<iso-frame>false</iso-frame>
		<original-frame>false</original-frame>
		<animate-childs>true</animate-childs>
		<element type="simple">
			<simple-shape>rectangle</simple-shape>
			<elem-id>31</elem-id>
			<center>168,75</center>
			<line-width>0</line-width>
			<has-frame-color>true</has-frame-color>
			<has-inside-color>true</has-inside-color>
			<frame-color>192,192,192</frame-color>
			<frame-color-alarm>0,0,0</frame-color-alarm>
			<fill-color>255,255,255</fill-color>
			<fill-color-alarm>255,255,255</fill-color-alarm>
			<expr-text-color>
				<expr>
					<var>.gwColorANZEIGETEXT</var>
				</expr>
			</expr-text-color>
			<expr-frame-color>
				<expr>
					<var>.gwdColorRAHMEN</var>
				</expr>
			</expr-frame-color>
			<enable-text-input>true</enable-text-input>
			<text-input-type>1</text-input-type>
			<text-input-min-expr>
				<expr>
					<const>1</const>
				</expr>
			</text-input-min-expr>
			<text-input-max-expr>
				<expr>
					<const>124</const>
				</expr>
			</text-input-max-expr>
			<expr-invisible>
				<expr>
					<var>.gxSelFFU_EDIT</var>
					<const>FALSE</const>
					<op>=(2)</op>
				</expr>
			</expr-invisible>
			<hidden-input>false</hidden-input>
			<rect>0,0,336,151</rect>
		</element>
		<element type="button">
			<frame-type>anisotropic</frame-type>
			<elem-id>32</elem-id>
			<center>173,43</center>
			<line-width>0</line-width>
			<has-frame-color>true</has-frame-color>
			<has-inside-color>true</has-inside-color>
			<frame-color>0,0,0</frame-color>
			<frame-color-alarm>0,0,0</frame-color-alarm>
			<fill-color>200,200,200</fill-color>
			<fill-color-alarm>220,220,220</fill-color-alarm>
			<expr-text-color>
				<expr>
					<var>.gwColorTEXTButton</var>
				</expr>
			</expr-text-color>
			<text-align-horz>center</text-align-horz>
			<text-align-vert>center</text-align-vert>
			<font-height>-27</font-height>
			<font-height-point-size>20</font-height-point-size>
			<font-weight>700</font-weight>
			<font-italic>false</font-italic>
			<font-underline>false</font-underline>
			<font-strike-out>false</font-strike-out>
			<font-char-set>0</font-char-set>
			<text-id>596</text-id>
			<font-name><![CDATA[Arial Unicode MS]]></font-name>
			<font-color>0,0,0</font-color>
			<enable-text-input>false</enable-text-input>
			<input-action-list>
				<execute><![CDATA[INTERN CHANGEUSERLEVEL]]></execute>
			</input-action-list>
			<expr-invisible>
				<expr>
					<var>.gxSelFFU_EDIT</var>
					<const>FALSE</const>
					<op>=(2)</op>
				</expr>
			</expr-invisible>
			<text-display>
				<expr>
					<var>.CurrentUserLevel</var>
				</expr>
			</text-display>
			<text-format><![CDATA[User| |Level| |%s]]></text-format>
			<hidden-input>false</hidden-input>
			<rect>40,20,306,66</rect>
		</element>
		<element type="button">
			<frame-type>anisotropic</frame-type>
			<elem-id>33</elem-id>
			<center>173,108</center>
			<line-width>0</line-width>
			<has-frame-color>true</has-frame-color>
			<has-inside-color>true</has-inside-color>
			<frame-color>0,0,0</frame-color>
			<frame-color-alarm>0,0,0</frame-color-alarm>
			<fill-color>200,200,200</fill-color>
			<fill-color-alarm>220,220,220</fill-color-alarm>
			<expr-text-color>
				<expr>
					<var>.gwColorTEXTButton</var>
				</expr>
			</expr-text-color>
			<text-align-horz>center</text-align-horz>
			<text-align-vert>center</text-align-vert>
			<font-height>-27</font-height>
			<font-height-point-size>20</font-height-point-size>
			<font-weight>700</font-weight>
			<font-italic>false</font-italic>
			<font-underline>false</font-underline>
			<font-strike-out>false</font-strike-out>
			<font-char-set>0</font-char-set>
			<text-id>597</text-id>
			<font-name><![CDATA[Arial Unicode MS]]></font-name>
			<font-color>0,0,0</font-color>
			<enable-text-input>false</enable-text-input>
			<input-action-list>
				<expr-assign>
					<lvalue>
						<expr>
							<var>.gxLogOut</var>
						</expr>
					</lvalue>
					<rvalue>
						<expr>
							<const>TRUE</const>
						</expr>
					</rvalue>
				</expr-assign>
			</input-action-list>
			<expr-invisible>
				<expr>
					<var>.gxSelFFU_EDIT</var>
					<const>FALSE</const>
					<op>=(2)</op>
				</expr>
			</expr-invisible>
			<text-format><![CDATA[log| |out]]></text-format>
			<hidden-input>false</hidden-input>
			<rect>40,85,306,131</rect>
		</element>
		<key-info-list/>
	</element>
	<element type="simple">
		<simple-shape>rectangle</simple-shape>
		<elem-id>34</elem-id>
		<center>555,160</center>
		<line-width>0</line-width>
		<has-frame-color>false</has-frame-color>
		<has-inside-color>true</has-inside-color>
		<frame-color>192,192,192</frame-color>
		<frame-color-alarm>0,0,0</frame-color-alarm>
		<fill-color>255,0,0</fill-color>
		<fill-color-alarm>255,255,255</fill-color-alarm>
		<expr-text-color>
			<expr>
				<var>.gwColorANZEIGETEXT</var>
			</expr>
		</expr-text-color>
		<expr-frame-color>
			<expr>
				<var>.gwdColorRAHMEN</var>
			</expr>
		</expr-frame-color>
		<enable-text-input>false</enable-text-input>
		<expr-invisible>
			<expr>
				<var>.gxSensorError</var>
				<const>TRUE</const>
				<op>=(2)</op>
			</expr>
		</expr-invisible>
		<hidden-input>false</hidden-input>
		<rect>275,135,836,186</rect>
	</element>
	<element type="simple">
		<simple-shape>rectangle</simple-shape>
		<elem-id>35</elem-id>
		<center>555,160</center>
		<line-width>0</line-width>
		<has-frame-color>true</has-frame-color>
		<has-inside-color>false</has-inside-color>
		<frame-color>192,192,192</frame-color>
		<frame-color-alarm>0,0,0</frame-color-alarm>
		<fill-color>255,255,255</fill-color>
		<fill-color-alarm>255,255,255</fill-color-alarm>
		<expr-text-color>
			<expr>
				<var>.gwColorANZEIGETEXT</var>
			</expr>
		</expr-text-color>
		<expr-frame-color>
			<expr>
				<var>.gwdColorRAHMEN</var>
			</expr>
		</expr-frame-color>
		<enable-text-input>false</enable-text-input>
		<expr-invisible>
			<expr>
				<var>.gbyCtrlMode_AKTIVE</var>
				<const>0</const>
				<op>=(2)</op>
			</expr>
		</expr-invisible>
		<text-display>
			<expr>
				<const>1</const>
			</expr>
		</text-display>
		<hidden-input>false</hidden-input>
		<rect>275,135,836,186</rect>
	</element>
	<element type="simple">
		<simple-shape>rectangle</simple-shape>
		<elem-id>36</elem-id>
		<center>1140,160</center>
		<line-width>0</line-width>
		<has-frame-color>true</has-frame-color>
		<has-inside-color>false</has-inside-color>
		<frame-color>192,192,192</frame-color>
		<frame-color-alarm>0,0,0</frame-color-alarm>
		<fill-color>255,255,255</fill-color>
		<fill-color-alarm>255,255,255</fill-color-alarm>
		<expr-text-color>
			<expr>
				<var>.gwColorANZEIGETEXT</var>
			</expr>
		</expr-text-color>
		<expr-frame-color>
			<expr>
				<var>.gwdColorRAHMEN</var>
			</expr>
		</expr-frame-color>
		<enable-text-input>false</enable-text-input>
		<text-display>
			<expr>
				<const>1</const>
			</expr>
		</text-display>
		<hidden-input>false</hidden-input>
		<rect>860,135,1421,186</rect>
	</element>
	<element type="simple">
		<simple-shape>rectangle</simple-shape>
		<elem-id>37</elem-id>
		<center>555,85</center>
		<line-width>0</line-width>
		<has-frame-color>true</has-frame-color>
		<has-inside-color>false</has-inside-color>
		<frame-color>192,192,192</frame-color>
		<frame-color-alarm>0,0,0</frame-color-alarm>
		<fill-color>255,255,255</fill-color>
		<fill-color-alarm>255,255,255</fill-color-alarm>
		<expr-text-color>
			<expr>
				<var>.gwColorANZEIGETEXT</var>
			</expr>
		</expr-text-color>
		<expr-frame-color>
			<expr>
				<var>.gwdColorRAHMEN</var>
			</expr>
		</expr-frame-color>
		<enable-text-input>false</enable-text-input>
		<text-display>
			<expr>
				<var>.gbyGroup_AKTIVE</var>
			</expr>
		</text-display>
		<hidden-input>false</hidden-input>
		<rect>275,60,836,111</rect>
	</element>
	<element type="simple">
		<simple-shape>rectangle</simple-shape>
		<elem-id>38</elem-id>
		<center>405,160</center>
		<line-width>0</line-width>
		<has-frame-color>false</has-frame-color>
		<has-inside-color>false</has-inside-color>
		<frame-color>192,192,192</frame-color>
		<frame-color-alarm>0,0,0</frame-color-alarm>
		<fill-color>255,255,255</fill-color>
		<fill-color-alarm>255,255,255</fill-color-alarm>
		<expr-text-color>
			<expr>
				<var>.gwColorANZEIGETEXT</var>
			</expr>
		</expr-text-color>
		<expr-frame-color>
			<expr>
				<var>.gwdColorRAHMEN</var>
			</expr>
		</expr-frame-color>
		<text-align-horz>right</text-align-horz>
		<text-align-vert>center</text-align-vert>
		<font-height>-35</font-height>
		<font-height-point-size>26</font-height-point-size>
		<font-weight>700</font-weight>
		<font-italic>false</font-italic>
		<font-underline>false</font-underline>
		<font-strike-out>false</font-strike-out>
		<font-char-set>0</font-char-set>
		<text-id>654</text-id>
		<font-name><![CDATA[Arial Unicode MS]]></font-name>
		<font-color>0,0,0</font-color>
		<enable-text-input>false</enable-text-input>
		<expr-invisible>
			<expr>
				<var>.gbyCtrlMode_AKTIVE</var>
				<const>0</const>
				<op>=(2)</op>
			</expr>
		</expr-invisible>
		<text-display>
			<expr>
				<const>1</const>
			</expr>
		</text-display>
		<text-format><![CDATA[%|<|IST01|>|:]]></text-format>
		<hidden-input>false</hidden-input>
		<rect>275,135,536,186</rect>
	</element>
	<element type="simple">
		<simple-shape>rectangle</simple-shape>
		<elem-id>39</elem-id>
		<center>990,160</center>
		<line-width>0</line-width>
		<has-frame-color>false</has-frame-color>
		<has-inside-color>false</has-inside-color>
		<frame-color>192,192,192</frame-color>
		<frame-color-alarm>0,0,0</frame-color-alarm>
		<fill-color>255,255,255</fill-color>
		<fill-color-alarm>255,255,255</fill-color-alarm>
		<expr-text-color>
			<expr>
				<var>.gwColorANZEIGETEXT</var>
			</expr>
		</expr-text-color>
		<expr-frame-color>
			<expr>
				<var>.gwdColorRAHMEN</var>
			</expr>
		</expr-frame-color>
		<text-align-horz>right</text-align-horz>
		<text-align-vert>center</text-align-vert>
		<font-height>-35</font-height>
		<font-height-point-size>26</font-height-point-size>
		<font-weight>700</font-weight>
		<font-italic>false</font-italic>
		<font-underline>false</font-underline>
		<font-strike-out>false</font-strike-out>
		<font-char-set>0</font-char-set>
		<text-id>655</text-id>
		<font-name><![CDATA[Arial Unicode MS]]></font-name>
		<font-color>0,0,0</font-color>
		<enable-text-input>false</enable-text-input>
		<text-display>
			<expr>
				<const>1</const>
			</expr>
		</text-display>
		<text-format><![CDATA[%|<|SOLL03|>|:]]></text-format>
		<hidden-input>false</hidden-input>
		<rect>860,135,1121,186</rect>
	</element>
	<element type="simple">
		<simple-shape>rectangle</simple-shape>
		<elem-id>40</elem-id>
		<center>685,160</center>
		<line-width>0</line-width>
		<has-frame-color>false</has-frame-color>
		<has-inside-color>false</has-inside-color>
		<frame-color>192,192,192</frame-color>
		<frame-color-alarm>0,0,0</frame-color-alarm>
		<fill-color>255,255,255</fill-color>
		<fill-color-alarm>255,255,255</fill-color-alarm>
		<expr-text-color>
			<expr>
				<var>.gwColorANZEIGETEXT</var>
			</expr>
		</expr-text-color>
		<expr-frame-color>
			<expr>
				<var>.gwdColorRAHMEN</var>
			</expr>
		</expr-frame-color>
		<text-align-horz>center</text-align-horz>
		<text-align-vert>center</text-align-vert>
		<font-height>-35</font-height>
		<font-height-point-size>26</font-height-point-size>
		<font-weight>700</font-weight>
		<font-italic>false</font-italic>
		<font-underline>false</font-underline>
		<font-strike-out>false</font-strike-out>
		<font-char-set>0</font-char-set>
		<text-id>656</text-id>
		<font-name><![CDATA[Arial Unicode MS]]></font-name>
		<font-color>0,0,0</font-color>
		<enable-text-input>false</enable-text-input>
		<expr-invisible>
			<expr>
				<var>.gbyCtrlMode_AKTIVE</var>
				<const>0</const>
				<op>=(2)</op>
			</expr>
		</expr-invisible>
		<text-display>
			<expr>
				<var>.gstrValue_AKTIVE</var>
			</expr>
		</text-display>
		<text-format>%s</text-format>
		<hidden-input>false</hidden-input>
		<rect>535,135,836,186</rect>
	</element>
	<element type="simple">
		<simple-shape>rectangle</simple-shape>
		<elem-id>41</elem-id>
		<center>1270,160</center>
		<line-width>0</line-width>
		<has-frame-color>false</has-frame-color>
		<has-inside-color>false</has-inside-color>
		<frame-color>192,192,192</frame-color>
		<frame-color-alarm>0,0,0</frame-color-alarm>
		<fill-color>255,255,255</fill-color>
		<fill-color-alarm>255,255,255</fill-color-alarm>
		<expr-text-color>
			<expr>
				<var>.gwColorANZEIGETEXT</var>
			</expr>
		</expr-text-color>
		<expr-frame-color>
			<expr>
				<var>.gwdColorRAHMEN</var>
			</expr>
		</expr-frame-color>
		<text-align-horz>center</text-align-horz>
		<text-align-vert>center</text-align-vert>
		<font-height>-35</font-height>
		<font-height-point-size>26</font-height-point-size>
		<font-weight>700</font-weight>
		<font-italic>false</font-italic>
		<font-underline>false</font-underline>
		<font-strike-out>false</font-strike-out>
		<font-char-set>0</font-char-set>
		<text-id>657</text-id>
		<font-name><![CDATA[Arial Unicode MS]]></font-name>
		<font-color>0,0,0</font-color>
		<enable-text-input>false</enable-text-input>
		<text-display>
			<expr>
				<var>.gstrSetPoint_AKTIVE</var>
			</expr>
		</text-display>
		<text-format>%s</text-format>
		<hidden-input>false</hidden-input>
		<rect>1120,135,1421,186</rect>
	</element>
	<element type="simple">
		<simple-shape>rectangle</simple-shape>
		<elem-id>42</elem-id>
		<center>488,85</center>
		<line-width>0</line-width>
		<has-frame-color>false</has-frame-color>
		<has-inside-color>false</has-inside-color>
		<frame-color>192,192,192</frame-color>
		<frame-color-alarm>0,0,0</frame-color-alarm>
		<fill-color>255,255,255</fill-color>
		<fill-color-alarm>255,255,255</fill-color-alarm>
		<expr-text-color>
			<expr>
				<var>.gwColorANZEIGETEXT</var>
			</expr>
		</expr-text-color>
		<expr-frame-color>
			<expr>
				<var>.gwdColorRAHMEN</var>
			</expr>
		</expr-frame-color>
		<text-align-horz>center</text-align-horz>
		<text-align-vert>center</text-align-vert>
		<font-height>-35</font-height>
		<font-height-point-size>26</font-height-point-size>
		<font-weight>700</font-weight>
		<font-italic>false</font-italic>
		<font-underline>false</font-underline>
		<font-strike-out>false</font-strike-out>
		<font-char-set>0</font-char-set>
		<text-id>658</text-id>
		<font-name><![CDATA[Arial Unicode MS]]></font-name>
		<font-color>0,0,0</font-color>
		<enable-text-input>false</enable-text-input>
		<text-display>
			<expr>
				<const>1</const>
			</expr>
		</text-display>
		<text-format><![CDATA[%|<|GROUP01|>|]]></text-format>
		<hidden-input>false</hidden-input>
		<rect>275,60,701,111</rect>
	</element>
	<element type="simple">
		<simple-shape>rectangle</simple-shape>
		<elem-id>43</elem-id>
		<center>768,85</center>
		<line-width>0</line-width>
		<has-frame-color>false</has-frame-color>
		<has-inside-color>false</has-inside-color>
		<frame-color>192,192,192</frame-color>
		<frame-color-alarm>0,0,0</frame-color-alarm>
		<fill-color>255,255,255</fill-color>
		<fill-color-alarm>255,255,255</fill-color-alarm>
		<expr-text-color>
			<expr>
				<var>.gwColorANZEIGETEXT</var>
			</expr>
		</expr-text-color>
		<expr-frame-color>
			<expr>
				<var>.gwdColorRAHMEN</var>
			</expr>
		</expr-frame-color>
		<text-align-horz>center</text-align-horz>
		<text-align-vert>center</text-align-vert>
		<font-height>-35</font-height>
		<font-height-point-size>26</font-height-point-size>
		<font-weight>700</font-weight>
		<font-italic>false</font-italic>
		<font-underline>false</font-underline>
		<font-strike-out>false</font-strike-out>
		<font-char-set>0</font-char-set>
		<text-id>659</text-id>
		<font-name><![CDATA[Arial Unicode MS]]></font-name>
		<font-color>0,0,0</font-color>
		<enable-text-input>false</enable-text-input>
		<text-display>
			<expr>
				<var>.gbyGroup_AKTIVE</var>
			</expr>
		</text-display>
		<text-format>%s</text-format>
		<hidden-input>false</hidden-input>
		<rect>700,60,836,111</rect>
	</element>
	<element type="group">
		<elem-id>44</elem-id>
		<center>1138,103</center>
		<line-width>0</line-width>
		<has-frame-color>false</has-frame-color>
		<has-inside-color>false</has-inside-color>
		<frame-color>0,0,0</frame-color>
		<frame-color-alarm>0,0,0</frame-color-alarm>
		<fill-color>255,255,255</fill-color>
		<fill-color-alarm>255,255,255</fill-color-alarm>
		<enable-text-input>false</enable-text-input>
		<hidden-input>false</hidden-input>
		<rect>835,60,1441,146</rect>
		<show-frame>false</show-frame>
		<clip-frame>false</clip-frame>
		<iso-frame>true</iso-frame>
		<original-frame>false</original-frame>
		<animate-childs>true</animate-childs>
		<element type="simple">
			<simple-shape>rectangle</simple-shape>
			<elem-id>45</elem-id>
			<center>159,23</center>
			<line-width>0</line-width>
			<has-frame-color>true</has-frame-color>
			<has-inside-color>true</has-inside-color>
			<frame-color>0,255,0</frame-color>
			<frame-color-alarm>255,0,0</frame-color-alarm>
			<fill-color>0,255,0</fill-color>
			<fill-color-alarm>255,0,0</fill-color-alarm>
			<enable-text-input>false</enable-text-input>
			<expr-toggle-color>
				<expr>
					<var>.giCurrentGroupSetSpeed</var>
					<const>0</const>
					<op><![CDATA[<(2)]]></op>
				</expr>
			</expr-toggle-color>
			<hidden-input>false</hidden-input>
			<rect>37,14,281,32</rect>
			<expr-right>
				<expr>
					<var>.giCurrentGroupSetSpeed</var>
					<const>1.0</const>
					<op>*(2)</op>
					<const>50</const>
					<op>-(2)</op>
					<const>4.86</const>
					<op>*(2)</op>
				</expr>
			</expr-right>
		</element>
		<element type="polygon">
			<poly-count>2</poly-count>
			<poly-shape>polyline</poly-shape>
			<point>85,17</point>
			<point>85,27</point>
			<elem-id>46</elem-id>
			<center>0,0</center>
			<line-width>0</line-width>
			<has-frame-color>true</has-frame-color>
			<has-inside-color>true</has-inside-color>
			<frame-color>0,0,0</frame-color>
			<frame-color-alarm>0,0,0</frame-color-alarm>
			<fill-color>255,255,255</fill-color>
			<fill-color-alarm>255,255,255</fill-color-alarm>
			<enable-text-input>false</enable-text-input>
			<hidden-input>false</hidden-input>
		</element>
		<element type="polygon">
			<poly-count>2</poly-count>
			<poly-shape>polyline</poly-shape>
			<point>134,17</point>
			<point>134,27</point>
			<elem-id>47</elem-id>
			<center>0,0</center>
			<line-width>0</line-width>
			<has-frame-color>true</has-frame-color>
			<has-inside-color>true</has-inside-color>
			<frame-color>0,0,0</frame-color>
			<frame-color-alarm>0,0,0</frame-color-alarm>
			<fill-color>255,255,255</fill-color>
			<fill-color-alarm>255,255,255</fill-color-alarm>
			<enable-text-input>false</enable-text-input>
			<hidden-input>false</hidden-input>
		</element>
		<element type="polygon">
			<poly-count>2</poly-count>
			<poly-shape>polyline</poly-shape>
			<point>182,17</point>
			<point>182,27</point>
			<elem-id>48</elem-id>
			<center>0,0</center>
			<line-width>0</line-width>
			<has-frame-color>true</has-frame-color>
			<has-inside-color>true</has-inside-color>
			<frame-color>0,0,0</frame-color>
			<frame-color-alarm>0,0,0</frame-color-alarm>
			<fill-color>255,255,255</fill-color>
			<fill-color-alarm>255,255,255</fill-color-alarm>
			<enable-text-input>false</enable-text-input>
			<hidden-input>false</hidden-input>
		</element>
		<element type="polygon">
			<poly-count>2</poly-count>
			<poly-shape>polyline</poly-shape>
			<point>231,17</point>
			<point>231,27</point>
			<elem-id>49</elem-id>
			<center>0,0</center>
			<line-width>0</line-width>
			<has-frame-color>true</has-frame-color>
			<has-inside-color>true</has-inside-color>
			<frame-color>0,0,0</frame-color>
			<frame-color-alarm>0,0,0</frame-color-alarm>
			<fill-color>255,255,255</fill-color>
			<fill-color-alarm>255,255,255</fill-color-alarm>
			<enable-text-input>false</enable-text-input>
			<hidden-input>false</hidden-input>
		</element>
		<element type="polygon">
			<poly-count>2</poly-count>
			<poly-shape>polyline</poly-shape>
			<point>37,14</point>
			<point>37,31</point>
			<elem-id>50</elem-id>
			<center>0,0</center>
			<line-width>0</line-width>
			<has-frame-color>true</has-frame-color>
			<has-inside-color>true</has-inside-color>
			<frame-color>0,0,0</frame-color>
			<frame-color-alarm>0,0,0</frame-color-alarm>
			<fill-color>255,255,255</fill-color>
			<fill-color-alarm>255,255,255</fill-color-alarm>
			<enable-text-input>false</enable-text-input>
			<hidden-input>false</hidden-input>
		</element>
		<element type="simple">
			<simple-shape>rectangle</simple-shape>
			<elem-id>51</elem-id>
			<center>37,57</center>
			<line-width>0</line-width>
			<has-frame-color>false</has-frame-color>
			<has-inside-color>false</has-inside-color>
			<frame-color>0,0,0</frame-color>
			<frame-color-alarm>0,0,0</frame-color-alarm>
			<fill-color>255,255,255</fill-color>
			<fill-color-alarm>255,255,255</fill-color-alarm>
			<text-align-horz>center</text-align-horz>
			<text-align-vert>top</text-align-vert>
			<font-height>-13</font-height>
			<font-height-point-size>10</font-height-point-size>
			<font-weight>700</font-weight>
			<font-italic>false</font-italic>
			<font-underline>false</font-underline>
			<font-strike-out>false</font-strike-out>
			<font-char-set>0</font-char-set>
			<text-id>668</text-id>
			<font-name>Arial</font-name>
			<font-color>0,0,0</font-color>
			<enable-text-input>false</enable-text-input>
			<text-format>0</text-format>
			<hidden-input>false</hidden-input>
			<rect>32,33,41,80</rect>
		</element>
		<element type="polygon">
			<poly-count>2</poly-count>
			<poly-shape>polyline</poly-shape>
			<point>328,17</point>
			<point>328,27</point>
			<elem-id>52</elem-id>
			<center>0,0</center>
			<line-width>0</line-width>
			<has-frame-color>true</has-frame-color>
			<has-inside-color>true</has-inside-color>
			<frame-color>0,0,0</frame-color>
			<frame-color-alarm>0,0,0</frame-color-alarm>
			<fill-color>255,255,255</fill-color>
			<fill-color-alarm>255,255,255</fill-color-alarm>
			<enable-text-input>false</enable-text-input>
			<hidden-input>false</hidden-input>
		</element>
		<element type="polygon">
			<poly-count>2</poly-count>
			<poly-shape>polyline</poly-shape>
			<point>377,17</point>
			<point>377,27</point>
			<elem-id>53</elem-id>
			<center>0,0</center>
			<line-width>0</line-width>
			<has-frame-color>true</has-frame-color>
			<has-inside-color>true</has-inside-color>
			<frame-color>0,0,0</frame-color>
			<frame-color-alarm>0,0,0</frame-color-alarm>
			<fill-color>255,255,255</fill-color>
			<fill-color-alarm>255,255,255</fill-color-alarm>
			<enable-text-input>false</enable-text-input>
			<hidden-input>false</hidden-input>
		</element>
		<element type="polygon">
			<poly-count>2</poly-count>
			<poly-shape>polyline</poly-shape>
			<point>425,17</point>
			<point>425,27</point>
			<elem-id>54</elem-id>
			<center>0,0</center>
			<line-width>0</line-width>
			<has-frame-color>true</has-frame-color>
			<has-inside-color>true</has-inside-color>
			<frame-color>0,0,0</frame-color>
			<frame-color-alarm>0,0,0</frame-color-alarm>
			<fill-color>255,255,255</fill-color>
			<fill-color-alarm>255,255,255</fill-color-alarm>
			<enable-text-input>false</enable-text-input>
			<hidden-input>false</hidden-input>
		</element>
		<element type="polygon">
			<poly-count>2</poly-count>
			<poly-shape>polyline</poly-shape>
			<point>474,17</point>
			<point>474,27</point>
			<elem-id>55</elem-id>
			<center>0,0</center>
			<line-width>0</line-width>
			<has-frame-color>true</has-frame-color>
			<has-inside-color>true</has-inside-color>
			<frame-color>0,0,0</frame-color>
			<frame-color-alarm>0,0,0</frame-color-alarm>
			<fill-color>255,255,255</fill-color>
			<fill-color-alarm>255,255,255</fill-color-alarm>
			<enable-text-input>false</enable-text-input>
			<hidden-input>false</hidden-input>
		</element>
		<element type="polygon">
			<poly-count>2</poly-count>
			<poly-shape>polyline</poly-shape>
			<point>280,14</point>
			<point>280,31</point>
			<elem-id>56</elem-id>
			<center>0,0</center>
			<line-width>0</line-width>
			<has-frame-color>true</has-frame-color>
			<has-inside-color>true</has-inside-color>
			<frame-color>0,0,0</frame-color>
			<frame-color-alarm>0,0,0</frame-color-alarm>
			<fill-color>255,255,255</fill-color>
			<fill-color-alarm>255,255,255</fill-color-alarm>
			<enable-text-input>false</enable-text-input>
			<hidden-input>false</hidden-input>
		</element>
		<element type="simple">
			<simple-shape>rectangle</simple-shape>
			<elem-id>57</elem-id>
			<center>280,57</center>
			<line-width>0</line-width>
			<has-frame-color>false</has-frame-color>
			<has-inside-color>false</has-inside-color>
			<frame-color>0,0,0</frame-color>
			<frame-color-alarm>0,0,0</frame-color-alarm>
			<fill-color>255,255,255</fill-color>
			<fill-color-alarm>255,255,255</fill-color-alarm>
			<text-align-horz>center</text-align-horz>
			<text-align-vert>top</text-align-vert>
			<font-height>-13</font-height>
			<font-height-point-size>10</font-height-point-size>
			<font-weight>700</font-weight>
			<font-italic>false</font-italic>
			<font-underline>false</font-underline>
			<font-strike-out>false</font-strike-out>
			<font-char-set>0</font-char-set>
			<text-id>674</text-id>
			<font-name>Arial</font-name>
			<font-color>0,0,0</font-color>
			<enable-text-input>false</enable-text-input>
			<text-format>50</text-format>
			<hidden-input>false</hidden-input>
			<rect>270,33,289,80</rect>
		</element>
		<element type="polygon">
			<poly-count>2</poly-count>
			<poly-shape>polyline</poly-shape>
			<point>523,14</point>
			<point>523,31</point>
			<elem-id>58</elem-id>
			<center>0,0</center>
			<line-width>0</line-width>
			<has-frame-color>true</has-frame-color>
			<has-inside-color>true</has-inside-color>
			<frame-color>0,0,0</frame-color>
			<frame-color-alarm>0,0,0</frame-color-alarm>
			<fill-color>255,255,255</fill-color>
			<fill-color-alarm>255,255,255</fill-color-alarm>
			<enable-text-input>false</enable-text-input>
			<hidden-input>false</hidden-input>
		</element>
		<element type="simple">
			<simple-shape>rectangle</simple-shape>
			<elem-id>59</elem-id>
			<center>523,57</center>
			<line-width>0</line-width>
			<has-frame-color>false</has-frame-color>
			<has-inside-color>false</has-inside-color>
			<frame-color>0,0,0</frame-color>
			<frame-color-alarm>0,0,0</frame-color-alarm>
			<fill-color>255,255,255</fill-color>
			<fill-color-alarm>255,255,255</fill-color-alarm>
			<text-align-horz>center</text-align-horz>
			<text-align-vert>top</text-align-vert>
			<font-height>-13</font-height>
			<font-height-point-size>10</font-height-point-size>
			<font-weight>700</font-weight>
			<font-italic>false</font-italic>
			<font-underline>false</font-underline>
			<font-strike-out>false</font-strike-out>
			<font-char-set>0</font-char-set>
			<text-id>676</text-id>
			<font-name>Arial</font-name>
			<font-color>0,0,0</font-color>
			<enable-text-input>false</enable-text-input>
			<text-format>100</text-format>
			<hidden-input>false</hidden-input>
			<rect>509,33,537,80</rect>
		</element>
		<element type="simple">
			<simple-shape>rectangle</simple-shape>
			<elem-id>60</elem-id>
			<center>280,56</center>
			<line-width>0</line-width>
			<has-frame-color>false</has-frame-color>
			<has-inside-color>false</has-inside-color>
			<frame-color>0,0,0</frame-color>
			<frame-color-alarm>0,0,0</frame-color-alarm>
			<fill-color>255,255,255</fill-color>
			<fill-color-alarm>255,255,255</fill-color-alarm>
			<text-align-horz>center</text-align-horz>
			<text-align-vert>center</text-align-vert>
			<font-height>-13</font-height>
			<font-height-point-size>10</font-height-point-size>
			<font-weight>700</font-weight>
			<font-italic>false</font-italic>
			<font-underline>false</font-underline>
			<font-strike-out>false</font-strike-out>
			<font-char-set>0</font-char-set>
			<text-id>677</text-id>
			<font-name>Arial</font-name>
			<font-color>0,0,0</font-color>
			<enable-text-input>false</enable-text-input>
			<text-format>%</text-format>
			<hidden-input>false</hidden-input>
			<rect>270,48,290,64</rect>
		</element>
		<key-info-list/>
	</element>
	<element type="simple">
		<simple-shape>rectangle</simple-shape>
		<elem-id>61</elem-id>
		<center>113,338</center>
		<line-width>0</line-width>
		<has-frame-color>false</has-frame-color>
		<has-inside-color>true</has-inside-color>
		<frame-color>192,192,192</frame-color>
		<frame-color-alarm>0,0,0</frame-color-alarm>
		<fill-color>255,255,0</fill-color>
		<fill-color-alarm>255,255,255</fill-color-alarm>
		<expr-text-color>
			<expr>
				<var>.gwColorANZEIGETEXT</var>
			</expr>
		</expr-text-color>
		<expr-frame-color>
			<expr>
				<var>.gwdColorRAHMEN</var>
			</expr>
		</expr-frame-color>
		<text-align-horz>center</text-align-horz>
		<text-align-vert>center</text-align-vert>
		<font-height>-35</font-height>
		<font-height-point-size>26</font-height-point-size>
		<font-weight>700</font-weight>
		<font-italic>false</font-italic>
		<font-underline>false</font-underline>
		<font-strike-out>false</font-strike-out>
		<font-char-set>0</font-char-set>
		<text-id>679</text-id>
		<font-name><![CDATA[Arial Unicode MS]]></font-name>
		<font-color>0,0,0</font-color>
		<enable-text-input>false</enable-text-input>
		<expr-invisible>
			<expr>
				<var>.gxStopByDx</var>
				<const>FALSE</const>
				<op>=(2)</op>
			</expr>
		</expr-invisible>
		<text-display>
			<expr>
				<var>.gbyGroup_AKTIVE</var>
			</expr>
		</text-display>
		<text-format>
			<![CDATA[Stop| |by
D%s]]>
		</text-format>
		<hidden-input>false</hidden-input>
		<rect>35,275,191,401</rect>
	</element>
	<element type="simple">
		<simple-shape>rectangle</simple-shape>
		<elem-id>62</elem-id>
		<center>1148,38</center>
		<line-width>0</line-width>
		<has-frame-color>false</has-frame-color>
		<has-inside-color>true</has-inside-color>
		<frame-color>192,192,192</frame-color>
		<frame-color-alarm>0,0,0</frame-color-alarm>
		<fill-color>255,255,0</fill-color>
		<fill-color-alarm>255,255,255</fill-color-alarm>
		<expr-text-color>
			<expr>
				<var>.gwColorANZEIGETEXT</var>
			</expr>
		</expr-text-color>
		<expr-frame-color>
			<expr>
				<var>.gwdColorRAHMEN</var>
			</expr>
		</expr-frame-color>
		<text-align-horz>center</text-align-horz>
		<text-align-vert>center</text-align-vert>
		<font-height>-35</font-height>
		<font-height-point-size>26</font-height-point-size>
		<font-weight>700</font-weight>
		<font-italic>false</font-italic>
		<font-underline>false</font-underline>
		<font-strike-out>false</font-strike-out>
		<font-char-set>0</font-char-set>
		<text-id>680</text-id>
		<font-name><![CDATA[Arial Unicode MS]]></font-name>
		<font-color>0,0,0</font-color>
		<enable-text-input>false</enable-text-input>
		<expr-invisible>
			<expr>
				<var>.gxAntiB_protection</var>
				<const>FALSE</const>
				<op>=(2)</op>
			</expr>
		</expr-invisible>
		<text-display>
			<expr>
				<const>1</const>
			</expr>
		</text-display>
		<text-format><![CDATA[anti| |block| |-| |protection| |run]]></text-format>
		<hidden-input>false</hidden-input>
		<rect>865,10,1431,66</rect>
	</element>
	<key-info-list/>
	<variablelist>
		<variable name=".gwdColorRAHMEN">4,32119,4,5</variable>
		<variable name=".gwColorANZEIGETEXT">4,32123,4,5</variable>
		<variable name=".gbyGroup_AKTIVE">4,22866,1,2</variable>
		<variable name=".gwColorTEXTButton">4,32127,4,5</variable>
		<variable name=".gxSelFFU_SHOW">4,23571,1,0</variable>
		<variable name=".gxSelFFU_EDIT">4,23572,1,0</variable>
		<variable name="gsCurrentFFU_DATA.asFFU_Data[1].wFanSpeed_i14">4,22984,2,3</variable>
		<variable name="gsCurrentFFU_DATA.asFFU_Data[1].xtmpOFF">4,22970,1,0</variable>
		<variable name="gsCurrentFFU_DATA.asFFU_Data[1].xFFU_Error">4,22988,1,0</variable>
		<variable name="gaxCurrentFFU_MSG_VISU[1]">4,23546,1,0</variable>
		<variable name="gsCurrentFFU_DATA.abyFFU_No[1]">4,22919,1,2</variable>
		<variable name="gsCurrentFFU_DATA.asFFU_Data[1].xActive">4,22969,1,0</variable>
		<variable name="gsCurrentFFU_DATA.asFFU_Data[2].wFanSpeed_i14">4,23007,2,3</variable>
		<variable name="gsCurrentFFU_DATA.asFFU_Data[2].xtmpOFF">4,22993,1,0</variable>
		<variable name="gsCurrentFFU_DATA.asFFU_Data[2].xFFU_Error">4,23011,1,0</variable>
		<variable name="gaxCurrentFFU_MSG_VISU[2]">4,23547,1,0</variable>
		<variable name="gsCurrentFFU_DATA.abyFFU_No[2]">4,22920,1,2</variable>
		<variable name="gsCurrentFFU_DATA.asFFU_Data[2].xActive">4,22992,1,0</variable>
		<variable name="gsCurrentFFU_DATA.asFFU_Data[5].wFanSpeed_i14">4,23076,2,3</variable>
		<variable name="gsCurrentFFU_DATA.asFFU_Data[5].xtmpOFF">4,23062,1,0</variable>
		<variable name="gsCurrentFFU_DATA.asFFU_Data[5].xFFU_Error">4,23080,1,0</variable>
		<variable name="gaxCurrentFFU_MSG_VISU[5]">4,23550,1,0</variable>
		<variable name="gsCurrentFFU_DATA.abyFFU_No[5]">4,22923,1,2</variable>
		<variable name="gsCurrentFFU_DATA.asFFU_Data[5].xActive">4,23061,1,0</variable>
		<variable name=".gbyPage_AKTIVE">4,22867,1,2</variable>
		<variable name=".gxLimitErrorACTIVE">4,24662,1,0</variable>
		<variable name=".gxLimitMin">4,24660,1,0</variable>
		<variable name=".gstrLimitMIN">4,24632,14,8</variable>
		<variable name=".gxLimitMax">4,24661,1,0</variable>
		<variable name=".gstrLimitMAX">4,24646,14,8</variable>
		<variable name="gsCurrentFFU_DATA.asFFU_Data[6].wFanSpeed_i14">4,23099,2,3</variable>
		<variable name="gsCurrentFFU_DATA.asFFU_Data[6].xtmpOFF">4,23085,1,0</variable>
		<variable name="gsCurrentFFU_DATA.asFFU_Data[6].xFFU_Error">4,23103,1,0</variable>
		<variable name="gaxCurrentFFU_MSG_VISU[6]">4,23551,1,0</variable>
		<variable name="gsCurrentFFU_DATA.abyFFU_No[6]">4,22924,1,2</variable>
		<variable name="gsCurrentFFU_DATA.asFFU_Data[6].xActive">4,23084,1,0</variable>
		<variable name="gsCurrentFFU_DATA.asFFU_Data[10].wFanSpeed_i14">4,23191,2,3</variable>
		<variable name="gsCurrentFFU_DATA.asFFU_Data[10].xtmpOFF">4,23177,1,0</variable>
		<variable name="gsCurrentFFU_DATA.asFFU_Data[10].xFFU_Error">4,23195,1,0</variable>
		<variable name="gaxCurrentFFU_MSG_VISU[10]">4,23555,1,0</variable>
		<variable name="gsCurrentFFU_DATA.abyFFU_No[10]">4,22928,1,2</variable>
		<variable name="gsCurrentFFU_DATA.asFFU_Data[10].xActive">4,23176,1,0</variable>
		<variable name="gsCurrentFFU_DATA.asFFU_Data[15].wFanSpeed_i14">4,23306,2,3</variable>
		<variable name="gsCurrentFFU_DATA.asFFU_Data[15].xtmpOFF">4,23292,1,0</variable>
		<variable name="gsCurrentFFU_DATA.asFFU_Data[15].xFFU_Error">4,23310,1,0</variable>
		<variable name="gaxCurrentFFU_MSG_VISU[15]">4,23560,1,0</variable>
		<variable name="gsCurrentFFU_DATA.abyFFU_No[15]">4,22933,1,2</variable>
		<variable name="gsCurrentFFU_DATA.asFFU_Data[15].xActive">4,23291,1,0</variable>
		<variable name="gsCurrentFFU_DATA.asFFU_Data[20].wFanSpeed_i14">4,23421,2,3</variable>
		<variable name="gsCurrentFFU_DATA.asFFU_Data[20].xtmpOFF">4,23407,1,0</variable>
		<variable name="gsCurrentFFU_DATA.asFFU_Data[20].xFFU_Error">4,23425,1,0</variable>
		<variable name="gaxCurrentFFU_MSG_VISU[20]">4,23565,1,0</variable>
		<variable name="gsCurrentFFU_DATA.abyFFU_No[20]">4,22938,1,2</variable>
		<variable name="gsCurrentFFU_DATA.asFFU_Data[20].xActive">4,23406,1,0</variable>
		<variable name="gsCurrentFFU_DATA.asFFU_Data[7].wFanSpeed_i14">4,23122,2,3</variable>
		<variable name="gsCurrentFFU_DATA.asFFU_Data[7].xtmpOFF">4,23108,1,0</variable>
		<variable name="gsCurrentFFU_DATA.asFFU_Data[7].xFFU_Error">4,23126,1,0</variable>
		<variable name="gaxCurrentFFU_MSG_VISU[7]">4,23552,1,0</variable>
		<variable name="gsCurrentFFU_DATA.abyFFU_No[7]">4,22925,1,2</variable>
		<variable name="gsCurrentFFU_DATA.asFFU_Data[7].xActive">4,23107,1,0</variable>
		<variable name="gsCurrentFFU_DATA.asFFU_Data[11].wFanSpeed_i14">4,23214,2,3</variable>
		<variable name="gsCurrentFFU_DATA.asFFU_Data[11].xtmpOFF">4,23200,1,0</variable>
		<variable name="gsCurrentFFU_DATA.asFFU_Data[11].xFFU_Error">4,23218,1,0</variable>
		<variable name="gaxCurrentFFU_MSG_VISU[11]">4,23556,1,0</variable>
		<variable name="gsCurrentFFU_DATA.abyFFU_No[11]">4,22929,1,2</variable>
		<variable name="gsCurrentFFU_DATA.asFFU_Data[11].xActive">4,23199,1,0</variable>
		<variable name="gsCurrentFFU_DATA.asFFU_Data[12].wFanSpeed_i14">4,23237,2,3</variable>
		<variable name="gsCurrentFFU_DATA.asFFU_Data[12].xtmpOFF">4,23223,1,0</variable>
		<variable name="gsCurrentFFU_DATA.asFFU_Data[12].xFFU_Error">4,23241,1,0</variable>
		<variable name="gaxCurrentFFU_MSG_VISU[12]">4,23557,1,0</variable>
		<variable name="gsCurrentFFU_DATA.abyFFU_No[12]">4,22930,1,2</variable>
		<variable name="gsCurrentFFU_DATA.asFFU_Data[12].xActive">4,23222,1,0</variable>
		<variable name="gsCurrentFFU_DATA.asFFU_Data[16].wFanSpeed_i14">4,23329,2,3</variable>
		<variable name="gsCurrentFFU_DATA.asFFU_Data[16].xtmpOFF">4,23315,1,0</variable>
		<variable name="gsCurrentFFU_DATA.asFFU_Data[16].xFFU_Error">4,23333,1,0</variable>
		<variable name="gaxCurrentFFU_MSG_VISU[16]">4,23561,1,0</variable>
		<variable name="gsCurrentFFU_DATA.abyFFU_No[16]">4,22934,1,2</variable>
		<variable name="gsCurrentFFU_DATA.asFFU_Data[16].xActive">4,23314,1,0</variable>
		<variable name="gsCurrentFFU_DATA.asFFU_Data[17].wFanSpeed_i14">4,23352,2,3</variable>
		<variable name="gsCurrentFFU_DATA.asFFU_Data[17].xtmpOFF">4,23338,1,0</variable>
		<variable name="gsCurrentFFU_DATA.asFFU_Data[17].xFFU_Error">4,23356,1,0</variable>
		<variable name="gaxCurrentFFU_MSG_VISU[17]">4,23562,1,0</variable>
		<variable name="gsCurrentFFU_DATA.abyFFU_No[17]">4,22935,1,2</variable>
		<variable name="gsCurrentFFU_DATA.asFFU_Data[17].xActive">4,23337,1,0</variable>
		<variable name="gsCurrentFFU_DATA.asFFU_Data[18].wFanSpeed_i14">4,23375,2,3</variable>
		<variable name="gsCurrentFFU_DATA.asFFU_Data[18].xtmpOFF">4,23361,1,0</variable>
		<variable name="gsCurrentFFU_DATA.asFFU_Data[18].xFFU_Error">4,23379,1,0</variable>
		<variable name="gaxCurrentFFU_MSG_VISU[18]">4,23563,1,0</variable>
		<variable name="gsCurrentFFU_DATA.abyFFU_No[18]">4,22936,1,2</variable>
		<variable name="gsCurrentFFU_DATA.asFFU_Data[18].xActive">4,23360,1,0</variable>
		<variable name="gsCurrentFFU_DATA.asFFU_Data[19].wFanSpeed_i14">4,23398,2,3</variable>
		<variable name="gsCurrentFFU_DATA.asFFU_Data[19].xtmpOFF">4,23384,1,0</variable>
		<variable name="gsCurrentFFU_DATA.asFFU_Data[19].xFFU_Error">4,23402,1,0</variable>
		<variable name="gaxCurrentFFU_MSG_VISU[19]">4,23564,1,0</variable>
		<variable name="gsCurrentFFU_DATA.abyFFU_No[19]">4,22937,1,2</variable>
		<variable name="gsCurrentFFU_DATA.asFFU_Data[19].xActive">4,23383,1,0</variable>
		<variable name=".gxRefresh_INFO_GX">4,22865,1,0</variable>
		<variable name="gsCurrentFFU_DATA.asFFU_Data[25].wFanSpeed_i14">4,23536,2,3</variable>
		<variable name="gsCurrentFFU_DATA.asFFU_Data[25].xtmpOFF">4,23522,1,0</variable>
		<variable name="gsCurrentFFU_DATA.asFFU_Data[25].xFFU_Error">4,23540,1,0</variable>
		<variable name="gaxCurrentFFU_MSG_VISU[25]">4,23570,1,0</variable>
		<variable name="gsCurrentFFU_DATA.abyFFU_No[25]">4,22943,1,2</variable>
		<variable name="gsCurrentFFU_DATA.asFFU_Data[25].xActive">4,23521,1,0</variable>
		<variable name="gsCurrentFFU_DATA.asFFU_Data[21].wFanSpeed_i14">4,23444,2,3</variable>
		<variable name="gsCurrentFFU_DATA.asFFU_Data[21].xtmpOFF">4,23430,1,0</variable>
		<variable name="gsCurrentFFU_DATA.asFFU_Data[21].xFFU_Error">4,23448,1,0</variable>
		<variable name="gaxCurrentFFU_MSG_VISU[21]">4,23566,1,0</variable>
		<variable name="gsCurrentFFU_DATA.abyFFU_No[21]">4,22939,1,2</variable>
		<variable name="gsCurrentFFU_DATA.asFFU_Data[21].xActive">4,23429,1,0</variable>
		<variable name="gsCurrentFFU_DATA.asFFU_Data[22].wFanSpeed_i14">4,23467,2,3</variable>
		<variable name="gsCurrentFFU_DATA.asFFU_Data[22].xtmpOFF">4,23453,1,0</variable>
		<variable name="gsCurrentFFU_DATA.asFFU_Data[22].xFFU_Error">4,23471,1,0</variable>
		<variable name="gaxCurrentFFU_MSG_VISU[22]">4,23567,1,0</variable>
		<variable name="gsCurrentFFU_DATA.abyFFU_No[22]">4,22940,1,2</variable>
		<variable name="gsCurrentFFU_DATA.asFFU_Data[23].xActive">4,23475,1,0</variable>
		<variable name=".CurrentUserLevel">4,22654,2,1</variable>
		<variable name=".gxLogOut">4,31296,1,0</variable>
		<variable name=".gxSensorError">4,24663,1,0</variable>
		<variable name=".gbyCtrlMode_AKTIVE">4,22907,1,2</variable>
		<variable name=".gstrValue_AKTIVE">4,22870,14,8</variable>
		<variable name=".gstrSetPoint_AKTIVE">4,22893,14,8</variable>
		<variable name=".giCurrentGroupSetSpeed">4,23544,2,1</variable>
		<variable name=".gxStopByDx">4,22884,1,0</variable>
		<variable name=".gxAntiB_protection">4,22885,1,0</variable>
	</variablelist>
</visualisation>