<?xml version="1.0" encoding="ISO-8859-1"?>

<visualisation>
	<time-stamp>1631702889,1865697323</time-stamp>
	<name>SETUP_BASE</name>
	<symplified-user-input>false</symplified-user-input>
	<keyboard-usage-for-table>true</keyboard-usage-for-table>
	<size>1721,1196</size>
	<usage-type>0</usage-type>
	<use-language-file>false</use-language-file>
	<use-dynamic-text>true</use-dynamic-text>
	<hide-elements>false</hide-elements>
	<language>ENGLISH</language>
	<dynamic-text-file>VIS\SPRACHE\DYNSPR.XML</dynamic-text-file>
	<element type="button">
		<frame-type>anisotropic</frame-type>
		<elem-id>0</elem-id>
		<center>83,1128</center>
		<line-width>0</line-width>
		<has-frame-color>true</has-frame-color>
		<has-inside-color>true</has-inside-color>
		<frame-color>0,0,0</frame-color>
		<frame-color-alarm>0,0,0</frame-color-alarm>
		<fill-color>200,200,200</fill-color>
		<fill-color-alarm>220,220,220</fill-color-alarm>
		<expr-text-color>
			<expr>
				<var>.gwColorTEXTButton</var>
			</expr>
		</expr-text-color>
		<text-align-horz>center</text-align-horz>
		<text-align-vert>center</text-align-vert>
		<font-height>-27</font-height>
		<font-height-point-size>20</font-height-point-size>
		<font-weight>700</font-weight>
		<font-italic>false</font-italic>
		<font-underline>false</font-underline>
		<font-strike-out>false</font-strike-out>
		<font-char-set>0</font-char-set>
		<text-id>764</text-id>
		<font-name><![CDATA[Arial Unicode MS]]></font-name>
		<font-color>0,0,0</font-color>
		<expr-zoom>
			<expr>
				<placeholder>SETUP_Debug</placeholder>
			</expr>
		</expr-zoom>
		<enable-text-input>false</enable-text-input>
		<text-format>debug</text-format>
		<hidden-input>false</hidden-input>
		<rect>15,1105,151,1151</rect>
	</element>
	<element type="button">
		<frame-type>anisotropic</frame-type>
		<elem-id>1</elem-id>
		<center>863,1153</center>
		<line-width>0</line-width>
		<has-frame-color>true</has-frame-color>
		<has-inside-color>true</has-inside-color>
		<frame-color>0,0,0</frame-color>
		<frame-color-alarm>0,0,0</frame-color-alarm>
		<fill-color>200,200,200</fill-color>
		<fill-color-alarm>220,220,220</fill-color-alarm>
		<expr-text-color>
			<expr>
				<var>.gwColorTEXTButton</var>
			</expr>
		</expr-text-color>
		<text-align-horz>center</text-align-horz>
		<text-align-vert>center</text-align-vert>
		<font-height>-27</font-height>
		<font-height-point-size>20</font-height-point-size>
		<font-weight>700</font-weight>
		<font-italic>false</font-italic>
		<font-underline>false</font-underline>
		<font-strike-out>false</font-strike-out>
		<font-char-set>0</font-char-set>
		<text-id>951</text-id>
		<font-name><![CDATA[Arial Unicode MS]]></font-name>
		<font-color>0,0,0</font-color>
		<expr-zoom>
			<expr>
				<placeholder>SETUP_BASE_inclINIT</placeholder>
			</expr>
		</expr-zoom>
		<enable-text-input>false</enable-text-input>
		<text-format><![CDATA[debug| |(BASE| |incl.| |INIT)]]></text-format>
		<hidden-input>false</hidden-input>
		<rect>690,1130,1036,1176</rect>
	</element>
	<element type="bitmap">
		<file-name>vis\bgpic01.jpg</file-name>
		<transparent>false</transparent>
		<show-frame>true</show-frame>
		<clip-frame>true</clip-frame>
		<frame-type>anisotropic</frame-type>
		<elem-id>2</elem-id>
		<center>860,598</center>
		<line-width>0</line-width>
		<has-frame-color>true</has-frame-color>
		<has-inside-color>true</has-inside-color>
		<frame-color>192,192,192</frame-color>
		<frame-color-alarm>255,255,255</frame-color-alarm>
		<fill-color>255,255,255</fill-color>
		<fill-color-alarm>255,255,255</fill-color-alarm>
		<expr-frame-color>
			<expr>
				<var>.gwdColorRAHMEN</var>
			</expr>
		</expr-frame-color>
		<enable-text-input>false</enable-text-input>
		<hidden-input>false</hidden-input>
		<rect>0,0,1721,1196</rect>
	</element>
	<element type="simple">
		<simple-shape>rectangle</simple-shape>
		<elem-id>3</elem-id>
		<center>860,655</center>
		<line-width>0</line-width>
		<has-frame-color>true</has-frame-color>
		<has-inside-color>false</has-inside-color>
		<frame-color>0,0,0</frame-color>
		<frame-color-alarm>0,0,0</frame-color-alarm>
		<fill-color>255,255,255</fill-color>
		<fill-color-alarm>255,255,255</fill-color-alarm>
		<expr-frame-color>
			<expr>
				<var>.gwdColorRAHMEN</var>
			</expr>
		</expr-frame-color>
		<enable-text-input>false</enable-text-input>
		<hidden-input>false</hidden-input>
		<rect>60,225,1661,1086</rect>
	</element>
	<element type="simple">
		<simple-shape>rectangle</simple-shape>
		<elem-id>4</elem-id>
		<center>600,455</center>
		<line-width>3</line-width>
		<has-frame-color>true</has-frame-color>
		<has-inside-color>false</has-inside-color>
		<frame-color>192,192,192</frame-color>
		<frame-color-alarm>0,0,0</frame-color-alarm>
		<fill-color>255,255,255</fill-color>
		<fill-color-alarm>255,255,255</fill-color-alarm>
		<expr-text-color>
			<expr>
				<var>.gwColorANZEIGETEXT</var>
			</expr>
		</expr-text-color>
		<expr-frame-color>
			<expr>
				<var>.gwdColorRAHMEN</var>
			</expr>
		</expr-frame-color>
		<enable-text-input>false</enable-text-input>
		<hidden-input>false</hidden-input>
		<rect>110,260,1091,651</rect>
	</element>
	<element type="simple">
		<simple-shape>rectangle</simple-shape>
		<elem-id>5</elem-id>
		<center>1560,78</center>
		<line-width>0</line-width>
		<has-frame-color>true</has-frame-color>
		<has-inside-color>false</has-inside-color>
		<frame-color>192,192,192</frame-color>
		<frame-color-alarm>0,0,0</frame-color-alarm>
		<fill-color>255,255,255</fill-color>
		<fill-color-alarm>255,255,255</fill-color-alarm>
		<expr-text-color>
			<expr>
				<var>.gwColorANZEIGETEXT</var>
			</expr>
		</expr-text-color>
		<expr-frame-color>
			<expr>
				<var>.gwdColorRAHMEN</var>
			</expr>
		</expr-frame-color>
		<text-align-horz>center</text-align-horz>
		<text-align-vert>center</text-align-vert>
		<font-height>-27</font-height>
		<font-height-point-size>20</font-height-point-size>
		<font-weight>700</font-weight>
		<font-italic>false</font-italic>
		<font-underline>false</font-underline>
		<font-strike-out>false</font-strike-out>
		<font-char-set>0</font-char-set>
		<text-id>164</text-id>
		<font-name><![CDATA[Arial Unicode MS]]></font-name>
		<font-color>0,0,0</font-color>
		<enable-text-input>false</enable-text-input>
		<text-display>
			<expr>
				<var>.gstrActualTime</var>
			</expr>
		</text-display>
		<text-format>%s</text-format>
		<hidden-input>false</hidden-input>
		<rect>1460,55,1661,101</rect>
	</element>
	<element type="simple">
		<simple-shape>rectangle</simple-shape>
		<elem-id>6</elem-id>
		<center>1560,138</center>
		<line-width>0</line-width>
		<has-frame-color>true</has-frame-color>
		<has-inside-color>false</has-inside-color>
		<frame-color>192,192,192</frame-color>
		<frame-color-alarm>0,0,0</frame-color-alarm>
		<fill-color>255,255,255</fill-color>
		<fill-color-alarm>255,255,255</fill-color-alarm>
		<expr-text-color>
			<expr>
				<var>.gwColorANZEIGETEXT</var>
			</expr>
		</expr-text-color>
		<expr-frame-color>
			<expr>
				<var>.gwdColorRAHMEN</var>
			</expr>
		</expr-frame-color>
		<text-align-horz>center</text-align-horz>
		<text-align-vert>center</text-align-vert>
		<font-height>-27</font-height>
		<font-height-point-size>20</font-height-point-size>
		<font-weight>700</font-weight>
		<font-italic>false</font-italic>
		<font-underline>false</font-underline>
		<font-strike-out>false</font-strike-out>
		<font-char-set>0</font-char-set>
		<text-id>165</text-id>
		<font-name><![CDATA[Arial Unicode MS]]></font-name>
		<font-color>0,0,0</font-color>
		<enable-text-input>false</enable-text-input>
		<text-display>
			<expr>
				<var>.gstrActualDate</var>
			</expr>
		</text-display>
		<text-format>%s</text-format>
		<hidden-input>false</hidden-input>
		<rect>1460,115,1661,161</rect>
	</element>
	<element type="button">
		<frame-type>anisotropic</frame-type>
		<elem-id>7</elem-id>
		<center>130,100</center>
		<line-width>0</line-width>
		<has-frame-color>true</has-frame-color>
		<has-inside-color>true</has-inside-color>
		<frame-color>0,0,0</frame-color>
		<frame-color-alarm>0,0,0</frame-color-alarm>
		<fill-color>200,200,200</fill-color>
		<fill-color-alarm>220,220,220</fill-color-alarm>
		<expr-text-color>
			<expr>
				<var>.gwColorTEXTButton</var>
			</expr>
		</expr-text-color>
		<text-align-horz>center</text-align-horz>
		<text-align-vert>center</text-align-vert>
		<font-height>-27</font-height>
		<font-height-point-size>20</font-height-point-size>
		<font-weight>700</font-weight>
		<font-italic>false</font-italic>
		<font-underline>false</font-underline>
		<font-strike-out>false</font-strike-out>
		<font-char-set>0</font-char-set>
		<text-id>212</text-id>
		<font-name><![CDATA[Arial Unicode MS]]></font-name>
		<font-color>0,0,0</font-color>
		<expr-zoom>
			<expr>
				<placeholder>SETUP</placeholder>
			</expr>
		</expr-zoom>
		<enable-text-input>false</enable-text-input>
		<input-action-list>
			<expr-assign>
				<lvalue>
					<expr>
						<var>.gbySetupActive</var>
					</expr>
				</lvalue>
				<rvalue>
					<expr>
						<const>0</const>
					</expr>
				</rvalue>
			</expr-assign>
		</input-action-list>
		<text-display>
			<expr>
				<const>1</const>
			</expr>
		</text-display>
		<text-format><![CDATA[%|<|RETURN01|>|]]></text-format>
		<hidden-input>false</hidden-input>
		<rect>55,55,206,146</rect>
	</element>
	<element type="simple">
		<simple-shape>rectangle</simple-shape>
		<elem-id>8</elem-id>
		<center>823,105</center>
		<line-width>0</line-width>
		<has-frame-color>true</has-frame-color>
		<has-inside-color>false</has-inside-color>
		<frame-color>192,192,192</frame-color>
		<frame-color-alarm>0,0,0</frame-color-alarm>
		<fill-color>255,255,255</fill-color>
		<fill-color-alarm>255,255,255</fill-color-alarm>
		<expr-text-color>
			<expr>
				<var>.gwColorANZEIGETEXT</var>
			</expr>
		</expr-text-color>
		<expr-frame-color>
			<expr>
				<var>.gwdColorRAHMEN</var>
			</expr>
		</expr-frame-color>
		<enable-text-input>false</enable-text-input>
		<text-display>
			<expr>
				<const>1</const>
			</expr>
		</text-display>
		<hidden-input>false</hidden-input>
		<rect>480,55,1166,156</rect>
	</element>
	<element type="simple">
		<simple-shape>rectangle</simple-shape>
		<elem-id>9</elem-id>
		<center>823,130</center>
		<line-width>0</line-width>
		<has-frame-color>false</has-frame-color>
		<has-inside-color>false</has-inside-color>
		<frame-color>192,192,192</frame-color>
		<frame-color-alarm>0,0,0</frame-color-alarm>
		<fill-color>255,255,255</fill-color>
		<fill-color-alarm>255,255,255</fill-color-alarm>
		<expr-text-color>
			<expr>
				<var>.gwColorANZEIGETEXT</var>
			</expr>
		</expr-text-color>
		<expr-frame-color>
			<expr>
				<var>.gwdColorRAHMEN</var>
			</expr>
		</expr-frame-color>
		<text-align-horz>center</text-align-horz>
		<text-align-vert>center</text-align-vert>
		<font-height>-35</font-height>
		<font-height-point-size>26</font-height-point-size>
		<font-weight>700</font-weight>
		<font-italic>false</font-italic>
		<font-underline>false</font-underline>
		<font-strike-out>false</font-strike-out>
		<font-char-set>0</font-char-set>
		<text-id>288</text-id>
		<font-name><![CDATA[Arial Unicode MS]]></font-name>
		<font-color>0,0,0</font-color>
		<enable-text-input>false</enable-text-input>
		<text-display>
			<expr>
				<const>1</const>
			</expr>
		</text-display>
		<text-format><![CDATA[%|<|SETUP02|>|]]></text-format>
		<hidden-input>false</hidden-input>
		<rect>480,105,1166,156</rect>
	</element>
	<element type="simple">
		<simple-shape>rectangle</simple-shape>
		<elem-id>10</elem-id>
		<center>305,513</center>
		<line-width>0</line-width>
		<has-frame-color>true</has-frame-color>
		<has-inside-color>false</has-inside-color>
		<frame-color>192,192,192</frame-color>
		<frame-color-alarm>0,0,0</frame-color-alarm>
		<fill-color>255,255,255</fill-color>
		<fill-color-alarm>255,255,255</fill-color-alarm>
		<expr-text-color>
			<expr>
				<var>.gwColorANZEIGETEXT</var>
			</expr>
		</expr-text-color>
		<expr-frame-color>
			<expr>
				<var>.gwdColorRAHMEN</var>
			</expr>
		</expr-frame-color>
		<text-align-horz>center</text-align-horz>
		<text-align-vert>center</text-align-vert>
		<font-height>-27</font-height>
		<font-height-point-size>20</font-height-point-size>
		<font-weight>700</font-weight>
		<font-italic>false</font-italic>
		<font-underline>false</font-underline>
		<font-strike-out>false</font-strike-out>
		<font-char-set>0</font-char-set>
		<text-id>414</text-id>
		<font-name><![CDATA[Arial Unicode MS]]></font-name>
		<font-color>0,0,0</font-color>
		<enable-text-input>false</enable-text-input>
		<text-display>
			<expr>
				<var>.gwSlaveDetectCount1D</var>
			</expr>
		</text-display>
		<text-format>%s</text-format>
		<hidden-input>false</hidden-input>
		<rect>240,490,371,536</rect>
	</element>
	<element type="simple">
		<simple-shape>rectangle</simple-shape>
		<elem-id>11</elem-id>
		<center>450,468</center>
		<line-width>0</line-width>
		<has-frame-color>true</has-frame-color>
		<has-inside-color>false</has-inside-color>
		<frame-color>192,192,192</frame-color>
		<frame-color-alarm>0,0,0</frame-color-alarm>
		<fill-color>255,255,255</fill-color>
		<fill-color-alarm>255,255,255</fill-color-alarm>
		<expr-text-color>
			<expr>
				<var>.gwColorANZEIGETEXT</var>
			</expr>
		</expr-text-color>
		<expr-frame-color>
			<expr>
				<var>.gwdColorRAHMEN</var>
			</expr>
		</expr-frame-color>
		<text-align-horz>center</text-align-horz>
		<text-align-vert>center</text-align-vert>
		<font-height>-27</font-height>
		<font-height-point-size>20</font-height-point-size>
		<font-weight>700</font-weight>
		<font-italic>false</font-italic>
		<font-underline>false</font-underline>
		<font-strike-out>false</font-strike-out>
		<font-char-set>0</font-char-set>
		<text-id>415</text-id>
		<font-name><![CDATA[Arial Unicode MS]]></font-name>
		<font-color>0,0,0</font-color>
		<enable-text-input>false</enable-text-input>
		<text-display>
			<expr>
				<const>1</const>
			</expr>
		</text-display>
		<text-format><![CDATA[%|<|MB_ADR02|>|]]></text-format>
		<hidden-input>false</hidden-input>
		<rect>385,445,516,491</rect>
	</element>
	<element type="simple">
		<simple-shape>rectangle</simple-shape>
		<elem-id>12</elem-id>
		<center>145,455</center>
		<line-width>0</line-width>
		<has-frame-color>true</has-frame-color>
		<has-inside-color>false</has-inside-color>
		<frame-color>192,192,192</frame-color>
		<frame-color-alarm>0,0,0</frame-color-alarm>
		<fill-color>255,255,255</fill-color>
		<fill-color-alarm>255,255,255</fill-color-alarm>
		<expr-text-color>
			<expr>
				<var>.gwColorANZEIGETEXT</var>
			</expr>
		</expr-text-color>
		<expr-frame-color>
			<expr>
				<var>.gwdColorRAHMEN</var>
			</expr>
		</expr-frame-color>
		<text-align-horz>center</text-align-horz>
		<text-align-vert>center</text-align-vert>
		<font-height>-27</font-height>
		<font-height-point-size>20</font-height-point-size>
		<font-weight>700</font-weight>
		<font-italic>false</font-italic>
		<font-underline>false</font-underline>
		<font-strike-out>false</font-strike-out>
		<font-char-set>0</font-char-set>
		<text-id>484</text-id>
		<font-name><![CDATA[Arial Unicode MS]]></font-name>
		<font-color>0,0,0</font-color>
		<enable-text-input>false</enable-text-input>
		<text-format>1D</text-format>
		<hidden-input>false</hidden-input>
		<rect>110,260,181,651</rect>
	</element>
	<element type="button">
		<frame-type>anisotropic</frame-type>
		<elem-id>13</elem-id>
		<center>193,1148</center>
		<line-width>0</line-width>
		<has-frame-color>true</has-frame-color>
		<has-inside-color>true</has-inside-color>
		<frame-color>0,0,0</frame-color>
		<frame-color-alarm>0,0,0</frame-color-alarm>
		<fill-color>200,200,200</fill-color>
		<fill-color-alarm>220,220,220</fill-color-alarm>
		<expr-text-color>
			<expr>
				<var>.gwColorTEXTButton</var>
			</expr>
		</expr-text-color>
		<text-align-horz>center</text-align-horz>
		<text-align-vert>center</text-align-vert>
		<font-height>-27</font-height>
		<font-height-point-size>20</font-height-point-size>
		<font-weight>700</font-weight>
		<font-italic>false</font-italic>
		<font-underline>false</font-underline>
		<font-strike-out>false</font-strike-out>
		<font-char-set>0</font-char-set>
		<text-id>761</text-id>
		<font-name><![CDATA[Arial Unicode MS]]></font-name>
		<font-color>0,0,0</font-color>
		<enable-text-input>false</enable-text-input>
		<input-action-list>
			<execute><![CDATA[INTERN CHANGEUSERLEVEL]]></execute>
		</input-action-list>
		<text-display>
			<expr>
				<var>.CurrentUserLevel</var>
			</expr>
		</text-display>
		<text-format><![CDATA[User| |Level| |%s]]></text-format>
		<hidden-input>false</hidden-input>
		<rect>60,1125,326,1171</rect>
	</element>
	<element type="button">
		<frame-type>anisotropic</frame-type>
		<elem-id>14</elem-id>
		<center>453,1148</center>
		<line-width>0</line-width>
		<has-frame-color>true</has-frame-color>
		<has-inside-color>true</has-inside-color>
		<frame-color>0,0,0</frame-color>
		<frame-color-alarm>0,0,0</frame-color-alarm>
		<fill-color>200,200,200</fill-color>
		<fill-color-alarm>220,220,220</fill-color-alarm>
		<expr-text-color>
			<expr>
				<var>.gwColorTEXTButton</var>
			</expr>
		</expr-text-color>
		<text-align-horz>center</text-align-horz>
		<text-align-vert>center</text-align-vert>
		<font-height>-27</font-height>
		<font-height-point-size>20</font-height-point-size>
		<font-weight>700</font-weight>
		<font-italic>false</font-italic>
		<font-underline>false</font-underline>
		<font-strike-out>false</font-strike-out>
		<font-char-set>0</font-char-set>
		<text-id>762</text-id>
		<font-name><![CDATA[Arial Unicode MS]]></font-name>
		<font-color>0,0,0</font-color>
		<enable-text-input>false</enable-text-input>
		<input-action-list>
			<expr-assign>
				<lvalue>
					<expr>
						<var>.gxLogOut</var>
					</expr>
				</lvalue>
				<rvalue>
					<expr>
						<const>TRUE</const>
					</expr>
				</rvalue>
			</expr-assign>
		</input-action-list>
		<text-format><![CDATA[log| |out]]></text-format>
		<hidden-input>false</hidden-input>
		<rect>385,1125,521,1171</rect>
	</element>
	<element type="button">
		<frame-type>anisotropic</frame-type>
		<elem-id>15</elem-id>
		<center>1515,660</center>
		<line-width>0</line-width>
		<has-frame-color>true</has-frame-color>
		<has-inside-color>true</has-inside-color>
		<frame-color>0,0,0</frame-color>
		<frame-color-alarm>0,0,0</frame-color-alarm>
		<fill-color>200,200,200</fill-color>
		<fill-color-alarm>220,220,220</fill-color-alarm>
		<expr-text-color>
			<expr>
				<var>.gwColorTEXTButton</var>
			</expr>
		</expr-text-color>
		<text-align-horz>center</text-align-horz>
		<text-align-vert>center</text-align-vert>
		<font-height>-27</font-height>
		<font-height-point-size>20</font-height-point-size>
		<font-weight>700</font-weight>
		<font-italic>false</font-italic>
		<font-underline>false</font-underline>
		<font-strike-out>false</font-strike-out>
		<font-char-set>0</font-char-set>
		<text-id>763</text-id>
		<font-name><![CDATA[Arial Unicode MS]]></font-name>
		<font-color>0,0,0</font-color>
		<expr-zoom>
			<expr>
				<placeholder>SETUP_BASE_2</placeholder>
			</expr>
		</expr-zoom>
		<enable-text-input>false</enable-text-input>
		<text-display>
			<expr>
				<const>1</const>
			</expr>
		</text-display>
		<text-format><![CDATA[%|<|GROUP02|>|]]></text-format>
		<hidden-input>false</hidden-input>
		<rect>1415,610,1616,711</rect>
	</element>
	<element type="simple">
		<simple-shape>rectangle</simple-shape>
		<elem-id>16</elem-id>
		<center>708,80</center>
		<line-width>0</line-width>
		<has-frame-color>false</has-frame-color>
		<has-inside-color>false</has-inside-color>
		<frame-color>192,192,192</frame-color>
		<frame-color-alarm>0,0,0</frame-color-alarm>
		<fill-color>255,255,255</fill-color>
		<fill-color-alarm>255,255,255</fill-color-alarm>
		<expr-text-color>
			<expr>
				<var>.gwColorANZEIGETEXT</var>
			</expr>
		</expr-text-color>
		<expr-frame-color>
			<expr>
				<var>.gwdColorRAHMEN</var>
			</expr>
		</expr-frame-color>
		<text-align-horz>center</text-align-horz>
		<text-align-vert>center</text-align-vert>
		<font-height>-35</font-height>
		<font-height-point-size>26</font-height-point-size>
		<font-weight>700</font-weight>
		<font-italic>false</font-italic>
		<font-underline>false</font-underline>
		<font-strike-out>false</font-strike-out>
		<font-char-set>0</font-char-set>
		<text-id>829</text-id>
		<font-name><![CDATA[Arial Unicode MS]]></font-name>
		<font-color>0,0,0</font-color>
		<enable-text-input>false</enable-text-input>
		<text-display>
			<expr>
				<var>.sHW_Layout_WORK.strAnlageName</var>
			</expr>
		</text-display>
		<text-format>%s</text-format>
		<hidden-input>false</hidden-input>
		<rect>480,55,936,106</rect>
	</element>
	<element type="simple">
		<simple-shape>rectangle</simple-shape>
		<elem-id>17</elem-id>
		<center>1050,80</center>
		<line-width>0</line-width>
		<has-frame-color>false</has-frame-color>
		<has-inside-color>false</has-inside-color>
		<frame-color>192,192,192</frame-color>
		<frame-color-alarm>0,0,0</frame-color-alarm>
		<fill-color>255,255,255</fill-color>
		<fill-color-alarm>255,255,255</fill-color-alarm>
		<expr-text-color>
			<expr>
				<var>.gwColorANZEIGETEXT</var>
			</expr>
		</expr-text-color>
		<expr-frame-color>
			<expr>
				<var>.gwdColorRAHMEN</var>
			</expr>
		</expr-frame-color>
		<text-align-horz>left</text-align-horz>
		<text-align-vert>center</text-align-vert>
		<font-height>-35</font-height>
		<font-height-point-size>26</font-height-point-size>
		<font-weight>700</font-weight>
		<font-italic>false</font-italic>
		<font-underline>false</font-underline>
		<font-strike-out>false</font-strike-out>
		<font-char-set>0</font-char-set>
		<text-id>830</text-id>
		<font-name><![CDATA[Arial Unicode MS]]></font-name>
		<font-color>0,0,0</font-color>
		<enable-text-input>false</enable-text-input>
		<text-display>
			<expr>
				<var>.sHW_Layout_WORK.strAnlageNr</var>
			</expr>
		</text-display>
		<text-format><![CDATA[| |%s]]></text-format>
		<hidden-input>false</hidden-input>
		<rect>935,55,1166,106</rect>
	</element>
	<element type="button">
		<frame-type>anisotropic</frame-type>
		<elem-id>18</elem-id>
		<center>160,203</center>
		<line-width>0</line-width>
		<has-frame-color>true</has-frame-color>
		<has-inside-color>true</has-inside-color>
		<frame-color>0,0,0</frame-color>
		<frame-color-alarm>0,0,0</frame-color-alarm>
		<fill-color>200,200,200</fill-color>
		<fill-color-alarm>220,220,220</fill-color-alarm>
		<expr-text-color>
			<expr>
				<var>.gwColorTEXTButton</var>
			</expr>
		</expr-text-color>
		<text-align-horz>center</text-align-horz>
		<text-align-vert>center</text-align-vert>
		<font-height>-27</font-height>
		<font-height-point-size>20</font-height-point-size>
		<font-weight>700</font-weight>
		<font-italic>false</font-italic>
		<font-underline>false</font-underline>
		<font-strike-out>false</font-strike-out>
		<font-char-set>0</font-char-set>
		<text-id>832</text-id>
		<font-name><![CDATA[Arial Unicode MS]]></font-name>
		<font-color>0,0,0</font-color>
		<expr-toggle-var>
			<expr>
				<var>gaxSetupPage[7]</var>
			</expr>
		</expr-toggle-var>
		<expr-zoom>
			<expr>
				<placeholder>SETUP_7</placeholder>
			</expr>
		</expr-zoom>
		<enable-text-input>false</enable-text-input>
		<input-action-list>
			<expr-assign>
				<lvalue>
					<expr>
						<var>.gbySetupActive</var>
					</expr>
				</lvalue>
				<rvalue>
					<expr>
						<const>7</const>
					</expr>
				</rvalue>
			</expr-assign>
			<expr-assign>
				<lvalue>
					<expr>
						<var>.gxLoadActiveData</var>
					</expr>
				</lvalue>
				<rvalue>
					<expr>
						<const>TRUE</const>
					</expr>
				</rvalue>
			</expr-assign>
		</input-action-list>
		<text-display>
			<expr>
				<const>1</const>
			</expr>
		</text-display>
		<text-format><![CDATA[%|<|SETUP04|>|]]></text-format>
		<hidden-input>false</hidden-input>
		<rect>60,180,261,226</rect>
	</element>
	<element type="button">
		<frame-type>anisotropic</frame-type>
		<elem-id>19</elem-id>
		<center>360,203</center>
		<line-width>0</line-width>
		<has-frame-color>true</has-frame-color>
		<has-inside-color>true</has-inside-color>
		<frame-color>0,0,0</frame-color>
		<frame-color-alarm>0,0,0</frame-color-alarm>
		<fill-color>200,200,200</fill-color>
		<fill-color-alarm>220,220,220</fill-color-alarm>
		<expr-text-color>
			<expr>
				<var>.gwColorTEXTButton</var>
			</expr>
		</expr-text-color>
		<text-align-horz>center</text-align-horz>
		<text-align-vert>center</text-align-vert>
		<font-height>-27</font-height>
		<font-height-point-size>20</font-height-point-size>
		<font-weight>700</font-weight>
		<font-italic>false</font-italic>
		<font-underline>false</font-underline>
		<font-strike-out>false</font-strike-out>
		<font-char-set>0</font-char-set>
		<text-id>833</text-id>
		<font-name><![CDATA[Arial Unicode MS]]></font-name>
		<font-color>0,0,0</font-color>
		<expr-toggle-var>
			<expr>
				<var>gaxSetupPage[1]</var>
			</expr>
		</expr-toggle-var>
		<expr-zoom>
			<expr>
				<placeholder>SETUP_1</placeholder>
			</expr>
		</expr-zoom>
		<enable-text-input>false</enable-text-input>
		<input-action-list>
			<expr-assign>
				<lvalue>
					<expr>
						<var>.xRefresh_01</var>
					</expr>
				</lvalue>
				<rvalue>
					<expr>
						<const>TRUE</const>
					</expr>
				</rvalue>
			</expr-assign>
			<expr-assign>
				<lvalue>
					<expr>
						<var>.gbySetupActive</var>
					</expr>
				</lvalue>
				<rvalue>
					<expr>
						<const>1</const>
					</expr>
				</rvalue>
			</expr-assign>
			<expr-assign>
				<lvalue>
					<expr>
						<var>.gxLoadActiveData</var>
					</expr>
				</lvalue>
				<rvalue>
					<expr>
						<const>TRUE</const>
					</expr>
				</rvalue>
			</expr-assign>
		</input-action-list>
		<text-display>
			<expr>
				<const>1</const>
			</expr>
		</text-display>
		<text-format><![CDATA[%|<|GROUP01|>|| |1]]></text-format>
		<hidden-input>false</hidden-input>
		<rect>260,180,461,226</rect>
	</element>
	<element type="button">
		<frame-type>anisotropic</frame-type>
		<elem-id>20</elem-id>
		<center>560,203</center>
		<line-width>0</line-width>
		<has-frame-color>true</has-frame-color>
		<has-inside-color>true</has-inside-color>
		<frame-color>0,0,0</frame-color>
		<frame-color-alarm>0,0,0</frame-color-alarm>
		<fill-color>200,200,200</fill-color>
		<fill-color-alarm>220,220,220</fill-color-alarm>
		<expr-text-color>
			<expr>
				<var>.gwColorTEXTButton</var>
			</expr>
		</expr-text-color>
		<text-align-horz>center</text-align-horz>
		<text-align-vert>center</text-align-vert>
		<font-height>-27</font-height>
		<font-height-point-size>20</font-height-point-size>
		<font-weight>700</font-weight>
		<font-italic>false</font-italic>
		<font-underline>false</font-underline>
		<font-strike-out>false</font-strike-out>
		<font-char-set>0</font-char-set>
		<text-id>834</text-id>
		<font-name><![CDATA[Arial Unicode MS]]></font-name>
		<font-color>0,0,0</font-color>
		<expr-toggle-var>
			<expr>
				<var>gaxSetupPage[2]</var>
			</expr>
		</expr-toggle-var>
		<expr-zoom>
			<expr>
				<placeholder>SETUP_1</placeholder>
			</expr>
		</expr-zoom>
		<enable-text-input>false</enable-text-input>
		<input-action-list>
			<expr-assign>
				<lvalue>
					<expr>
						<var>.xRefresh_01</var>
					</expr>
				</lvalue>
				<rvalue>
					<expr>
						<const>TRUE</const>
					</expr>
				</rvalue>
			</expr-assign>
			<expr-assign>
				<lvalue>
					<expr>
						<var>.gbySetupActive</var>
					</expr>
				</lvalue>
				<rvalue>
					<expr>
						<const>2</const>
					</expr>
				</rvalue>
			</expr-assign>
			<expr-assign>
				<lvalue>
					<expr>
						<var>.gxLoadActiveData</var>
					</expr>
				</lvalue>
				<rvalue>
					<expr>
						<const>TRUE</const>
					</expr>
				</rvalue>
			</expr-assign>
		</input-action-list>
		<text-display>
			<expr>
				<const>1</const>
			</expr>
		</text-display>
		<text-format><![CDATA[%|<|GROUP01|>|| |2]]></text-format>
		<hidden-input>false</hidden-input>
		<rect>460,180,661,226</rect>
	</element>
	<element type="button">
		<frame-type>anisotropic</frame-type>
		<elem-id>21</elem-id>
		<center>760,203</center>
		<line-width>0</line-width>
		<has-frame-color>true</has-frame-color>
		<has-inside-color>true</has-inside-color>
		<frame-color>0,0,0</frame-color>
		<frame-color-alarm>0,0,0</frame-color-alarm>
		<fill-color>200,200,200</fill-color>
		<fill-color-alarm>220,220,220</fill-color-alarm>
		<expr-text-color>
			<expr>
				<var>.gwColorTEXTButton</var>
			</expr>
		</expr-text-color>
		<text-align-horz>center</text-align-horz>
		<text-align-vert>center</text-align-vert>
		<font-height>-27</font-height>
		<font-height-point-size>20</font-height-point-size>
		<font-weight>700</font-weight>
		<font-italic>false</font-italic>
		<font-underline>false</font-underline>
		<font-strike-out>false</font-strike-out>
		<font-char-set>0</font-char-set>
		<text-id>835</text-id>
		<font-name><![CDATA[Arial Unicode MS]]></font-name>
		<font-color>0,0,0</font-color>
		<expr-toggle-var>
			<expr>
				<var>gaxSetupPage[3]</var>
			</expr>
		</expr-toggle-var>
		<expr-zoom>
			<expr>
				<placeholder>SETUP_1</placeholder>
			</expr>
		</expr-zoom>
		<enable-text-input>false</enable-text-input>
		<input-action-list>
			<expr-assign>
				<lvalue>
					<expr>
						<var>.xRefresh_01</var>
					</expr>
				</lvalue>
				<rvalue>
					<expr>
						<const>TRUE</const>
					</expr>
				</rvalue>
			</expr-assign>
			<expr-assign>
				<lvalue>
					<expr>
						<var>.gbySetupActive</var>
					</expr>
				</lvalue>
				<rvalue>
					<expr>
						<const>3</const>
					</expr>
				</rvalue>
			</expr-assign>
			<expr-assign>
				<lvalue>
					<expr>
						<var>.gxLoadActiveData</var>
					</expr>
				</lvalue>
				<rvalue>
					<expr>
						<const>TRUE</const>
					</expr>
				</rvalue>
			</expr-assign>
		</input-action-list>
		<text-display>
			<expr>
				<const>1</const>
			</expr>
		</text-display>
		<text-format><![CDATA[%|<|GROUP01|>|| |3]]></text-format>
		<hidden-input>false</hidden-input>
		<rect>660,180,861,226</rect>
	</element>
	<element type="button">
		<frame-type>anisotropic</frame-type>
		<elem-id>22</elem-id>
		<center>960,203</center>
		<line-width>0</line-width>
		<has-frame-color>true</has-frame-color>
		<has-inside-color>true</has-inside-color>
		<frame-color>0,0,0</frame-color>
		<frame-color-alarm>0,0,0</frame-color-alarm>
		<fill-color>200,200,200</fill-color>
		<fill-color-alarm>220,220,220</fill-color-alarm>
		<expr-text-color>
			<expr>
				<var>.gwColorTEXTButton</var>
			</expr>
		</expr-text-color>
		<text-align-horz>center</text-align-horz>
		<text-align-vert>center</text-align-vert>
		<font-height>-27</font-height>
		<font-height-point-size>20</font-height-point-size>
		<font-weight>700</font-weight>
		<font-italic>false</font-italic>
		<font-underline>false</font-underline>
		<font-strike-out>false</font-strike-out>
		<font-char-set>0</font-char-set>
		<text-id>836</text-id>
		<font-name><![CDATA[Arial Unicode MS]]></font-name>
		<font-color>0,0,0</font-color>
		<expr-toggle-var>
			<expr>
				<var>gaxSetupPage[4]</var>
			</expr>
		</expr-toggle-var>
		<expr-zoom>
			<expr>
				<placeholder>SETUP_1</placeholder>
			</expr>
		</expr-zoom>
		<enable-text-input>false</enable-text-input>
		<input-action-list>
			<expr-assign>
				<lvalue>
					<expr>
						<var>.xRefresh_01</var>
					</expr>
				</lvalue>
				<rvalue>
					<expr>
						<const>TRUE</const>
					</expr>
				</rvalue>
			</expr-assign>
			<expr-assign>
				<lvalue>
					<expr>
						<var>.gbySetupActive</var>
					</expr>
				</lvalue>
				<rvalue>
					<expr>
						<const>4</const>
					</expr>
				</rvalue>
			</expr-assign>
			<expr-assign>
				<lvalue>
					<expr>
						<var>.gxLoadActiveData</var>
					</expr>
				</lvalue>
				<rvalue>
					<expr>
						<const>TRUE</const>
					</expr>
				</rvalue>
			</expr-assign>
		</input-action-list>
		<text-display>
			<expr>
				<const>1</const>
			</expr>
		</text-display>
		<text-format><![CDATA[%|<|GROUP01|>|| |4]]></text-format>
		<hidden-input>false</hidden-input>
		<rect>860,180,1061,226</rect>
	</element>
	<element type="button">
		<frame-type>anisotropic</frame-type>
		<elem-id>23</elem-id>
		<center>1160,203</center>
		<line-width>0</line-width>
		<has-frame-color>true</has-frame-color>
		<has-inside-color>true</has-inside-color>
		<frame-color>0,0,0</frame-color>
		<frame-color-alarm>0,0,0</frame-color-alarm>
		<fill-color>200,200,200</fill-color>
		<fill-color-alarm>220,220,220</fill-color-alarm>
		<expr-text-color>
			<expr>
				<var>.gwColorTEXTButton</var>
			</expr>
		</expr-text-color>
		<text-align-horz>center</text-align-horz>
		<text-align-vert>center</text-align-vert>
		<font-height>-27</font-height>
		<font-height-point-size>20</font-height-point-size>
		<font-weight>700</font-weight>
		<font-italic>false</font-italic>
		<font-underline>false</font-underline>
		<font-strike-out>false</font-strike-out>
		<font-char-set>0</font-char-set>
		<text-id>837</text-id>
		<font-name><![CDATA[Arial Unicode MS]]></font-name>
		<font-color>0,0,0</font-color>
		<expr-toggle-var>
			<expr>
				<var>gaxSetupPage[5]</var>
			</expr>
		</expr-toggle-var>
		<expr-zoom>
			<expr>
				<placeholder>SETUP_1</placeholder>
			</expr>
		</expr-zoom>
		<enable-text-input>false</enable-text-input>
		<input-action-list>
			<expr-assign>
				<lvalue>
					<expr>
						<var>.xRefresh_01</var>
					</expr>
				</lvalue>
				<rvalue>
					<expr>
						<const>TRUE</const>
					</expr>
				</rvalue>
			</expr-assign>
			<expr-assign>
				<lvalue>
					<expr>
						<var>.gbySetupActive</var>
					</expr>
				</lvalue>
				<rvalue>
					<expr>
						<const>5</const>
					</expr>
				</rvalue>
			</expr-assign>
			<expr-assign>
				<lvalue>
					<expr>
						<var>.gxLoadActiveData</var>
					</expr>
				</lvalue>
				<rvalue>
					<expr>
						<const>TRUE</const>
					</expr>
				</rvalue>
			</expr-assign>
		</input-action-list>
		<text-display>
			<expr>
				<const>1</const>
			</expr>
		</text-display>
		<text-format><![CDATA[%|<|GROUP01|>|| |5]]></text-format>
		<hidden-input>false</hidden-input>
		<rect>1060,180,1261,226</rect>
	</element>
	<element type="button">
		<frame-type>anisotropic</frame-type>
		<elem-id>24</elem-id>
		<center>1360,203</center>
		<line-width>0</line-width>
		<has-frame-color>true</has-frame-color>
		<has-inside-color>true</has-inside-color>
		<frame-color>0,0,0</frame-color>
		<frame-color-alarm>0,0,0</frame-color-alarm>
		<fill-color>200,200,200</fill-color>
		<fill-color-alarm>220,220,220</fill-color-alarm>
		<expr-text-color>
			<expr>
				<var>.gwColorTEXTButton</var>
			</expr>
		</expr-text-color>
		<text-align-horz>center</text-align-horz>
		<text-align-vert>center</text-align-vert>
		<font-height>-27</font-height>
		<font-height-point-size>20</font-height-point-size>
		<font-weight>700</font-weight>
		<font-italic>false</font-italic>
		<font-underline>false</font-underline>
		<font-strike-out>false</font-strike-out>
		<font-char-set>0</font-char-set>
		<text-id>838</text-id>
		<font-name><![CDATA[Arial Unicode MS]]></font-name>
		<font-color>0,0,0</font-color>
		<expr-toggle-var>
			<expr>
				<var>gaxSetupPage[6]</var>
			</expr>
		</expr-toggle-var>
		<expr-zoom>
			<expr>
				<placeholder>SETUP_1</placeholder>
			</expr>
		</expr-zoom>
		<enable-text-input>false</enable-text-input>
		<input-action-list>
			<expr-assign>
				<lvalue>
					<expr>
						<var>.xRefresh_01</var>
					</expr>
				</lvalue>
				<rvalue>
					<expr>
						<const>TRUE</const>
					</expr>
				</rvalue>
			</expr-assign>
			<expr-assign>
				<lvalue>
					<expr>
						<var>.gbySetupActive</var>
					</expr>
				</lvalue>
				<rvalue>
					<expr>
						<const>6</const>
					</expr>
				</rvalue>
			</expr-assign>
			<expr-assign>
				<lvalue>
					<expr>
						<var>.gxLoadActiveData</var>
					</expr>
				</lvalue>
				<rvalue>
					<expr>
						<const>TRUE</const>
					</expr>
				</rvalue>
			</expr-assign>
		</input-action-list>
		<text-display>
			<expr>
				<const>1</const>
			</expr>
		</text-display>
		<text-format><![CDATA[%|<|GROUP01|>|| |6]]></text-format>
		<hidden-input>false</hidden-input>
		<rect>1260,180,1461,226</rect>
	</element>
	<element type="button">
		<frame-type>anisotropic</frame-type>
		<elem-id>25</elem-id>
		<center>1560,203</center>
		<line-width>0</line-width>
		<has-frame-color>true</has-frame-color>
		<has-inside-color>true</has-inside-color>
		<frame-color>0,0,0</frame-color>
		<frame-color-alarm>0,0,0</frame-color-alarm>
		<fill-color>200,200,200</fill-color>
		<fill-color-alarm>220,220,220</fill-color-alarm>
		<expr-text-color>
			<expr>
				<var>.gwColorTEXTButton</var>
			</expr>
		</expr-text-color>
		<text-align-horz>center</text-align-horz>
		<text-align-vert>center</text-align-vert>
		<font-height>-27</font-height>
		<font-height-point-size>20</font-height-point-size>
		<font-weight>700</font-weight>
		<font-italic>false</font-italic>
		<font-underline>false</font-underline>
		<font-strike-out>false</font-strike-out>
		<font-char-set>0</font-char-set>
		<text-id>839</text-id>
		<font-name><![CDATA[Arial Unicode MS]]></font-name>
		<font-color>0,0,0</font-color>
		<expr-toggle-var>
			<expr>
				<var>gaxSetupPage[8]</var>
			</expr>
		</expr-toggle-var>
		<expr-zoom>
			<expr>
				<placeholder>SETUP_BASE</placeholder>
			</expr>
		</expr-zoom>
		<enable-text-input>false</enable-text-input>
		<input-action-list>
			<expr-assign>
				<lvalue>
					<expr>
						<var>.gbySetupActive</var>
					</expr>
				</lvalue>
				<rvalue>
					<expr>
						<const>8</const>
					</expr>
				</rvalue>
			</expr-assign>
		</input-action-list>
		<text-display>
			<expr>
				<const>1</const>
			</expr>
		</text-display>
		<text-format><![CDATA[%|<|SETUP03|>|]]></text-format>
		<hidden-input>false</hidden-input>
		<rect>1460,180,1661,226</rect>
	</element>
	<element type="simple">
		<simple-shape>rectangle</simple-shape>
		<elem-id>26</elem-id>
		<center>305,468</center>
		<line-width>0</line-width>
		<has-frame-color>true</has-frame-color>
		<has-inside-color>false</has-inside-color>
		<frame-color>192,192,192</frame-color>
		<frame-color-alarm>0,0,0</frame-color-alarm>
		<fill-color>255,255,255</fill-color>
		<fill-color-alarm>255,255,255</fill-color-alarm>
		<expr-text-color>
			<expr>
				<var>.gwColorANZEIGETEXT</var>
			</expr>
		</expr-text-color>
		<expr-frame-color>
			<expr>
				<var>.gwdColorRAHMEN</var>
			</expr>
		</expr-frame-color>
		<text-align-horz>center</text-align-horz>
		<text-align-vert>center</text-align-vert>
		<font-height>-27</font-height>
		<font-height-point-size>20</font-height-point-size>
		<font-weight>700</font-weight>
		<font-italic>false</font-italic>
		<font-underline>false</font-underline>
		<font-strike-out>false</font-strike-out>
		<font-char-set>0</font-char-set>
		<text-id>846</text-id>
		<font-name><![CDATA[Arial Unicode MS]]></font-name>
		<font-color>0,0,0</font-color>
		<enable-text-input>false</enable-text-input>
		<text-display>
			<expr>
				<const>1</const>
			</expr>
		</text-display>
		<text-format><![CDATA[%|<|MB_ADR01|>|]]></text-format>
		<hidden-input>false</hidden-input>
		<rect>240,445,371,491</rect>
	</element>
	<element type="simple">
		<simple-shape>rectangle</simple-shape>
		<elem-id>27</elem-id>
		<center>450,513</center>
		<line-width>0</line-width>
		<has-frame-color>true</has-frame-color>
		<has-inside-color>false</has-inside-color>
		<frame-color>192,192,192</frame-color>
		<frame-color-alarm>0,0,0</frame-color-alarm>
		<fill-color>255,255,255</fill-color>
		<fill-color-alarm>255,255,255</fill-color-alarm>
		<expr-text-color>
			<expr>
				<var>.gwColorANZEIGETEXT</var>
			</expr>
		</expr-text-color>
		<expr-frame-color>
			<expr>
				<var>.gwdColorRAHMEN</var>
			</expr>
		</expr-frame-color>
		<text-align-horz>center</text-align-horz>
		<text-align-vert>center</text-align-vert>
		<font-height>-27</font-height>
		<font-height-point-size>20</font-height-point-size>
		<font-weight>700</font-weight>
		<font-italic>false</font-italic>
		<font-underline>false</font-underline>
		<font-strike-out>false</font-strike-out>
		<font-char-set>0</font-char-set>
		<text-id>848</text-id>
		<font-name><![CDATA[Arial Unicode MS]]></font-name>
		<font-color>0,0,0</font-color>
		<enable-text-input>false</enable-text-input>
		<text-display>
			<expr>
				<var>.sHW_Layout_WORK.byMB_1D_SlaveID_MAX</var>
			</expr>
		</text-display>
		<text-format>%s</text-format>
		<hidden-input>false</hidden-input>
		<rect>385,490,516,536</rect>
	</element>
	<element type="simple">
		<simple-shape>rectangle</simple-shape>
		<elem-id>28</elem-id>
		<center>900,460</center>
		<line-width>0</line-width>
		<has-frame-color>true</has-frame-color>
		<has-inside-color>false</has-inside-color>
		<frame-color>192,192,192</frame-color>
		<frame-color-alarm>0,0,0</frame-color-alarm>
		<fill-color>255,255,255</fill-color>
		<fill-color-alarm>255,255,255</fill-color-alarm>
		<expr-text-color>
			<expr>
				<var>.gwColorANZEIGETEXT</var>
			</expr>
		</expr-text-color>
		<expr-frame-color>
			<expr>
				<var>.gwdColorRAHMEN</var>
			</expr>
		</expr-frame-color>
		<text-align-horz>center</text-align-horz>
		<text-align-vert>center</text-align-vert>
		<font-height>-27</font-height>
		<font-height-point-size>20</font-height-point-size>
		<font-weight>700</font-weight>
		<font-italic>false</font-italic>
		<font-underline>false</font-underline>
		<font-strike-out>false</font-strike-out>
		<font-char-set>0</font-char-set>
		<text-id>886</text-id>
		<font-name>Arial</font-name>
		<font-color>0,0,0</font-color>
		<enable-text-input>false</enable-text-input>
		<text-display>
			<expr>
				<var>.gui1D_cycPeriod</var>
			</expr>
		</text-display>
		<text-format>
			<![CDATA[polling| |cycle
%s| |s]]>
		</text-format>
		<hidden-input>false</hidden-input>
		<rect>760,405,1041,511</rect>
	</element>
	<element type="simple">
		<simple-shape>rectangle</simple-shape>
		<elem-id>29</elem-id>
		<center>900,355</center>
		<line-width>0</line-width>
		<has-frame-color>true</has-frame-color>
		<has-inside-color>false</has-inside-color>
		<frame-color>192,192,192</frame-color>
		<frame-color-alarm>0,0,0</frame-color-alarm>
		<fill-color>255,255,255</fill-color>
		<fill-color-alarm>255,255,255</fill-color-alarm>
		<expr-text-color>
			<expr>
				<var>.gwColorANZEIGETEXT</var>
			</expr>
		</expr-text-color>
		<expr-frame-color>
			<expr>
				<var>.gwdColorRAHMEN</var>
			</expr>
		</expr-frame-color>
		<text-align-horz>center</text-align-horz>
		<text-align-vert>center</text-align-vert>
		<font-height>-27</font-height>
		<font-height-point-size>20</font-height-point-size>
		<font-weight>700</font-weight>
		<font-italic>false</font-italic>
		<font-underline>false</font-underline>
		<font-strike-out>false</font-strike-out>
		<font-char-set>0</font-char-set>
		<text-id>888</text-id>
		<font-name>Arial</font-name>
		<font-color>0,0,0</font-color>
		<enable-text-input>false</enable-text-input>
		<text-display>
			<expr>
				<var>.gby1DDebugID_Cyclic</var>
			</expr>
		</text-display>
		<text-format>
			<![CDATA[polling
Slave-ID:| |%s]]>
		</text-format>
		<hidden-input>false</hidden-input>
		<rect>760,300,1041,406</rect>
	</element>
	<element type="simple">
		<simple-shape>circle</simple-shape>
		<elem-id>30</elem-id>
		<center>305,400</center>
		<line-width>0</line-width>
		<has-frame-color>true</has-frame-color>
		<has-inside-color>true</has-inside-color>
		<frame-color>0,0,0</frame-color>
		<frame-color-alarm>0,0,0</frame-color-alarm>
		<fill-color>255,204,204</fill-color>
		<fill-color-alarm>255,0,0</fill-color-alarm>
		<enable-text-input>false</enable-text-input>
		<expr-toggle-color>
			<expr>
				<var>.gxDebugAA_ERROR_1D</var>
			</expr>
		</expr-toggle-color>
		<hidden-input>false</hidden-input>
		<rect>275,370,336,431</rect>
	</element>
	<element type="simple">
		<simple-shape>circle</simple-shape>
		<elem-id>31</elem-id>
		<center>450,400</center>
		<line-width>0</line-width>
		<has-frame-color>true</has-frame-color>
		<has-inside-color>true</has-inside-color>
		<frame-color>0,0,0</frame-color>
		<frame-color-alarm>0,0,0</frame-color-alarm>
		<fill-color>206,255,206</fill-color>
		<fill-color-alarm>0,255,0</fill-color-alarm>
		<enable-text-input>false</enable-text-input>
		<expr-toggle-color>
			<expr>
				<var>.gxDebugAA_SUCESS_1D</var>
			</expr>
		</expr-toggle-color>
		<hidden-input>false</hidden-input>
		<rect>420,370,481,431</rect>
	</element>
	<element type="simple">
		<simple-shape>rectangle</simple-shape>
		<elem-id>32</elem-id>
		<center>645,458</center>
		<line-width>0</line-width>
		<has-frame-color>true</has-frame-color>
		<has-inside-color>false</has-inside-color>
		<frame-color>192,192,192</frame-color>
		<frame-color-alarm>0,0,0</frame-color-alarm>
		<fill-color>255,255,255</fill-color>
		<fill-color-alarm>255,255,255</fill-color-alarm>
		<expr-text-color>
			<expr>
				<var>.gwColorANZEIGETEXT</var>
			</expr>
		</expr-text-color>
		<expr-frame-color>
			<expr>
				<var>.gwdColorRAHMEN</var>
			</expr>
		</expr-frame-color>
		<enable-text-input>false</enable-text-input>
		<text-display>
			<expr>
				<var>.gbySetupActive</var>
			</expr>
		</text-display>
		<hidden-input>false</hidden-input>
		<rect>555,300,736,616</rect>
	</element>
	<element type="simple">
		<simple-shape>rectangle</simple-shape>
		<elem-id>33</elem-id>
		<center>645,340</center>
		<line-width>0</line-width>
		<has-frame-color>false</has-frame-color>
		<has-inside-color>false</has-inside-color>
		<frame-color>192,192,192</frame-color>
		<frame-color-alarm>0,0,0</frame-color-alarm>
		<fill-color>255,255,255</fill-color>
		<fill-color-alarm>255,255,255</fill-color-alarm>
		<expr-text-color>
			<expr>
				<var>.gwColorANZEIGETEXT</var>
			</expr>
		</expr-text-color>
		<expr-frame-color>
			<expr>
				<var>.gwdColorRAHMEN</var>
			</expr>
		</expr-frame-color>
		<text-align-horz>center</text-align-horz>
		<text-align-vert>center</text-align-vert>
		<font-height>-27</font-height>
		<font-height-point-size>20</font-height-point-size>
		<font-weight>700</font-weight>
		<font-italic>false</font-italic>
		<font-underline>false</font-underline>
		<font-strike-out>false</font-strike-out>
		<font-char-set>0</font-char-set>
		<text-id>460</text-id>
		<font-name><![CDATA[Arial Unicode MS]]></font-name>
		<font-color>0,0,0</font-color>
		<enable-text-input>false</enable-text-input>
		<text-format>
			<![CDATA[AUTO
addressing]]>
		</text-format>
		<hidden-input>false</hidden-input>
		<rect>555,300,736,381</rect>
	</element>
	<element type="simple">
		<simple-shape>rectangle</simple-shape>
		<elem-id>34</elem-id>
		<center>645,460</center>
		<line-width>0</line-width>
		<has-frame-color>false</has-frame-color>
		<has-inside-color>false</has-inside-color>
		<frame-color>192,192,192</frame-color>
		<frame-color-alarm>0,0,0</frame-color-alarm>
		<fill-color>255,255,255</fill-color>
		<fill-color-alarm>255,255,255</fill-color-alarm>
		<expr-text-color>
			<expr>
				<var>.gwColorANZEIGETEXT</var>
			</expr>
		</expr-text-color>
		<expr-frame-color>
			<expr>
				<var>.gwdColorRAHMEN</var>
			</expr>
		</expr-frame-color>
		<text-align-horz>center</text-align-horz>
		<text-align-vert>center</text-align-vert>
		<font-height>-27</font-height>
		<font-height-point-size>20</font-height-point-size>
		<font-weight>700</font-weight>
		<font-italic>false</font-italic>
		<font-underline>false</font-underline>
		<font-strike-out>false</font-strike-out>
		<font-char-set>0</font-char-set>
		<text-id>461</text-id>
		<font-name><![CDATA[Arial Unicode MS]]></font-name>
		<font-color>0,0,0</font-color>
		<enable-text-input>false</enable-text-input>
		<text-format><![CDATA[ALL| |Fan]]></text-format>
		<hidden-input>false</hidden-input>
		<rect>555,420,736,501</rect>
	</element>
	<element type="button">
		<frame-type>anisotropic</frame-type>
		<elem-id>35</elem-id>
		<center>643,558</center>
		<line-width>0</line-width>
		<has-frame-color>true</has-frame-color>
		<has-inside-color>true</has-inside-color>
		<frame-color>0,0,0</frame-color>
		<frame-color-alarm>0,0,0</frame-color-alarm>
		<fill-color>200,200,200</fill-color>
		<fill-color-alarm>220,220,220</fill-color-alarm>
		<expr-input-disabled>
			<expr>
				<var>.CurrentUserLevel</var>
				<const>3</const>
				<op><![CDATA[<(2)]]></op>
			</expr>
		</expr-input-disabled>
		<expr-text-color>
			<expr>
				<var>.gwColorTEXTButton</var>
			</expr>
		</expr-text-color>
		<text-align-horz>center</text-align-horz>
		<text-align-vert>center</text-align-vert>
		<font-height>-27</font-height>
		<font-height-point-size>20</font-height-point-size>
		<font-weight>700</font-weight>
		<font-italic>false</font-italic>
		<font-underline>false</font-underline>
		<font-strike-out>false</font-strike-out>
		<font-char-set>0</font-char-set>
		<text-id>850</text-id>
		<font-name><![CDATA[Arial Unicode MS]]></font-name>
		<font-color>0,0,0</font-color>
		<enable-text-input>false</enable-text-input>
		<input-action-list>
			<expr-assign>
				<lvalue>
					<expr>
						<var>.giMB_1D_Mode</var>
					</expr>
				</lvalue>
				<rvalue>
					<expr>
						<const>2</const>
					</expr>
				</rvalue>
			</expr-assign>
			<expr-assign>
				<lvalue>
					<expr>
						<var>.gxSTART_MB_1D_AUTO_ADDR</var>
					</expr>
				</lvalue>
				<rvalue>
					<expr>
						<const>TRUE</const>
					</expr>
				</rvalue>
			</expr-assign>
		</input-action-list>
		<text-display>
			<expr>
				<const>1</const>
			</expr>
		</text-display>
		<text-format>Addr</text-format>
		<tooltip><![CDATA[min. User Level 3]]></tooltip>
		<hidden-input>false</hidden-input>
		<rect>580,525,706,591</rect>
	</element>
	<element type="simple">
		<simple-shape>rectangle</simple-shape>
		<elem-id>36</elem-id>
		<center>600,865</center>
		<line-width>3</line-width>
		<has-frame-color>true</has-frame-color>
		<has-inside-color>false</has-inside-color>
		<frame-color>192,192,192</frame-color>
		<frame-color-alarm>0,0,0</frame-color-alarm>
		<fill-color>255,255,255</fill-color>
		<fill-color-alarm>255,255,255</fill-color-alarm>
		<expr-text-color>
			<expr>
				<var>.gwColorANZEIGETEXT</var>
			</expr>
		</expr-text-color>
		<expr-frame-color>
			<expr>
				<var>.gwdColorRAHMEN</var>
			</expr>
		</expr-frame-color>
		<enable-text-input>false</enable-text-input>
		<hidden-input>false</hidden-input>
		<rect>110,670,1091,1061</rect>
	</element>
	<element type="simple">
		<simple-shape>rectangle</simple-shape>
		<elem-id>37</elem-id>
		<center>310,923</center>
		<line-width>0</line-width>
		<has-frame-color>true</has-frame-color>
		<has-inside-color>false</has-inside-color>
		<frame-color>192,192,192</frame-color>
		<frame-color-alarm>0,0,0</frame-color-alarm>
		<fill-color>255,255,255</fill-color>
		<fill-color-alarm>255,255,255</fill-color-alarm>
		<expr-text-color>
			<expr>
				<var>.gwColorANZEIGETEXT</var>
			</expr>
		</expr-text-color>
		<expr-frame-color>
			<expr>
				<var>.gwdColorRAHMEN</var>
			</expr>
		</expr-frame-color>
		<text-align-horz>center</text-align-horz>
		<text-align-vert>center</text-align-vert>
		<font-height>-27</font-height>
		<font-height-point-size>20</font-height-point-size>
		<font-weight>700</font-weight>
		<font-italic>false</font-italic>
		<font-underline>false</font-underline>
		<font-strike-out>false</font-strike-out>
		<font-char-set>0</font-char-set>
		<text-id>909</text-id>
		<font-name><![CDATA[Arial Unicode MS]]></font-name>
		<font-color>0,0,0</font-color>
		<enable-text-input>false</enable-text-input>
		<text-display>
			<expr>
				<var>.gwSlaveDetectCount2D</var>
			</expr>
		</text-display>
		<text-format>%s</text-format>
		<hidden-input>false</hidden-input>
		<rect>245,900,376,946</rect>
	</element>
	<element type="simple">
		<simple-shape>rectangle</simple-shape>
		<elem-id>38</elem-id>
		<center>455,878</center>
		<line-width>0</line-width>
		<has-frame-color>true</has-frame-color>
		<has-inside-color>false</has-inside-color>
		<frame-color>192,192,192</frame-color>
		<frame-color-alarm>0,0,0</frame-color-alarm>
		<fill-color>255,255,255</fill-color>
		<fill-color-alarm>255,255,255</fill-color-alarm>
		<expr-text-color>
			<expr>
				<var>.gwColorANZEIGETEXT</var>
			</expr>
		</expr-text-color>
		<expr-frame-color>
			<expr>
				<var>.gwdColorRAHMEN</var>
			</expr>
		</expr-frame-color>
		<text-align-horz>center</text-align-horz>
		<text-align-vert>center</text-align-vert>
		<font-height>-27</font-height>
		<font-height-point-size>20</font-height-point-size>
		<font-weight>700</font-weight>
		<font-italic>false</font-italic>
		<font-underline>false</font-underline>
		<font-strike-out>false</font-strike-out>
		<font-char-set>0</font-char-set>
		<text-id>910</text-id>
		<font-name><![CDATA[Arial Unicode MS]]></font-name>
		<font-color>0,0,0</font-color>
		<enable-text-input>false</enable-text-input>
		<text-display>
			<expr>
				<const>1</const>
			</expr>
		</text-display>
		<text-format><![CDATA[%|<|MB_ADR02|>|]]></text-format>
		<hidden-input>false</hidden-input>
		<rect>390,855,521,901</rect>
	</element>
	<element type="simple">
		<simple-shape>rectangle</simple-shape>
		<elem-id>39</elem-id>
		<center>145,865</center>
		<line-width>0</line-width>
		<has-frame-color>true</has-frame-color>
		<has-inside-color>false</has-inside-color>
		<frame-color>192,192,192</frame-color>
		<frame-color-alarm>0,0,0</frame-color-alarm>
		<fill-color>255,255,255</fill-color>
		<fill-color-alarm>255,255,255</fill-color-alarm>
		<expr-text-color>
			<expr>
				<var>.gwColorANZEIGETEXT</var>
			</expr>
		</expr-text-color>
		<expr-frame-color>
			<expr>
				<var>.gwdColorRAHMEN</var>
			</expr>
		</expr-frame-color>
		<text-align-horz>center</text-align-horz>
		<text-align-vert>center</text-align-vert>
		<font-height>-27</font-height>
		<font-height-point-size>20</font-height-point-size>
		<font-weight>700</font-weight>
		<font-italic>false</font-italic>
		<font-underline>false</font-underline>
		<font-strike-out>false</font-strike-out>
		<font-char-set>0</font-char-set>
		<text-id>913</text-id>
		<font-name><![CDATA[Arial Unicode MS]]></font-name>
		<font-color>0,0,0</font-color>
		<enable-text-input>false</enable-text-input>
		<text-format>2D</text-format>
		<hidden-input>false</hidden-input>
		<rect>110,670,181,1061</rect>
	</element>
	<element type="simple">
		<simple-shape>rectangle</simple-shape>
		<elem-id>40</elem-id>
		<center>310,878</center>
		<line-width>0</line-width>
		<has-frame-color>true</has-frame-color>
		<has-inside-color>false</has-inside-color>
		<frame-color>192,192,192</frame-color>
		<frame-color-alarm>0,0,0</frame-color-alarm>
		<fill-color>255,255,255</fill-color>
		<fill-color-alarm>255,255,255</fill-color-alarm>
		<expr-text-color>
			<expr>
				<var>.gwColorANZEIGETEXT</var>
			</expr>
		</expr-text-color>
		<expr-frame-color>
			<expr>
				<var>.gwdColorRAHMEN</var>
			</expr>
		</expr-frame-color>
		<text-align-horz>center</text-align-horz>
		<text-align-vert>center</text-align-vert>
		<font-height>-27</font-height>
		<font-height-point-size>20</font-height-point-size>
		<font-weight>700</font-weight>
		<font-italic>false</font-italic>
		<font-underline>false</font-underline>
		<font-strike-out>false</font-strike-out>
		<font-char-set>0</font-char-set>
		<text-id>914</text-id>
		<font-name><![CDATA[Arial Unicode MS]]></font-name>
		<font-color>0,0,0</font-color>
		<enable-text-input>false</enable-text-input>
		<text-display>
			<expr>
				<const>1</const>
			</expr>
		</text-display>
		<text-format><![CDATA[%|<|MB_ADR01|>|]]></text-format>
		<hidden-input>false</hidden-input>
		<rect>245,855,376,901</rect>
	</element>
	<element type="simple">
		<simple-shape>circle</simple-shape>
		<elem-id>41</elem-id>
		<center>310,810</center>
		<line-width>0</line-width>
		<has-frame-color>true</has-frame-color>
		<has-inside-color>true</has-inside-color>
		<frame-color>0,0,0</frame-color>
		<frame-color-alarm>0,0,0</frame-color-alarm>
		<fill-color>255,204,204</fill-color>
		<fill-color-alarm>255,0,0</fill-color-alarm>
		<enable-text-input>false</enable-text-input>
		<expr-toggle-color>
			<expr>
				<var>.gxDebugAA_ERROR_2D</var>
			</expr>
		</expr-toggle-color>
		<hidden-input>false</hidden-input>
		<rect>280,780,341,841</rect>
	</element>
	<element type="simple">
		<simple-shape>circle</simple-shape>
		<elem-id>42</elem-id>
		<center>455,810</center>
		<line-width>0</line-width>
		<has-frame-color>true</has-frame-color>
		<has-inside-color>true</has-inside-color>
		<frame-color>0,0,0</frame-color>
		<frame-color-alarm>0,0,0</frame-color-alarm>
		<fill-color>206,255,206</fill-color>
		<fill-color-alarm>0,255,0</fill-color-alarm>
		<enable-text-input>false</enable-text-input>
		<expr-toggle-color>
			<expr>
				<var>.gxDebugAA_SUCESS_2D</var>
			</expr>
		</expr-toggle-color>
		<hidden-input>false</hidden-input>
		<rect>425,780,486,841</rect>
	</element>
	<element type="simple">
		<simple-shape>rectangle</simple-shape>
		<elem-id>43</elem-id>
		<center>645,870</center>
		<line-width>0</line-width>
		<has-frame-color>true</has-frame-color>
		<has-inside-color>false</has-inside-color>
		<frame-color>192,192,192</frame-color>
		<frame-color-alarm>0,0,0</frame-color-alarm>
		<fill-color>255,255,255</fill-color>
		<fill-color-alarm>255,255,255</fill-color-alarm>
		<expr-text-color>
			<expr>
				<var>.gwColorANZEIGETEXT</var>
			</expr>
		</expr-text-color>
		<expr-frame-color>
			<expr>
				<var>.gwdColorRAHMEN</var>
			</expr>
		</expr-frame-color>
		<enable-text-input>false</enable-text-input>
		<text-display>
			<expr>
				<var>.gbySetupActive</var>
			</expr>
		</text-display>
		<hidden-input>false</hidden-input>
		<rect>555,710,736,1031</rect>
	</element>
	<element type="simple">
		<simple-shape>rectangle</simple-shape>
		<elem-id>44</elem-id>
		<center>645,750</center>
		<line-width>0</line-width>
		<has-frame-color>false</has-frame-color>
		<has-inside-color>false</has-inside-color>
		<frame-color>192,192,192</frame-color>
		<frame-color-alarm>0,0,0</frame-color-alarm>
		<fill-color>255,255,255</fill-color>
		<fill-color-alarm>255,255,255</fill-color-alarm>
		<expr-text-color>
			<expr>
				<var>.gwColorANZEIGETEXT</var>
			</expr>
		</expr-text-color>
		<expr-frame-color>
			<expr>
				<var>.gwdColorRAHMEN</var>
			</expr>
		</expr-frame-color>
		<text-align-horz>center</text-align-horz>
		<text-align-vert>center</text-align-vert>
		<font-height>-27</font-height>
		<font-height-point-size>20</font-height-point-size>
		<font-weight>700</font-weight>
		<font-italic>false</font-italic>
		<font-underline>false</font-underline>
		<font-strike-out>false</font-strike-out>
		<font-char-set>0</font-char-set>
		<text-id>923</text-id>
		<font-name><![CDATA[Arial Unicode MS]]></font-name>
		<font-color>0,0,0</font-color>
		<enable-text-input>false</enable-text-input>
		<text-format>
			<![CDATA[AUTO
addressing]]>
		</text-format>
		<hidden-input>false</hidden-input>
		<rect>555,710,736,791</rect>
	</element>
	<element type="simple">
		<simple-shape>rectangle</simple-shape>
		<elem-id>45</elem-id>
		<center>645,860</center>
		<line-width>0</line-width>
		<has-frame-color>false</has-frame-color>
		<has-inside-color>false</has-inside-color>
		<frame-color>192,192,192</frame-color>
		<frame-color-alarm>0,0,0</frame-color-alarm>
		<fill-color>255,255,255</fill-color>
		<fill-color-alarm>255,255,255</fill-color-alarm>
		<expr-text-color>
			<expr>
				<var>.gwColorANZEIGETEXT</var>
			</expr>
		</expr-text-color>
		<expr-frame-color>
			<expr>
				<var>.gwdColorRAHMEN</var>
			</expr>
		</expr-frame-color>
		<text-align-horz>center</text-align-horz>
		<text-align-vert>center</text-align-vert>
		<font-height>-27</font-height>
		<font-height-point-size>20</font-height-point-size>
		<font-weight>700</font-weight>
		<font-italic>false</font-italic>
		<font-underline>false</font-underline>
		<font-strike-out>false</font-strike-out>
		<font-char-set>0</font-char-set>
		<text-id>924</text-id>
		<font-name><![CDATA[Arial Unicode MS]]></font-name>
		<font-color>0,0,0</font-color>
		<enable-text-input>false</enable-text-input>
		<text-format><![CDATA[ALL| |Fan]]></text-format>
		<hidden-input>false</hidden-input>
		<rect>555,820,736,901</rect>
	</element>
	<element type="button">
		<frame-type>anisotropic</frame-type>
		<elem-id>46</elem-id>
		<center>643,973</center>
		<line-width>0</line-width>
		<has-frame-color>true</has-frame-color>
		<has-inside-color>true</has-inside-color>
		<frame-color>0,0,0</frame-color>
		<frame-color-alarm>0,0,0</frame-color-alarm>
		<fill-color>200,200,200</fill-color>
		<fill-color-alarm>220,220,220</fill-color-alarm>
		<expr-input-disabled>
			<expr>
				<var>.CurrentUserLevel</var>
				<const>3</const>
				<op><![CDATA[<(2)]]></op>
			</expr>
		</expr-input-disabled>
		<expr-text-color>
			<expr>
				<var>.gwColorTEXTButton</var>
			</expr>
		</expr-text-color>
		<text-align-horz>center</text-align-horz>
		<text-align-vert>center</text-align-vert>
		<font-height>-27</font-height>
		<font-height-point-size>20</font-height-point-size>
		<font-weight>700</font-weight>
		<font-italic>false</font-italic>
		<font-underline>false</font-underline>
		<font-strike-out>false</font-strike-out>
		<font-char-set>0</font-char-set>
		<text-id>925</text-id>
		<font-name><![CDATA[Arial Unicode MS]]></font-name>
		<font-color>0,0,0</font-color>
		<enable-text-input>false</enable-text-input>
		<input-action-list>
			<expr-assign>
				<lvalue>
					<expr>
						<var>.giMB_2D_Mode</var>
					</expr>
				</lvalue>
				<rvalue>
					<expr>
						<const>2</const>
					</expr>
				</rvalue>
			</expr-assign>
			<expr-assign>
				<lvalue>
					<expr>
						<var>.gxSTART_MB_2D_AUTO_ADDR</var>
					</expr>
				</lvalue>
				<rvalue>
					<expr>
						<const>TRUE</const>
					</expr>
				</rvalue>
			</expr-assign>
		</input-action-list>
		<text-display>
			<expr>
				<const>1</const>
			</expr>
		</text-display>
		<text-format>Addr</text-format>
		<tooltip><![CDATA[min. User Level 3]]></tooltip>
		<hidden-input>false</hidden-input>
		<rect>580,940,706,1006</rect>
	</element>
	<element type="simple">
		<simple-shape>rectangle</simple-shape>
		<elem-id>47</elem-id>
		<center>378,455</center>
		<line-width>4</line-width>
		<has-frame-color>true</has-frame-color>
		<has-inside-color>false</has-inside-color>
		<frame-color>255,0,255</frame-color>
		<frame-color-alarm>0,0,0</frame-color-alarm>
		<fill-color>255,255,255</fill-color>
		<fill-color-alarm>255,255,255</fill-color-alarm>
		<expr-text-color>
			<expr>
				<var>.gwColorANZEIGETEXT</var>
			</expr>
		</expr-text-color>
		<enable-text-input>false</enable-text-input>
		<expr-invisible>
			<expr>
				<var>.gxAAddr1D_VisuFlag</var>
				<const>FALSE</const>
				<op>=(2)</op>
			</expr>
		</expr-invisible>
		<hidden-input>false</hidden-input>
		<rect>225,360,531,551</rect>
	</element>
	<element type="simple">
		<simple-shape>rectangle</simple-shape>
		<elem-id>48</elem-id>
		<center>900,563</center>
		<line-width>0</line-width>
		<has-frame-color>true</has-frame-color>
		<has-inside-color>false</has-inside-color>
		<frame-color>192,192,192</frame-color>
		<frame-color-alarm>0,0,0</frame-color-alarm>
		<fill-color>255,255,255</fill-color>
		<fill-color-alarm>255,255,255</fill-color-alarm>
		<expr-text-color>
			<expr>
				<var>.gwColorANZEIGETEXT</var>
			</expr>
		</expr-text-color>
		<expr-frame-color>
			<expr>
				<var>.gwdColorRAHMEN</var>
			</expr>
		</expr-frame-color>
		<text-align-horz>center</text-align-horz>
		<text-align-vert>center</text-align-vert>
		<font-height>-27</font-height>
		<font-height-point-size>20</font-height-point-size>
		<font-weight>700</font-weight>
		<font-italic>false</font-italic>
		<font-underline>false</font-underline>
		<font-strike-out>false</font-strike-out>
		<font-char-set>0</font-char-set>
		<text-id>954</text-id>
		<font-name>Arial</font-name>
		<font-color>0,0,0</font-color>
		<enable-text-input>false</enable-text-input>
		<text-display>
			<expr>
				<var>.gdwMB_1D_ErrorCntr</var>
			</expr>
		</text-display>
		<text-format>
			<![CDATA[error| |counter
%s]]>
		</text-format>
		<hidden-input>false</hidden-input>
		<rect>760,510,1041,616</rect>
	</element>
	<element type="simple">
		<simple-shape>rectangle</simple-shape>
		<elem-id>49</elem-id>
		<center>900,870</center>
		<line-width>0</line-width>
		<has-frame-color>true</has-frame-color>
		<has-inside-color>false</has-inside-color>
		<frame-color>192,192,192</frame-color>
		<frame-color-alarm>0,0,0</frame-color-alarm>
		<fill-color>255,255,255</fill-color>
		<fill-color-alarm>255,255,255</fill-color-alarm>
		<expr-text-color>
			<expr>
				<var>.gwColorANZEIGETEXT</var>
			</expr>
		</expr-text-color>
		<expr-frame-color>
			<expr>
				<var>.gwdColorRAHMEN</var>
			</expr>
		</expr-frame-color>
		<text-align-horz>center</text-align-horz>
		<text-align-vert>center</text-align-vert>
		<font-height>-27</font-height>
		<font-height-point-size>20</font-height-point-size>
		<font-weight>700</font-weight>
		<font-italic>false</font-italic>
		<font-underline>false</font-underline>
		<font-strike-out>false</font-strike-out>
		<font-char-set>0</font-char-set>
		<text-id>959</text-id>
		<font-name>Arial</font-name>
		<font-color>0,0,0</font-color>
		<enable-text-input>false</enable-text-input>
		<text-display>
			<expr>
				<var>.gui2D_cycPeriod</var>
			</expr>
		</text-display>
		<text-format>
			<![CDATA[polling| |cycle
%s| |s]]>
		</text-format>
		<hidden-input>false</hidden-input>
		<rect>760,815,1041,921</rect>
	</element>
	<element type="simple">
		<simple-shape>rectangle</simple-shape>
		<elem-id>50</elem-id>
		<center>900,765</center>
		<line-width>0</line-width>
		<has-frame-color>true</has-frame-color>
		<has-inside-color>false</has-inside-color>
		<frame-color>192,192,192</frame-color>
		<frame-color-alarm>0,0,0</frame-color-alarm>
		<fill-color>255,255,255</fill-color>
		<fill-color-alarm>255,255,255</fill-color-alarm>
		<expr-text-color>
			<expr>
				<var>.gwColorANZEIGETEXT</var>
			</expr>
		</expr-text-color>
		<expr-frame-color>
			<expr>
				<var>.gwdColorRAHMEN</var>
			</expr>
		</expr-frame-color>
		<text-align-horz>center</text-align-horz>
		<text-align-vert>center</text-align-vert>
		<font-height>-27</font-height>
		<font-height-point-size>20</font-height-point-size>
		<font-weight>700</font-weight>
		<font-italic>false</font-italic>
		<font-underline>false</font-underline>
		<font-strike-out>false</font-strike-out>
		<font-char-set>0</font-char-set>
		<text-id>960</text-id>
		<font-name>Arial</font-name>
		<font-color>0,0,0</font-color>
		<enable-text-input>false</enable-text-input>
		<text-display>
			<expr>
				<var>.gby2DDebugID_Cyclic</var>
			</expr>
		</text-display>
		<text-format>
			<![CDATA[polling
Slave-ID:| |%s]]>
		</text-format>
		<hidden-input>false</hidden-input>
		<rect>760,710,1041,816</rect>
	</element>
	<element type="simple">
		<simple-shape>rectangle</simple-shape>
		<elem-id>51</elem-id>
		<center>900,973</center>
		<line-width>0</line-width>
		<has-frame-color>true</has-frame-color>
		<has-inside-color>false</has-inside-color>
		<frame-color>192,192,192</frame-color>
		<frame-color-alarm>0,0,0</frame-color-alarm>
		<fill-color>255,255,255</fill-color>
		<fill-color-alarm>255,255,255</fill-color-alarm>
		<expr-text-color>
			<expr>
				<var>.gwColorANZEIGETEXT</var>
			</expr>
		</expr-text-color>
		<expr-frame-color>
			<expr>
				<var>.gwdColorRAHMEN</var>
			</expr>
		</expr-frame-color>
		<text-align-horz>center</text-align-horz>
		<text-align-vert>center</text-align-vert>
		<font-height>-27</font-height>
		<font-height-point-size>20</font-height-point-size>
		<font-weight>700</font-weight>
		<font-italic>false</font-italic>
		<font-underline>false</font-underline>
		<font-strike-out>false</font-strike-out>
		<font-char-set>0</font-char-set>
		<text-id>961</text-id>
		<font-name>Arial</font-name>
		<font-color>0,0,0</font-color>
		<enable-text-input>false</enable-text-input>
		<text-display>
			<expr>
				<var>.gdwMB_2D_ErrorCntr</var>
			</expr>
		</text-display>
		<text-format>
			<![CDATA[error| |counter
%s]]>
		</text-format>
		<hidden-input>false</hidden-input>
		<rect>760,920,1041,1026</rect>
	</element>
	<element type="simple">
		<simple-shape>rectangle</simple-shape>
		<elem-id>52</elem-id>
		<center>455,923</center>
		<line-width>0</line-width>
		<has-frame-color>true</has-frame-color>
		<has-inside-color>false</has-inside-color>
		<frame-color>192,192,192</frame-color>
		<frame-color-alarm>0,0,0</frame-color-alarm>
		<fill-color>255,255,255</fill-color>
		<fill-color-alarm>255,255,255</fill-color-alarm>
		<expr-text-color>
			<expr>
				<var>.gwColorANZEIGETEXT</var>
			</expr>
		</expr-text-color>
		<expr-frame-color>
			<expr>
				<var>.gwdColorRAHMEN</var>
			</expr>
		</expr-frame-color>
		<text-align-horz>center</text-align-horz>
		<text-align-vert>center</text-align-vert>
		<font-height>-27</font-height>
		<font-height-point-size>20</font-height-point-size>
		<font-weight>700</font-weight>
		<font-italic>false</font-italic>
		<font-underline>false</font-underline>
		<font-strike-out>false</font-strike-out>
		<font-char-set>0</font-char-set>
		<text-id>963</text-id>
		<font-name><![CDATA[Arial Unicode MS]]></font-name>
		<font-color>0,0,0</font-color>
		<enable-text-input>false</enable-text-input>
		<text-display>
			<expr>
				<var>.sHW_Layout_WORK.byMB_2D_SlaveID_MAX</var>
			</expr>
		</text-display>
		<text-format>%s</text-format>
		<hidden-input>false</hidden-input>
		<rect>390,900,521,946</rect>
	</element>
	<element type="simple">
		<simple-shape>rectangle</simple-shape>
		<elem-id>53</elem-id>
		<center>383,865</center>
		<line-width>4</line-width>
		<has-frame-color>true</has-frame-color>
		<has-inside-color>false</has-inside-color>
		<frame-color>255,0,255</frame-color>
		<frame-color-alarm>0,0,0</frame-color-alarm>
		<fill-color>255,255,255</fill-color>
		<fill-color-alarm>255,255,255</fill-color-alarm>
		<expr-text-color>
			<expr>
				<var>.gwColorANZEIGETEXT</var>
			</expr>
		</expr-text-color>
		<enable-text-input>false</enable-text-input>
		<expr-invisible>
			<expr>
				<var>.gxAAddr2D_VisuFlag</var>
				<const>FALSE</const>
				<op>=(2)</op>
			</expr>
		</expr-invisible>
		<hidden-input>false</hidden-input>
		<rect>230,770,536,961</rect>
	</element>
	<element type="simple">
		<simple-shape>rectangle</simple-shape>
		<elem-id>54</elem-id>
		<center>1263,665</center>
		<line-width>0</line-width>
		<has-frame-color>true</has-frame-color>
		<has-inside-color>false</has-inside-color>
		<frame-color>192,192,192</frame-color>
		<frame-color-alarm>0,0,0</frame-color-alarm>
		<fill-color>255,255,255</fill-color>
		<fill-color-alarm>255,255,255</fill-color-alarm>
		<expr-text-color>
			<expr>
				<var>.gwColorANZEIGETEXT</var>
			</expr>
		</expr-text-color>
		<expr-frame-color>
			<expr>
				<var>.gwdColorRAHMEN</var>
			</expr>
		</expr-frame-color>
		<enable-text-input>false</enable-text-input>
		<text-display>
			<expr>
				<var>.gbySetupActive</var>
			</expr>
		</text-display>
		<hidden-input>false</hidden-input>
		<rect>1150,555,1376,776</rect>
	</element>
	<element type="simple">
		<simple-shape>rectangle</simple-shape>
		<elem-id>55</elem-id>
		<center>1263,605</center>
		<line-width>0</line-width>
		<has-frame-color>false</has-frame-color>
		<has-inside-color>true</has-inside-color>
		<frame-color>192,192,192</frame-color>
		<frame-color-alarm>0,0,0</frame-color-alarm>
		<fill-color>255,255,0</fill-color>
		<fill-color-alarm>255,255,255</fill-color-alarm>
		<expr-text-color>
			<expr>
				<var>.gwColorANZEIGETEXT</var>
			</expr>
		</expr-text-color>
		<expr-frame-color>
			<expr>
				<var>.gwdColorRAHMEN</var>
			</expr>
		</expr-frame-color>
		<text-align-horz>center</text-align-horz>
		<text-align-vert>center</text-align-vert>
		<font-height>-27</font-height>
		<font-height-point-size>20</font-height-point-size>
		<font-weight>700</font-weight>
		<font-italic>false</font-italic>
		<font-underline>false</font-underline>
		<font-strike-out>false</font-strike-out>
		<font-char-set>0</font-char-set>
		<text-id>965</text-id>
		<font-name><![CDATA[Arial Unicode MS]]></font-name>
		<font-color>0,0,0</font-color>
		<tap-false>false</tap-false>
		<expr-tap-var>
			<expr>
				<var>.gxStoppPolling</var>
			</expr>
		</expr-tap-var>
		<enable-text-input>false</enable-text-input>
		<text-format>
			<![CDATA[important
INFO]]>
		</text-format>
		<tooltip>
			<![CDATA[when changing to next page:

cyclic polling and control setting will be interrupted
if communication watchdog of the fans is used, it could report errors]]>
		</tooltip>
		<hidden-input>false</hidden-input>
		<rect>1165,565,1361,646</rect>
	</element>
	<element type="simple">
		<simple-shape>rectangle</simple-shape>
		<elem-id>56</elem-id>
		<center>1375,835</center>
		<line-width>0</line-width>
		<has-frame-color>false</has-frame-color>
		<has-inside-color>true</has-inside-color>
		<frame-color>192,192,192</frame-color>
		<frame-color-alarm>0,0,0</frame-color-alarm>
		<fill-color>255,255,0</fill-color>
		<fill-color-alarm>255,255,255</fill-color-alarm>
		<expr-text-color>
			<expr>
				<var>.gwColorANZEIGETEXT</var>
			</expr>
		</expr-text-color>
		<expr-frame-color>
			<expr>
				<var>.gwdColorRAHMEN</var>
			</expr>
		</expr-frame-color>
		<text-align-horz>center</text-align-horz>
		<text-align-vert>center</text-align-vert>
		<font-height>-27</font-height>
		<font-height-point-size>20</font-height-point-size>
		<font-weight>700</font-weight>
		<font-italic>false</font-italic>
		<font-underline>false</font-underline>
		<font-strike-out>false</font-strike-out>
		<font-char-set>0</font-char-set>
		<text-id>966</text-id>
		<font-name><![CDATA[Arial Unicode MS]]></font-name>
		<font-color>0,0,0</font-color>
		<enable-text-input>false</enable-text-input>
		<expr-invisible>
			<expr>
				<var>.gxStoppPolling</var>
				<const>FALSE</const>
				<op>=(2)</op>
			</expr>
		</expr-invisible>
		<text-format>
			<![CDATA[communication| |watchdog| |of| |the| |fans
could| |report| |errors]]>
		</text-format>
		<hidden-input>false</hidden-input>
		<rect>1110,785,1641,886</rect>
	</element>
	<element type="button">
		<frame-type>anisotropic</frame-type>
		<elem-id>57</elem-id>
		<center>1265,703</center>
		<line-width>0</line-width>
		<has-frame-color>true</has-frame-color>
		<has-inside-color>true</has-inside-color>
		<frame-color>0,0,0</frame-color>
		<frame-color-alarm>0,0,0</frame-color-alarm>
		<fill-color>200,200,200</fill-color>
		<fill-color-alarm>220,220,220</fill-color-alarm>
		<expr-input-disabled>
			<expr>
				<var>.CurrentUserLevel</var>
				<const>3</const>
				<op><![CDATA[<(2)]]></op>
			</expr>
		</expr-input-disabled>
		<expr-text-color>
			<expr>
				<var>.gwColorTEXTButton</var>
			</expr>
		</expr-text-color>
		<text-align-horz>center</text-align-horz>
		<text-align-vert>center</text-align-vert>
		<font-height>-27</font-height>
		<font-height-point-size>20</font-height-point-size>
		<font-weight>700</font-weight>
		<font-italic>false</font-italic>
		<font-underline>false</font-underline>
		<font-strike-out>false</font-strike-out>
		<font-char-set>0</font-char-set>
		<text-id>967</text-id>
		<font-name><![CDATA[Arial Unicode MS]]></font-name>
		<font-color>0,0,0</font-color>
		<expr-zoom>
			<expr>
				<placeholder>SETUP_BASE_PARA</placeholder>
			</expr>
		</expr-zoom>
		<enable-text-input>false</enable-text-input>
		<input-action-list>
			<expr-assign>
				<lvalue>
					<expr>
						<var>.giMB_1D_Mode</var>
					</expr>
				</lvalue>
				<rvalue>
					<expr>
						<const>2</const>
					</expr>
				</rvalue>
			</expr-assign>
			<expr-assign>
				<lvalue>
					<expr>
						<var>.giMB_2D_Mode</var>
					</expr>
				</lvalue>
				<rvalue>
					<expr>
						<const>2</const>
					</expr>
				</rvalue>
			</expr-assign>
			<expr-assign>
				<lvalue>
					<expr>
						<var>.gxParaSetERROR</var>
					</expr>
				</lvalue>
				<rvalue>
					<expr>
						<const>TRUE</const>
					</expr>
				</rvalue>
			</expr-assign>
			<expr-assign>
				<lvalue>
					<expr>
						<var>.gxErrorTXTclean</var>
					</expr>
				</lvalue>
				<rvalue>
					<expr>
						<const>TRUE</const>
					</expr>
				</rvalue>
			</expr-assign>
			<expr-assign>
				<lvalue>
					<expr>
						<var>.gbyTerminal_xD</var>
					</expr>
				</lvalue>
				<rvalue>
					<expr>
						<const>0</const>
					</expr>
				</rvalue>
			</expr-assign>
			<expr-assign>
				<lvalue>
					<expr>
						<var>.gbySlave_ID</var>
					</expr>
				</lvalue>
				<rvalue>
					<expr>
						<const>0</const>
					</expr>
				</rvalue>
			</expr-assign>
		</input-action-list>
		<text-display>
			<expr>
				<const>1</const>
			</expr>
		</text-display>
		<text-format>
			<![CDATA[parameter
setting]]>
		</text-format>
		<tooltip>
			<![CDATA[min. User Level 3

when changing to next page:

cyclic polling and control setting will be interrupted
if communication watchdog of the fans is used, it could report errors]]>
		</tooltip>
		<hidden-input>false</hidden-input>
		<rect>1175,650,1356,756</rect>
	</element>
	<element type="simple">
		<simple-shape>rectangle</simple-shape>
		<elem-id>58</elem-id>
		<center>1380,478</center>
		<line-width>0</line-width>
		<has-frame-color>false</has-frame-color>
		<has-inside-color>true</has-inside-color>
		<frame-color>192,192,192</frame-color>
		<frame-color-alarm>0,0,0</frame-color-alarm>
		<fill-color>255,255,0</fill-color>
		<fill-color-alarm>255,255,255</fill-color-alarm>
		<expr-text-color>
			<expr>
				<var>.gwColorANZEIGETEXT</var>
			</expr>
		</expr-text-color>
		<expr-frame-color>
			<expr>
				<var>.gwdColorRAHMEN</var>
			</expr>
		</expr-frame-color>
		<text-align-horz>center</text-align-horz>
		<text-align-vert>center</text-align-vert>
		<font-height>-27</font-height>
		<font-height-point-size>20</font-height-point-size>
		<font-weight>700</font-weight>
		<font-italic>false</font-italic>
		<font-underline>false</font-underline>
		<font-strike-out>false</font-strike-out>
		<font-char-set>0</font-char-set>
		<text-id>972</text-id>
		<font-name><![CDATA[Arial Unicode MS]]></font-name>
		<font-color>0,0,0</font-color>
		<enable-text-input>false</enable-text-input>
		<expr-invisible>
			<expr>
				<var>.gxStoppPolling</var>
				<const>FALSE</const>
				<op>=(2)</op>
			</expr>
		</expr-invisible>
		<text-format>
			<![CDATA[cyclic| |polling| |and| |control| |setting
will| |be| |interrupted]]>
		</text-format>
		<hidden-input>false</hidden-input>
		<rect>1145,425,1616,531</rect>
	</element>
	<key-info-list/>
	<variablelist>
		<variable name=".gwColorTEXTButton">4,31962,4,5</variable>
		<variable name=".gwdColorRAHMEN">4,31954,4,5</variable>
		<variable name=".gwColorANZEIGETEXT">4,31958,4,5</variable>
		<variable name=".gstrActualTime">4,23769,21,8</variable>
		<variable name=".gstrActualDate">4,23790,21,8</variable>
		<variable name=".gbySetupActive">4,23851,1,2</variable>
		<variable name=".gwSlaveDetectCount1D">4,34196,2,3</variable>
		<variable name=".CurrentUserLevel">4,22489,2,1</variable>
		<variable name=".gxLogOut">4,31131,1,0</variable>
		<variable name=".sHW_Layout_WORK.strAnlageName">4,29708,81,8</variable>
		<variable name=".sHW_Layout_WORK.strAnlageNr">4,29789,81,8</variable>
		<variable name="gaxSetupPage[7]">4,23847,1,0</variable>
		<variable name=".gxLoadActiveData">4,26575,1,0</variable>
		<variable name="gaxSetupPage[1]">4,23841,1,0</variable>
		<variable name=".xRefresh_01">4,23523,1,0</variable>
		<variable name="gaxSetupPage[2]">4,23842,1,0</variable>
		<variable name="gaxSetupPage[3]">4,23843,1,0</variable>
		<variable name="gaxSetupPage[4]">4,23844,1,0</variable>
		<variable name="gaxSetupPage[5]">4,23845,1,0</variable>
		<variable name="gaxSetupPage[6]">4,23846,1,0</variable>
		<variable name="gaxSetupPage[8]">4,23848,1,0</variable>
		<variable name=".sHW_Layout_WORK.byMB_1D_SlaveID_MAX">4,29442,1,2</variable>
		<variable name=".gui1D_cycPeriod">4,23828,2,16</variable>
		<variable name=".gby1DDebugID_Cyclic">4,23832,1,2</variable>
		<variable name=".gxDebugAA_ERROR_1D">4,34201,1,0</variable>
		<variable name=".gxDebugAA_SUCESS_1D">4,34202,1,0</variable>
		<variable name=".giMB_1D_Mode">4,34193,2,10,0:=MB_STOP,1:=MB_CYCLIC,2:=MB_SINGLE_JOB</variable>
		<variable name=".gxSTART_MB_1D_AUTO_ADDR">4,34195,1,0</variable>
		<variable name=".gwSlaveDetectCount2D">4,34258,2,3</variable>
		<variable name=".gxDebugAA_ERROR_2D">4,34263,1,0</variable>
		<variable name=".gxDebugAA_SUCESS_2D">4,34264,1,0</variable>
		<variable name=".giMB_2D_Mode">4,34255,2,10,0:=MB_STOP,1:=MB_CYCLIC,2:=MB_SINGLE_JOB</variable>
		<variable name=".gxSTART_MB_2D_AUTO_ADDR">4,34257,1,0</variable>
		<variable name=".gxAAddr1D_VisuFlag">4,34210,1,0</variable>
		<variable name=".gdwMB_1D_ErrorCntr">4,34211,4,5</variable>
		<variable name=".gui2D_cycPeriod">4,23835,2,16</variable>
		<variable name=".gby2DDebugID_Cyclic">4,23839,1,2</variable>
		<variable name=".gdwMB_2D_ErrorCntr">4,34271,4,5</variable>
		<variable name=".sHW_Layout_WORK.byMB_2D_SlaveID_MAX">4,29443,1,2</variable>
		<variable name=".gxAAddr2D_VisuFlag">4,34270,1,0</variable>
		<variable name=".gxStoppPolling">4,22240,1,0</variable>
		<variable name=".gxParaSetERROR">4,23880,1,0</variable>
		<variable name=".gxErrorTXTclean">4,24036,1,0</variable>
		<variable name=".gbyTerminal_xD">4,23874,1,2</variable>
		<variable name=".gbySlave_ID">4,23875,1,2</variable>
	</variablelist>
</visualisation>