<?xml version="1.0" encoding="ISO-8859-1"?>

<visualisation>
	<time-stamp>1634725283,3380518637</time-stamp>
	<name>PLC_VISU</name>
	<symplified-user-input>false</symplified-user-input>
	<keyboard-usage-for-table>true</keyboard-usage-for-table>
	<size>1721,1206</size>
	<usage-type>0</usage-type>
	<use-language-file>false</use-language-file>
	<use-dynamic-text>true</use-dynamic-text>
	<hide-elements>false</hide-elements>
	<language>ENGLISH</language>
	<dynamic-text-file>VIS\SPRACHE\DYNSPR.XML</dynamic-text-file>
	<element type="bitmap">
		<file-name>vis\bgpic01.jpg</file-name>
		<transparent>false</transparent>
		<show-frame>true</show-frame>
		<clip-frame>true</clip-frame>
		<frame-type>anisotropic</frame-type>
		<elem-id>0</elem-id>
		<center>860,608</center>
		<line-width>0</line-width>
		<has-frame-color>true</has-frame-color>
		<has-inside-color>true</has-inside-color>
		<frame-color>192,192,192</frame-color>
		<frame-color-alarm>255,255,255</frame-color-alarm>
		<fill-color>255,255,255</fill-color>
		<fill-color-alarm>255,255,255</fill-color-alarm>
		<expr-frame-color>
			<expr>
				<var>.gwdColorRAHMEN</var>
			</expr>
		</expr-frame-color>
		<enable-text-input>false</enable-text-input>
		<hidden-input>false</hidden-input>
		<rect>0,10,1721,1206</rect>
	</element>
	<element type="simple">
		<simple-shape>rectangle</simple-shape>
		<elem-id>1</elem-id>
		<center>950,798</center>
		<line-width>3</line-width>
		<has-frame-color>true</has-frame-color>
		<has-inside-color>false</has-inside-color>
		<frame-color>192,192,192</frame-color>
		<frame-color-alarm>0,0,0</frame-color-alarm>
		<fill-color>255,255,255</fill-color>
		<fill-color-alarm>255,255,255</fill-color-alarm>
		<text-align-horz>center</text-align-horz>
		<text-align-vert>center</text-align-vert>
		<font-height>-32</font-height>
		<font-height-point-size>24</font-height-point-size>
		<font-weight>700</font-weight>
		<font-italic>false</font-italic>
		<font-underline>false</font-underline>
		<font-strike-out>false</font-strike-out>
		<font-char-set>0</font-char-set>
		<text-id>414</text-id>
		<font-name><![CDATA[Arial Unicode MS]]></font-name>
		<font-color>128,128,128</font-color>
		<enable-text-input>false</enable-text-input>
		<text-display>
			<expr>
				<const>1</const>
			</expr>
		</text-display>
		<text-format>
			<![CDATA[%|<|GROUP01|>|
6]]>
		</text-format>
		<hidden-input>false</hidden-input>
		<rect>810,705,1091,891</rect>
	</element>
	<element type="simple">
		<simple-shape>rectangle</simple-shape>
		<elem-id>2</elem-id>
		<center>580,798</center>
		<line-width>3</line-width>
		<has-frame-color>true</has-frame-color>
		<has-inside-color>false</has-inside-color>
		<frame-color>192,192,192</frame-color>
		<frame-color-alarm>0,0,0</frame-color-alarm>
		<fill-color>255,255,255</fill-color>
		<fill-color-alarm>255,255,255</fill-color-alarm>
		<text-align-horz>center</text-align-horz>
		<text-align-vert>center</text-align-vert>
		<font-height>-32</font-height>
		<font-height-point-size>24</font-height-point-size>
		<font-weight>700</font-weight>
		<font-italic>false</font-italic>
		<font-underline>false</font-underline>
		<font-strike-out>false</font-strike-out>
		<font-char-set>0</font-char-set>
		<text-id>413</text-id>
		<font-name><![CDATA[Arial Unicode MS]]></font-name>
		<font-color>128,128,128</font-color>
		<enable-text-input>false</enable-text-input>
		<text-display>
			<expr>
				<const>1</const>
			</expr>
		</text-display>
		<text-format>
			<![CDATA[%|<|GROUP01|>|
5]]>
		</text-format>
		<hidden-input>false</hidden-input>
		<rect>440,705,721,891</rect>
	</element>
	<element type="simple">
		<simple-shape>rectangle</simple-shape>
		<elem-id>3</elem-id>
		<center>210,798</center>
		<line-width>3</line-width>
		<has-frame-color>true</has-frame-color>
		<has-inside-color>false</has-inside-color>
		<frame-color>192,192,192</frame-color>
		<frame-color-alarm>0,0,0</frame-color-alarm>
		<fill-color>255,255,255</fill-color>
		<fill-color-alarm>255,255,255</fill-color-alarm>
		<text-align-horz>center</text-align-horz>
		<text-align-vert>center</text-align-vert>
		<font-height>-32</font-height>
		<font-height-point-size>24</font-height-point-size>
		<font-weight>700</font-weight>
		<font-italic>false</font-italic>
		<font-underline>false</font-underline>
		<font-strike-out>false</font-strike-out>
		<font-char-set>0</font-char-set>
		<text-id>412</text-id>
		<font-name><![CDATA[Arial Unicode MS]]></font-name>
		<font-color>128,128,128</font-color>
		<enable-text-input>false</enable-text-input>
		<text-display>
			<expr>
				<const>1</const>
			</expr>
		</text-display>
		<text-format>
			<![CDATA[%|<|GROUP01|>|
4]]>
		</text-format>
		<hidden-input>false</hidden-input>
		<rect>70,705,351,891</rect>
	</element>
	<element type="simple">
		<simple-shape>rectangle</simple-shape>
		<elem-id>4</elem-id>
		<center>950,488</center>
		<line-width>3</line-width>
		<has-frame-color>true</has-frame-color>
		<has-inside-color>false</has-inside-color>
		<frame-color>192,192,192</frame-color>
		<frame-color-alarm>0,0,0</frame-color-alarm>
		<fill-color>255,255,255</fill-color>
		<fill-color-alarm>255,255,255</fill-color-alarm>
		<text-align-horz>center</text-align-horz>
		<text-align-vert>center</text-align-vert>
		<font-height>-32</font-height>
		<font-height-point-size>24</font-height-point-size>
		<font-weight>700</font-weight>
		<font-italic>false</font-italic>
		<font-underline>false</font-underline>
		<font-strike-out>false</font-strike-out>
		<font-char-set>0</font-char-set>
		<text-id>410</text-id>
		<font-name><![CDATA[Arial Unicode MS]]></font-name>
		<font-color>128,128,128</font-color>
		<enable-text-input>false</enable-text-input>
		<text-display>
			<expr>
				<const>1</const>
			</expr>
		</text-display>
		<text-format>
			<![CDATA[%|<|GROUP01|>|
3]]>
		</text-format>
		<hidden-input>false</hidden-input>
		<rect>810,395,1091,581</rect>
	</element>
	<element type="simple">
		<simple-shape>rectangle</simple-shape>
		<elem-id>5</elem-id>
		<center>580,488</center>
		<line-width>3</line-width>
		<has-frame-color>true</has-frame-color>
		<has-inside-color>false</has-inside-color>
		<frame-color>192,192,192</frame-color>
		<frame-color-alarm>0,0,0</frame-color-alarm>
		<fill-color>255,255,255</fill-color>
		<fill-color-alarm>255,255,255</fill-color-alarm>
		<text-align-horz>center</text-align-horz>
		<text-align-vert>center</text-align-vert>
		<font-height>-32</font-height>
		<font-height-point-size>24</font-height-point-size>
		<font-weight>700</font-weight>
		<font-italic>false</font-italic>
		<font-underline>false</font-underline>
		<font-strike-out>false</font-strike-out>
		<font-char-set>0</font-char-set>
		<text-id>411</text-id>
		<font-name><![CDATA[Arial Unicode MS]]></font-name>
		<font-color>128,128,128</font-color>
		<enable-text-input>false</enable-text-input>
		<text-display>
			<expr>
				<const>1</const>
			</expr>
		</text-display>
		<text-format>
			<![CDATA[%|<|GROUP01|>|
2]]>
		</text-format>
		<hidden-input>false</hidden-input>
		<rect>440,395,721,581</rect>
	</element>
	<element type="simple">
		<simple-shape>rectangle</simple-shape>
		<elem-id>6</elem-id>
		<center>210,488</center>
		<line-width>3</line-width>
		<has-frame-color>true</has-frame-color>
		<has-inside-color>false</has-inside-color>
		<frame-color>192,192,192</frame-color>
		<frame-color-alarm>0,0,0</frame-color-alarm>
		<fill-color>255,255,255</fill-color>
		<fill-color-alarm>255,255,255</fill-color-alarm>
		<text-align-horz>center</text-align-horz>
		<text-align-vert>center</text-align-vert>
		<font-height>-32</font-height>
		<font-height-point-size>24</font-height-point-size>
		<font-weight>700</font-weight>
		<font-italic>false</font-italic>
		<font-underline>false</font-underline>
		<font-strike-out>false</font-strike-out>
		<font-char-set>0</font-char-set>
		<text-id>409</text-id>
		<font-name><![CDATA[Arial Unicode MS]]></font-name>
		<font-color>128,128,128</font-color>
		<enable-text-input>false</enable-text-input>
		<text-display>
			<expr>
				<const>1</const>
			</expr>
		</text-display>
		<text-format>
			<![CDATA[%|<|GROUP01|>|
1]]>
		</text-format>
		<hidden-input>false</hidden-input>
		<rect>70,395,351,581</rect>
	</element>
	<element type="simple">
		<simple-shape>rectangle</simple-shape>
		<elem-id>7</elem-id>
		<center>1495,83</center>
		<line-width>0</line-width>
		<has-frame-color>true</has-frame-color>
		<has-inside-color>false</has-inside-color>
		<frame-color>192,192,192</frame-color>
		<frame-color-alarm>0,0,0</frame-color-alarm>
		<fill-color>255,255,255</fill-color>
		<fill-color-alarm>255,255,255</fill-color-alarm>
		<expr-text-color>
			<expr>
				<var>.gwColorANZEIGETEXT</var>
			</expr>
		</expr-text-color>
		<expr-frame-color>
			<expr>
				<var>.gwdColorRAHMEN</var>
			</expr>
		</expr-frame-color>
		<text-align-horz>center</text-align-horz>
		<text-align-vert>center</text-align-vert>
		<font-height>-27</font-height>
		<font-height-point-size>20</font-height-point-size>
		<font-weight>700</font-weight>
		<font-italic>false</font-italic>
		<font-underline>false</font-underline>
		<font-strike-out>false</font-strike-out>
		<font-char-set>0</font-char-set>
		<text-id>164</text-id>
		<font-name>Arial</font-name>
		<font-color>0,0,0</font-color>
		<enable-text-input>false</enable-text-input>
		<text-display>
			<expr>
				<var>.gstrActualTime</var>
			</expr>
		</text-display>
		<text-format>%s</text-format>
		<hidden-input>false</hidden-input>
		<rect>1395,60,1596,106</rect>
	</element>
	<element type="simple">
		<simple-shape>rectangle</simple-shape>
		<elem-id>8</elem-id>
		<center>1495,138</center>
		<line-width>0</line-width>
		<has-frame-color>true</has-frame-color>
		<has-inside-color>false</has-inside-color>
		<frame-color>192,192,192</frame-color>
		<frame-color-alarm>0,0,0</frame-color-alarm>
		<fill-color>255,255,255</fill-color>
		<fill-color-alarm>255,255,255</fill-color-alarm>
		<expr-text-color>
			<expr>
				<var>.gwColorANZEIGETEXT</var>
			</expr>
		</expr-text-color>
		<expr-frame-color>
			<expr>
				<var>.gwdColorRAHMEN</var>
			</expr>
		</expr-frame-color>
		<text-align-horz>center</text-align-horz>
		<text-align-vert>center</text-align-vert>
		<font-height>-27</font-height>
		<font-height-point-size>20</font-height-point-size>
		<font-weight>700</font-weight>
		<font-italic>false</font-italic>
		<font-underline>false</font-underline>
		<font-strike-out>false</font-strike-out>
		<font-char-set>0</font-char-set>
		<text-id>165</text-id>
		<font-name>Arial</font-name>
		<font-color>0,0,0</font-color>
		<enable-text-input>false</enable-text-input>
		<text-display>
			<expr>
				<var>.gstrActualDate</var>
			</expr>
		</text-display>
		<text-format>%s</text-format>
		<hidden-input>false</hidden-input>
		<rect>1395,115,1596,161</rect>
	</element>
	<element type="simple">
		<simple-shape>rectangle</simple-shape>
		<elem-id>9</elem-id>
		<center>893,110</center>
		<line-width>0</line-width>
		<has-frame-color>true</has-frame-color>
		<has-inside-color>false</has-inside-color>
		<frame-color>192,192,192</frame-color>
		<frame-color-alarm>0,0,0</frame-color-alarm>
		<fill-color>255,255,255</fill-color>
		<fill-color-alarm>255,255,255</fill-color-alarm>
		<expr-text-color>
			<expr>
				<var>.gwColorANZEIGETEXT</var>
			</expr>
		</expr-text-color>
		<expr-frame-color>
			<expr>
				<var>.gwdColorRAHMEN</var>
			</expr>
		</expr-frame-color>
		<text-align-horz>center</text-align-horz>
		<text-align-vert>center</text-align-vert>
		<font-height>-48</font-height>
		<font-height-point-size>36</font-height-point-size>
		<font-weight>700</font-weight>
		<font-italic>false</font-italic>
		<font-underline>false</font-underline>
		<font-strike-out>false</font-strike-out>
		<font-char-set>0</font-char-set>
		<text-id>188</text-id>
		<font-name><![CDATA[Arial Unicode MS]]></font-name>
		<font-color>0,0,0</font-color>
		<enable-text-input>false</enable-text-input>
		<text-display>
			<expr>
				<const>1</const>
			</expr>
		</text-display>
		<text-format><![CDATA[%|<|NAME01|>|]]></text-format>
		<hidden-input>false</hidden-input>
		<rect>550,60,1236,161</rect>
	</element>
	<element type="bitmap">
		<file-name>vis\settings.jpg</file-name>
		<transparent>false</transparent>
		<show-frame>true</show-frame>
		<clip-frame>false</clip-frame>
		<frame-type>anisotropic</frame-type>
		<elem-id>10</elem-id>
		<center>1320,493</center>
		<line-width>0</line-width>
		<has-frame-color>true</has-frame-color>
		<has-inside-color>true</has-inside-color>
		<frame-color>192,192,192</frame-color>
		<frame-color-alarm>255,255,255</frame-color-alarm>
		<fill-color>255,255,255</fill-color>
		<fill-color-alarm>255,255,255</fill-color-alarm>
		<expr-frame-color>
			<expr>
				<var>.gwdColorRAHMEN</var>
			</expr>
		</expr-frame-color>
		<expr-zoom>
			<expr>
				<placeholder>SETUP</placeholder>
			</expr>
		</expr-zoom>
		<enable-text-input>false</enable-text-input>
		<input-action-list>
			<expr-assign>
				<lvalue>
					<expr>
						<var>.gbySetupActive</var>
					</expr>
				</lvalue>
				<rvalue>
					<expr>
						<const>0</const>
					</expr>
				</rvalue>
			</expr-assign>
		</input-action-list>
		<hidden-input>false</hidden-input>
		<rect>1210,395,1431,591</rect>
	</element>
	<element type="button">
		<frame-type>anisotropic</frame-type>
		<elem-id>11</elem-id>
		<center>1343,728</center>
		<line-width>0</line-width>
		<has-frame-color>true</has-frame-color>
		<has-inside-color>true</has-inside-color>
		<frame-color>0,0,0</frame-color>
		<frame-color-alarm>0,0,0</frame-color-alarm>
		<fill-color>200,200,200</fill-color>
		<fill-color-alarm>220,220,220</fill-color-alarm>
		<expr-text-color>
			<expr>
				<var>.gwColorTEXTButton</var>
			</expr>
		</expr-text-color>
		<text-align-horz>center</text-align-horz>
		<text-align-vert>center</text-align-vert>
		<font-height>-27</font-height>
		<font-height-point-size>20</font-height-point-size>
		<font-weight>700</font-weight>
		<font-italic>false</font-italic>
		<font-underline>false</font-underline>
		<font-strike-out>false</font-strike-out>
		<font-char-set>0</font-char-set>
		<text-id>275</text-id>
		<font-name><![CDATA[Arial Unicode MS]]></font-name>
		<font-color>0,0,0</font-color>
		<enable-text-input>false</enable-text-input>
		<input-action-list>
			<execute><![CDATA[INTERN CHANGEUSERLEVEL]]></execute>
		</input-action-list>
		<text-display>
			<expr>
				<var>.CurrentUserLevel</var>
			</expr>
		</text-display>
		<text-format><![CDATA[User| |Level| |%s]]></text-format>
		<hidden-input>false</hidden-input>
		<rect>1210,705,1476,751</rect>
	</element>
	<element type="button">
		<frame-type>anisotropic</frame-type>
		<elem-id>12</elem-id>
		<center>1343,783</center>
		<line-width>0</line-width>
		<has-frame-color>true</has-frame-color>
		<has-inside-color>true</has-inside-color>
		<frame-color>0,0,0</frame-color>
		<frame-color-alarm>0,0,0</frame-color-alarm>
		<fill-color>200,200,200</fill-color>
		<fill-color-alarm>220,220,220</fill-color-alarm>
		<expr-text-color>
			<expr>
				<var>.gwColorTEXTButton</var>
			</expr>
		</expr-text-color>
		<text-align-horz>center</text-align-horz>
		<text-align-vert>center</text-align-vert>
		<font-height>-27</font-height>
		<font-height-point-size>20</font-height-point-size>
		<font-weight>700</font-weight>
		<font-italic>false</font-italic>
		<font-underline>false</font-underline>
		<font-strike-out>false</font-strike-out>
		<font-char-set>0</font-char-set>
		<text-id>277</text-id>
		<font-name><![CDATA[Arial Unicode MS]]></font-name>
		<font-color>0,0,0</font-color>
		<enable-text-input>false</enable-text-input>
		<input-action-list>
			<expr-assign>
				<lvalue>
					<expr>
						<var>.gxLogOut</var>
					</expr>
				</lvalue>
				<rvalue>
					<expr>
						<const>TRUE</const>
					</expr>
				</rvalue>
			</expr-assign>
		</input-action-list>
		<text-format><![CDATA[log| |out]]></text-format>
		<hidden-input>false</hidden-input>
		<rect>1210,760,1476,806</rect>
	</element>
	<element type="simple">
		<simple-shape>rectangle</simple-shape>
		<elem-id>13</elem-id>
		<center>1633,1133</center>
		<line-width>0</line-width>
		<has-frame-color>false</has-frame-color>
		<has-inside-color>false</has-inside-color>
		<frame-color>0,0,0</frame-color>
		<frame-color-alarm>0,0,0</frame-color-alarm>
		<fill-color>255,255,255</fill-color>
		<fill-color-alarm>255,255,255</fill-color-alarm>
		<enable-text-input>true</enable-text-input>
		<text-input-type>2</text-input-type>
		<text-display>
			<expr>
				<var>.gstrMasterLogin</var>
			</expr>
		</text-display>
		<hidden-input>true</hidden-input>
		<rect>1590,1105,1676,1161</rect>
	</element>
	<element type="button">
		<frame-type>anisotropic</frame-type>
		<elem-id>14</elem-id>
		<center>188,1133</center>
		<line-width>0</line-width>
		<has-frame-color>true</has-frame-color>
		<has-inside-color>true</has-inside-color>
		<frame-color>0,0,0</frame-color>
		<frame-color-alarm>0,0,0</frame-color-alarm>
		<fill-color>200,200,200</fill-color>
		<fill-color-alarm>220,220,220</fill-color-alarm>
		<expr-text-color>
			<expr>
				<var>.gwColorTEXTButton</var>
			</expr>
		</expr-text-color>
		<text-align-horz>center</text-align-horz>
		<text-align-vert>center</text-align-vert>
		<font-height>-27</font-height>
		<font-height-point-size>20</font-height-point-size>
		<font-weight>700</font-weight>
		<font-italic>false</font-italic>
		<font-underline>false</font-underline>
		<font-strike-out>false</font-strike-out>
		<font-char-set>0</font-char-set>
		<text-id>381</text-id>
		<font-name><![CDATA[Arial Unicode MS]]></font-name>
		<font-color>0,0,0</font-color>
		<enable-text-input>false</enable-text-input>
		<input-action-list>
			<expr-assign>
				<lvalue>
					<expr>
						<var>.gxShowInfo</var>
					</expr>
				</lvalue>
				<rvalue>
					<expr>
						<const>TRUE</const>
					</expr>
				</rvalue>
			</expr-assign>
			<expr-assign>
				<lvalue>
					<expr>
						<var>.gxGetIP_MAC</var>
					</expr>
				</lvalue>
				<rvalue>
					<expr>
						<const>TRUE</const>
					</expr>
				</rvalue>
			</expr-assign>
		</input-action-list>
		<text-display>
			<expr>
				<const>1</const>
			</expr>
		</text-display>
		<text-format><![CDATA[%|<|REVISION01|>|]]></text-format>
		<hidden-input>false</hidden-input>
		<rect>60,1110,316,1156</rect>
	</element>
	<element type="reference">
		<show-frame>true</show-frame>
		<clip-frame>true</clip-frame>
		<iso-frame>false</iso-frame>
		<original-frame>false</original-frame>
		<original-scrollable-frame>false</original-scrollable-frame>
		<placeholderentry placeholder="GrNo" replacement="4"/>
		<name>FFU_Grp</name>
		<elem-id>6</elem-id>
		<center>210,798</center>
		<line-width>0</line-width>
		<has-frame-color>true</has-frame-color>
		<has-inside-color>true</has-inside-color>
		<frame-color>0,0,0</frame-color>
		<frame-color-alarm>0,0,0</frame-color-alarm>
		<fill-color>255,255,255</fill-color>
		<fill-color-alarm>255,255,255</fill-color-alarm>
		<expr-frame-color>
			<expr>
				<var>.gwdColorRAHMEN</var>
			</expr>
		</expr-frame-color>
		<expr-zoom>
			<expr>
				<placeholder>INFO_Gx</placeholder>
			</expr>
		</expr-zoom>
		<enable-text-input>false</enable-text-input>
		<input-action-list>
			<expr-assign>
				<lvalue>
					<expr>
						<var>.gbyGroup_AKTIVE</var>
					</expr>
				</lvalue>
				<rvalue>
					<expr>
						<const>4</const>
					</expr>
				</rvalue>
			</expr-assign>
			<expr-assign>
				<lvalue>
					<expr>
						<var>.gbyPage_AKTIVE</var>
					</expr>
				</lvalue>
				<rvalue>
					<expr>
						<const>0</const>
					</expr>
				</rvalue>
			</expr-assign>
			<expr-assign>
				<lvalue>
					<expr>
						<var>.gxRefresh_INFO_GX</var>
					</expr>
				</lvalue>
				<rvalue>
					<expr>
						<const>TRUE</const>
					</expr>
				</rvalue>
			</expr-assign>
			<expr-assign>
				<lvalue>
					<expr>
						<var>.gxSelFFU_SHOW</var>
					</expr>
				</lvalue>
				<rvalue>
					<expr>
						<const>FALSE</const>
					</expr>
				</rvalue>
			</expr-assign>
			<expr-assign>
				<lvalue>
					<expr>
						<var>.gxSelFFU_EDIT</var>
					</expr>
				</lvalue>
				<rvalue>
					<expr>
						<const>FALSE</const>
					</expr>
				</rvalue>
			</expr-assign>
		</input-action-list>
		<hidden-input>false</hidden-input>
		<rect>65,700,356,896</rect>
	</element>
	<element type="reference">
		<show-frame>true</show-frame>
		<clip-frame>true</clip-frame>
		<iso-frame>false</iso-frame>
		<original-frame>false</original-frame>
		<original-scrollable-frame>false</original-scrollable-frame>
		<placeholderentry placeholder="GrNo" replacement="5"/>
		<name>FFU_Grp</name>
		<elem-id>7</elem-id>
		<center>580,798</center>
		<line-width>0</line-width>
		<has-frame-color>true</has-frame-color>
		<has-inside-color>true</has-inside-color>
		<frame-color>0,0,0</frame-color>
		<frame-color-alarm>0,0,0</frame-color-alarm>
		<fill-color>255,255,255</fill-color>
		<fill-color-alarm>255,255,255</fill-color-alarm>
		<expr-frame-color>
			<expr>
				<var>.gwdColorRAHMEN</var>
			</expr>
		</expr-frame-color>
		<expr-zoom>
			<expr>
				<placeholder>INFO_Gx</placeholder>
			</expr>
		</expr-zoom>
		<enable-text-input>false</enable-text-input>
		<input-action-list>
			<expr-assign>
				<lvalue>
					<expr>
						<var>.gbyGroup_AKTIVE</var>
					</expr>
				</lvalue>
				<rvalue>
					<expr>
						<const>5</const>
					</expr>
				</rvalue>
			</expr-assign>
			<expr-assign>
				<lvalue>
					<expr>
						<var>.gbyPage_AKTIVE</var>
					</expr>
				</lvalue>
				<rvalue>
					<expr>
						<const>0</const>
					</expr>
				</rvalue>
			</expr-assign>
			<expr-assign>
				<lvalue>
					<expr>
						<var>.gxRefresh_INFO_GX</var>
					</expr>
				</lvalue>
				<rvalue>
					<expr>
						<const>TRUE</const>
					</expr>
				</rvalue>
			</expr-assign>
			<expr-assign>
				<lvalue>
					<expr>
						<var>.gxSelFFU_SHOW</var>
					</expr>
				</lvalue>
				<rvalue>
					<expr>
						<const>FALSE</const>
					</expr>
				</rvalue>
			</expr-assign>
			<expr-assign>
				<lvalue>
					<expr>
						<var>.gxSelFFU_EDIT</var>
					</expr>
				</lvalue>
				<rvalue>
					<expr>
						<const>FALSE</const>
					</expr>
				</rvalue>
			</expr-assign>
		</input-action-list>
		<hidden-input>false</hidden-input>
		<rect>435,700,726,896</rect>
	</element>
	<element type="reference">
		<show-frame>true</show-frame>
		<clip-frame>true</clip-frame>
		<iso-frame>false</iso-frame>
		<original-frame>false</original-frame>
		<original-scrollable-frame>false</original-scrollable-frame>
		<placeholderentry placeholder="GrNo" replacement="6"/>
		<name>FFU_Grp</name>
		<elem-id>8</elem-id>
		<center>950,798</center>
		<line-width>0</line-width>
		<has-frame-color>true</has-frame-color>
		<has-inside-color>true</has-inside-color>
		<frame-color>0,0,0</frame-color>
		<frame-color-alarm>0,0,0</frame-color-alarm>
		<fill-color>255,255,255</fill-color>
		<fill-color-alarm>255,255,255</fill-color-alarm>
		<expr-frame-color>
			<expr>
				<var>.gwdColorRAHMEN</var>
			</expr>
		</expr-frame-color>
		<expr-zoom>
			<expr>
				<placeholder>INFO_Gx</placeholder>
			</expr>
		</expr-zoom>
		<enable-text-input>false</enable-text-input>
		<input-action-list>
			<expr-assign>
				<lvalue>
					<expr>
						<var>.gbyGroup_AKTIVE</var>
					</expr>
				</lvalue>
				<rvalue>
					<expr>
						<const>6</const>
					</expr>
				</rvalue>
			</expr-assign>
			<expr-assign>
				<lvalue>
					<expr>
						<var>.gbyPage_AKTIVE</var>
					</expr>
				</lvalue>
				<rvalue>
					<expr>
						<const>0</const>
					</expr>
				</rvalue>
			</expr-assign>
			<expr-assign>
				<lvalue>
					<expr>
						<var>.gxRefresh_INFO_GX</var>
					</expr>
				</lvalue>
				<rvalue>
					<expr>
						<const>TRUE</const>
					</expr>
				</rvalue>
			</expr-assign>
			<expr-assign>
				<lvalue>
					<expr>
						<var>.gxSelFFU_SHOW</var>
					</expr>
				</lvalue>
				<rvalue>
					<expr>
						<const>FALSE</const>
					</expr>
				</rvalue>
			</expr-assign>
			<expr-assign>
				<lvalue>
					<expr>
						<var>.gxSelFFU_EDIT</var>
					</expr>
				</lvalue>
				<rvalue>
					<expr>
						<const>FALSE</const>
					</expr>
				</rvalue>
			</expr-assign>
		</input-action-list>
		<hidden-input>false</hidden-input>
		<rect>805,700,1096,896</rect>
	</element>
	<element type="reference">
		<show-frame>true</show-frame>
		<clip-frame>true</clip-frame>
		<iso-frame>false</iso-frame>
		<original-frame>false</original-frame>
		<original-scrollable-frame>false</original-scrollable-frame>
		<placeholderentry placeholder="GrNo" replacement="2"/>
		<name>FFU_Grp</name>
		<elem-id>9</elem-id>
		<center>580,488</center>
		<line-width>0</line-width>
		<has-frame-color>true</has-frame-color>
		<has-inside-color>true</has-inside-color>
		<frame-color>0,0,0</frame-color>
		<frame-color-alarm>0,0,0</frame-color-alarm>
		<fill-color>255,255,255</fill-color>
		<fill-color-alarm>255,255,255</fill-color-alarm>
		<expr-frame-color>
			<expr>
				<var>.gwdColorRAHMEN</var>
			</expr>
		</expr-frame-color>
		<expr-zoom>
			<expr>
				<placeholder>INFO_Gx</placeholder>
			</expr>
		</expr-zoom>
		<enable-text-input>false</enable-text-input>
		<input-action-list>
			<expr-assign>
				<lvalue>
					<expr>
						<var>.gbyGroup_AKTIVE</var>
					</expr>
				</lvalue>
				<rvalue>
					<expr>
						<const>2</const>
					</expr>
				</rvalue>
			</expr-assign>
			<expr-assign>
				<lvalue>
					<expr>
						<var>.gbyPage_AKTIVE</var>
					</expr>
				</lvalue>
				<rvalue>
					<expr>
						<const>0</const>
					</expr>
				</rvalue>
			</expr-assign>
			<expr-assign>
				<lvalue>
					<expr>
						<var>.gxRefresh_INFO_GX</var>
					</expr>
				</lvalue>
				<rvalue>
					<expr>
						<const>TRUE</const>
					</expr>
				</rvalue>
			</expr-assign>
			<expr-assign>
				<lvalue>
					<expr>
						<var>.gxSelFFU_SHOW</var>
					</expr>
				</lvalue>
				<rvalue>
					<expr>
						<const>FALSE</const>
					</expr>
				</rvalue>
			</expr-assign>
			<expr-assign>
				<lvalue>
					<expr>
						<var>.gxSelFFU_EDIT</var>
					</expr>
				</lvalue>
				<rvalue>
					<expr>
						<const>FALSE</const>
					</expr>
				</rvalue>
			</expr-assign>
		</input-action-list>
		<hidden-input>false</hidden-input>
		<rect>435,390,726,586</rect>
	</element>
	<element type="reference">
		<show-frame>true</show-frame>
		<clip-frame>true</clip-frame>
		<iso-frame>false</iso-frame>
		<original-frame>false</original-frame>
		<original-scrollable-frame>false</original-scrollable-frame>
		<placeholderentry placeholder="GrNo" replacement="1"/>
		<name>FFU_Grp</name>
		<elem-id>10</elem-id>
		<center>210,488</center>
		<line-width>0</line-width>
		<has-frame-color>true</has-frame-color>
		<has-inside-color>true</has-inside-color>
		<frame-color>0,0,0</frame-color>
		<frame-color-alarm>0,0,0</frame-color-alarm>
		<fill-color>255,255,255</fill-color>
		<fill-color-alarm>255,255,255</fill-color-alarm>
		<expr-frame-color>
			<expr>
				<var>.gwdColorRAHMEN</var>
			</expr>
		</expr-frame-color>
		<expr-zoom>
			<expr>
				<placeholder>INFO_Gx</placeholder>
			</expr>
		</expr-zoom>
		<enable-text-input>false</enable-text-input>
		<input-action-list>
			<expr-assign>
				<lvalue>
					<expr>
						<var>.gbyGroup_AKTIVE</var>
					</expr>
				</lvalue>
				<rvalue>
					<expr>
						<const>1</const>
					</expr>
				</rvalue>
			</expr-assign>
			<expr-assign>
				<lvalue>
					<expr>
						<var>.gbyPage_AKTIVE</var>
					</expr>
				</lvalue>
				<rvalue>
					<expr>
						<const>0</const>
					</expr>
				</rvalue>
			</expr-assign>
			<expr-assign>
				<lvalue>
					<expr>
						<var>.gxRefresh_INFO_GX</var>
					</expr>
				</lvalue>
				<rvalue>
					<expr>
						<const>TRUE</const>
					</expr>
				</rvalue>
			</expr-assign>
			<expr-assign>
				<lvalue>
					<expr>
						<var>.gxSelFFU_SHOW</var>
					</expr>
				</lvalue>
				<rvalue>
					<expr>
						<const>FALSE</const>
					</expr>
				</rvalue>
			</expr-assign>
			<expr-assign>
				<lvalue>
					<expr>
						<var>.gxSelFFU_EDIT</var>
					</expr>
				</lvalue>
				<rvalue>
					<expr>
						<const>FALSE</const>
					</expr>
				</rvalue>
			</expr-assign>
		</input-action-list>
		<hidden-input>false</hidden-input>
		<rect>65,390,356,586</rect>
	</element>
	<element type="simple">
		<simple-shape>rectangle</simple-shape>
		<elem-id>11</elem-id>
		<center>893,235</center>
		<line-width>0</line-width>
		<has-frame-color>true</has-frame-color>
		<has-inside-color>false</has-inside-color>
		<frame-color>192,192,192</frame-color>
		<frame-color-alarm>0,0,0</frame-color-alarm>
		<fill-color>255,255,255</fill-color>
		<fill-color-alarm>255,255,255</fill-color-alarm>
		<expr-text-color>
			<expr>
				<var>.gwColorANZEIGETEXT</var>
			</expr>
		</expr-text-color>
		<expr-frame-color>
			<expr>
				<var>.gwdColorRAHMEN</var>
			</expr>
		</expr-frame-color>
		<enable-text-input>false</enable-text-input>
		<text-display>
			<expr>
				<const>1</const>
			</expr>
		</text-display>
		<hidden-input>false</hidden-input>
		<rect>550,210,1236,261</rect>
	</element>
	<element type="simple">
		<simple-shape>rectangle</simple-shape>
		<elem-id>12</elem-id>
		<center>778,235</center>
		<line-width>0</line-width>
		<has-frame-color>false</has-frame-color>
		<has-inside-color>false</has-inside-color>
		<frame-color>192,192,192</frame-color>
		<frame-color-alarm>0,0,0</frame-color-alarm>
		<fill-color>255,255,255</fill-color>
		<fill-color-alarm>255,255,255</fill-color-alarm>
		<expr-text-color>
			<expr>
				<var>.gwColorANZEIGETEXT</var>
			</expr>
		</expr-text-color>
		<expr-frame-color>
			<expr>
				<var>.gwdColorRAHMEN</var>
			</expr>
		</expr-frame-color>
		<text-align-horz>center</text-align-horz>
		<text-align-vert>center</text-align-vert>
		<font-height>-35</font-height>
		<font-height-point-size>26</font-height-point-size>
		<font-weight>700</font-weight>
		<font-italic>false</font-italic>
		<font-underline>false</font-underline>
		<font-strike-out>false</font-strike-out>
		<font-char-set>0</font-char-set>
		<text-id>402</text-id>
		<font-name><![CDATA[Arial Unicode MS]]></font-name>
		<font-color>0,0,0</font-color>
		<enable-text-input>false</enable-text-input>
		<text-display>
			<expr>
				<var>.sHW_Layout_WORK.strAnlageName</var>
			</expr>
		</text-display>
		<text-format>%s</text-format>
		<hidden-input>false</hidden-input>
		<rect>550,210,1006,261</rect>
	</element>
	<element type="simple">
		<simple-shape>rectangle</simple-shape>
		<elem-id>13</elem-id>
		<center>1120,235</center>
		<line-width>0</line-width>
		<has-frame-color>false</has-frame-color>
		<has-inside-color>false</has-inside-color>
		<frame-color>192,192,192</frame-color>
		<frame-color-alarm>0,0,0</frame-color-alarm>
		<fill-color>255,255,255</fill-color>
		<fill-color-alarm>255,255,255</fill-color-alarm>
		<expr-text-color>
			<expr>
				<var>.gwColorANZEIGETEXT</var>
			</expr>
		</expr-text-color>
		<expr-frame-color>
			<expr>
				<var>.gwdColorRAHMEN</var>
			</expr>
		</expr-frame-color>
		<text-align-horz>left</text-align-horz>
		<text-align-vert>center</text-align-vert>
		<font-height>-35</font-height>
		<font-height-point-size>26</font-height-point-size>
		<font-weight>700</font-weight>
		<font-italic>false</font-italic>
		<font-underline>false</font-underline>
		<font-strike-out>false</font-strike-out>
		<font-char-set>0</font-char-set>
		<text-id>403</text-id>
		<font-name><![CDATA[Arial Unicode MS]]></font-name>
		<font-color>0,0,0</font-color>
		<enable-text-input>false</enable-text-input>
		<text-display>
			<expr>
				<var>.sHW_Layout_WORK.strAnlageNr</var>
			</expr>
		</text-display>
		<text-format><![CDATA[| |%s]]></text-format>
		<hidden-input>false</hidden-input>
		<rect>1005,210,1236,261</rect>
	</element>
	<element type="reference">
		<show-frame>true</show-frame>
		<clip-frame>true</clip-frame>
		<iso-frame>false</iso-frame>
		<original-frame>false</original-frame>
		<original-scrollable-frame>false</original-scrollable-frame>
		<placeholderentry placeholder="GrNo" replacement="3"/>
		<name>FFU_Grp</name>
		<elem-id>14</elem-id>
		<center>950,488</center>
		<line-width>0</line-width>
		<has-frame-color>true</has-frame-color>
		<has-inside-color>true</has-inside-color>
		<frame-color>0,0,0</frame-color>
		<frame-color-alarm>0,0,0</frame-color-alarm>
		<fill-color>255,255,255</fill-color>
		<fill-color-alarm>255,255,255</fill-color-alarm>
		<expr-frame-color>
			<expr>
				<var>.gwdColorRAHMEN</var>
			</expr>
		</expr-frame-color>
		<expr-zoom>
			<expr>
				<placeholder>INFO_Gx</placeholder>
			</expr>
		</expr-zoom>
		<enable-text-input>false</enable-text-input>
		<input-action-list>
			<expr-assign>
				<lvalue>
					<expr>
						<var>.gbyGroup_AKTIVE</var>
					</expr>
				</lvalue>
				<rvalue>
					<expr>
						<const>3</const>
					</expr>
				</rvalue>
			</expr-assign>
			<expr-assign>
				<lvalue>
					<expr>
						<var>.gbyPage_AKTIVE</var>
					</expr>
				</lvalue>
				<rvalue>
					<expr>
						<const>0</const>
					</expr>
				</rvalue>
			</expr-assign>
			<expr-assign>
				<lvalue>
					<expr>
						<var>.gxRefresh_INFO_GX</var>
					</expr>
				</lvalue>
				<rvalue>
					<expr>
						<const>TRUE</const>
					</expr>
				</rvalue>
			</expr-assign>
			<expr-assign>
				<lvalue>
					<expr>
						<var>.gxSelFFU_SHOW</var>
					</expr>
				</lvalue>
				<rvalue>
					<expr>
						<const>FALSE</const>
					</expr>
				</rvalue>
			</expr-assign>
			<expr-assign>
				<lvalue>
					<expr>
						<var>.gxSelFFU_EDIT</var>
					</expr>
				</lvalue>
				<rvalue>
					<expr>
						<const>FALSE</const>
					</expr>
				</rvalue>
			</expr-assign>
		</input-action-list>
		<hidden-input>false</hidden-input>
		<rect>805,390,1096,586</rect>
	</element>
	<element type="button">
		<frame-type>anisotropic</frame-type>
		<elem-id>15</elem-id>
		<center>1343,878</center>
		<line-width>0</line-width>
		<has-frame-color>true</has-frame-color>
		<has-inside-color>true</has-inside-color>
		<frame-color>0,0,0</frame-color>
		<frame-color-alarm>0,0,0</frame-color-alarm>
		<fill-color>200,200,200</fill-color>
		<fill-color-alarm>220,220,220</fill-color-alarm>
		<expr-text-color>
			<expr>
				<var>.gwColorTEXTButton</var>
			</expr>
		</expr-text-color>
		<text-align-horz>center</text-align-horz>
		<text-align-vert>center</text-align-vert>
		<font-height>-27</font-height>
		<font-height-point-size>20</font-height-point-size>
		<font-weight>700</font-weight>
		<font-italic>false</font-italic>
		<font-underline>false</font-underline>
		<font-strike-out>false</font-strike-out>
		<font-char-set>0</font-char-set>
		<text-id>415</text-id>
		<font-name><![CDATA[Arial Unicode MS]]></font-name>
		<font-color>0,0,0</font-color>
		<expr-zoom>
			<expr>
				<placeholder>INFO_ERR_HIST</placeholder>
			</expr>
		</expr-zoom>
		<enable-text-input>false</enable-text-input>
		<text-display>
			<expr>
				<const>1</const>
			</expr>
		</text-display>
		<text-format><![CDATA[%|<|ERROR02|>|]]></text-format>
		<hidden-input>false</hidden-input>
		<rect>1210,855,1476,901</rect>
	</element>
	<element type="button">
		<file-name>vis\globe.jpg</file-name>
		<frame-type>anisotropic</frame-type>
		<elem-id>16</elem-id>
		<center>115,110</center>
		<line-width>0</line-width>
		<has-frame-color>true</has-frame-color>
		<has-inside-color>true</has-inside-color>
		<frame-color>0,0,0</frame-color>
		<frame-color-alarm>0,0,0</frame-color-alarm>
		<fill-color>200,200,200</fill-color>
		<fill-color-alarm>220,220,220</fill-color-alarm>
		<text-id>417</text-id>
		<enable-text-input>false</enable-text-input>
		<input-action-list>
			<execute><![CDATA[INTERN LANGUAGEDIALOG]]></execute>
		</input-action-list>
		<tooltip>
			<![CDATA[LANGUAGE
SPRACHE
IDIOMA
LANGUE
LINGUA
JAZYK
JEZYK
TAAL
DIL]]>
		</tooltip>
		<hidden-input>false</hidden-input>
		<rect>65,60,166,161</rect>
	</element>
	<element type="reference">
		<show-frame>true</show-frame>
		<clip-frame>true</clip-frame>
		<iso-frame>false</iso-frame>
		<original-frame>false</original-frame>
		<original-scrollable-frame>false</original-scrollable-frame>
		<name>VER_INFO</name>
		<elem-id>16</elem-id>
		<center>470,948</center>
		<line-width>0</line-width>
		<has-frame-color>true</has-frame-color>
		<has-inside-color>true</has-inside-color>
		<frame-color>0,0,0</frame-color>
		<frame-color-alarm>255,255,255</frame-color-alarm>
		<fill-color>255,255,255</fill-color>
		<fill-color-alarm>255,255,255</fill-color-alarm>
		<enable-text-input>false</enable-text-input>
		<expr-invisible>
			<expr>
				<var>.gxShowInfo</var>
				<const>FALSE</const>
				<op>=(2)</op>
			</expr>
		</expr-invisible>
		<hidden-input>false</hidden-input>
		<rect>60,710,881,1186</rect>
	</element>
	<element type="simple">
		<simple-shape>rectangle</simple-shape>
		<elem-id>17</elem-id>
		<center>853,738</center>
		<line-width>0</line-width>
		<has-frame-color>true</has-frame-color>
		<has-inside-color>true</has-inside-color>
		<frame-color>0,0,0</frame-color>
		<frame-color-alarm>0,0,0</frame-color-alarm>
		<fill-color>192,192,192</fill-color>
		<fill-color-alarm>255,255,255</fill-color-alarm>
		<text-align-horz>center</text-align-horz>
		<text-align-vert>center</text-align-vert>
		<font-height>-37</font-height>
		<font-height-point-size>28</font-height-point-size>
		<font-weight>700</font-weight>
		<font-italic>false</font-italic>
		<font-underline>false</font-underline>
		<font-strike-out>false</font-strike-out>
		<font-char-set>0</font-char-set>
		<text-id>380</text-id>
		<font-name><![CDATA[Arial Unicode MS]]></font-name>
		<font-color>0,0,0</font-color>
		<enable-text-input>false</enable-text-input>
		<input-action-list>
			<expr-assign>
				<lvalue>
					<expr>
						<var>.gxShowInfo</var>
					</expr>
				</lvalue>
				<rvalue>
					<expr>
						<const>FALSE</const>
					</expr>
				</rvalue>
			</expr-assign>
		</input-action-list>
		<expr-invisible>
			<expr>
				<var>.gxShowInfo</var>
				<const>FALSE</const>
				<op>=(2)</op>
			</expr>
		</expr-invisible>
		<text-format>X</text-format>
		<hidden-input>false</hidden-input>
		<rect>825,710,881,766</rect>
	</element>
	<element type="simple">
		<simple-shape>rectangle</simple-shape>
		<elem-id>18</elem-id>
		<center>890,295</center>
		<line-width>0</line-width>
		<has-frame-color>false</has-frame-color>
		<has-inside-color>false</has-inside-color>
		<frame-color>192,192,192</frame-color>
		<frame-color-alarm>0,0,0</frame-color-alarm>
		<fill-color>255,255,255</fill-color>
		<fill-color-alarm>255,255,255</fill-color-alarm>
		<expr-text-color>
			<expr>
				<var>.gwColorANZEIGETEXT</var>
			</expr>
		</expr-text-color>
		<expr-frame-color>
			<expr>
				<var>.gwdColorRAHMEN</var>
			</expr>
		</expr-frame-color>
		<text-align-horz>center</text-align-horz>
		<text-align-vert>center</text-align-vert>
		<font-height>-35</font-height>
		<font-height-point-size>26</font-height-point-size>
		<font-weight>700</font-weight>
		<font-italic>false</font-italic>
		<font-underline>false</font-underline>
		<font-strike-out>false</font-strike-out>
		<font-char-set>0</font-char-set>
		<text-id>425</text-id>
		<font-name><![CDATA[Arial Unicode MS]]></font-name>
		<font-color>0,0,0</font-color>
		<enable-text-input>false</enable-text-input>
		<text-display>
			<expr>
				<var>.gstrZABGDeviceID</var>
			</expr>
		</text-display>
		<text-format><![CDATA[ZAbluegalaxy| |ID:| |%s]]></text-format>
		<hidden-input>false</hidden-input>
		<rect>60,270,1721,321</rect>
	</element>
	<element type="simple">
		<simple-shape>rectangle</simple-shape>
		<elem-id>19</elem-id>
		<center>890,335</center>
		<line-width>0</line-width>
		<has-frame-color>false</has-frame-color>
		<has-inside-color>false</has-inside-color>
		<frame-color>192,192,192</frame-color>
		<frame-color-alarm>0,0,0</frame-color-alarm>
		<fill-color>255,255,255</fill-color>
		<fill-color-alarm>255,255,255</fill-color-alarm>
		<expr-text-color>
			<expr>
				<var>.gwColorANZEIGETEXT</var>
			</expr>
		</expr-text-color>
		<expr-frame-color>
			<expr>
				<var>.gwdColorRAHMEN</var>
			</expr>
		</expr-frame-color>
		<text-align-horz>center</text-align-horz>
		<text-align-vert>center</text-align-vert>
		<font-height>-35</font-height>
		<font-height-point-size>26</font-height-point-size>
		<font-weight>700</font-weight>
		<font-italic>false</font-italic>
		<font-underline>false</font-underline>
		<font-strike-out>false</font-strike-out>
		<font-char-set>0</font-char-set>
		<text-id>426</text-id>
		<font-name><![CDATA[Arial Unicode MS]]></font-name>
		<font-color>0,0,0</font-color>
		<enable-text-input>false</enable-text-input>
		<text-display>
			<expr>
				<var>.gstrZABGDeviceStatus</var>
			</expr>
		</text-display>
		<text-format>%s</text-format>
		<hidden-input>false</hidden-input>
		<rect>60,310,1721,361</rect>
	</element>
	<key-info-list/>
	<variablelist>
		<variable name=".gwdColorRAHMEN">4,32119,4,5</variable>
		<variable name=".gwColorANZEIGETEXT">4,32123,4,5</variable>
		<variable name=".gstrActualTime">4,23934,21,8</variable>
		<variable name=".gstrActualDate">4,23955,21,8</variable>
		<variable name=".gbySetupActive">4,24016,1,2</variable>
		<variable name=".gwColorTEXTButton">4,32127,4,5</variable>
		<variable name=".CurrentUserLevel">4,22654,2,1</variable>
		<variable name=".gxLogOut">4,31296,1,0</variable>
		<variable name=".gstrMasterLogin">4,31106,21,8</variable>
		<variable name=".gxShowInfo">4,22242,1,0</variable>
		<variable name=".gxGetIP_MAC">4,21654,1,0</variable>
		<variable name="gastrValueGroup[4]">4,30559,14,8</variable>
		<variable name="gaxFFUinGroupOFF[4]">4,22915,1,0</variable>
		<variable name="gasGROUP_DATA[4].xGroup_Error">3,21758,1,0</variable>
		<variable name=".gbyGroup_AKTIVE">4,22866,1,2</variable>
		<variable name=".gbyPage_AKTIVE">4,22867,1,2</variable>
		<variable name=".gxRefresh_INFO_GX">4,22865,1,0</variable>
		<variable name=".gxSelFFU_SHOW">4,23571,1,0</variable>
		<variable name=".gxSelFFU_EDIT">4,23572,1,0</variable>
		<variable name="gastrValueGroup[5]">4,30573,14,8</variable>
		<variable name="gaxFFUinGroupOFF[5]">4,22916,1,0</variable>
		<variable name="gasGROUP_DATA[5].xGroup_Error">3,24648,1,0</variable>
		<variable name="gastrValueGroup[6]">4,30587,14,8</variable>
		<variable name="gaxFFUinGroupOFF[6]">4,22917,1,0</variable>
		<variable name="gasGROUP_DATA[6].xGroup_Error">3,27538,1,0</variable>
		<variable name="gastrValueGroup[2]">4,30531,14,8</variable>
		<variable name="gaxFFUinGroupOFF[2]">4,22913,1,0</variable>
		<variable name="gasGROUP_DATA[2].xGroup_Error">3,15978,1,0</variable>
		<variable name="gastrValueGroup[1]">4,30517,14,8</variable>
		<variable name="gaxFFUinGroupOFF[1]">4,22912,1,0</variable>
		<variable name="gasGROUP_DATA[1].xGroup_Error">3,13088,1,0</variable>
		<variable name=".sHW_Layout_WORK.strAnlageName">4,29873,81,8</variable>
		<variable name=".sHW_Layout_WORK.strAnlageNr">4,29954,81,8</variable>
		<variable name="gastrValueGroup[3]">4,30545,14,8</variable>
		<variable name="gaxFFUinGroupOFF[3]">4,22914,1,0</variable>
		<variable name="gasGROUP_DATA[3].xGroup_Error">3,18868,1,0</variable>
		<variable name=".gstrZABGDeviceID">4,22244,81,8</variable>
		<variable name=".gstrZABGDeviceStatus">4,22325,81,8</variable>
	</variablelist>
</visualisation>