<?xml version="1.0" encoding="ISO-8859-1"?>

<visualisation>
	<time-stamp>1631702889,1481218672</time-stamp>
	<name>SEL_FILE_ORG</name>
	<symplified-user-input>false</symplified-user-input>
	<keyboard-usage-for-table>true</keyboard-usage-for-table>
	<size>1721,1201</size>
	<usage-type>0</usage-type>
	<use-language-file>false</use-language-file>
	<use-dynamic-text>true</use-dynamic-text>
	<hide-elements>false</hide-elements>
	<language>ENGLISH</language>
	<dynamic-text-file>VIS\SPRACHE\DYNSPR.XML</dynamic-text-file>
	<element type="bitmap">
		<file-name>vis\bgpic01.jpg</file-name>
		<transparent>false</transparent>
		<show-frame>true</show-frame>
		<clip-frame>true</clip-frame>
		<frame-type>anisotropic</frame-type>
		<elem-id>0</elem-id>
		<center>860,600</center>
		<line-width>0</line-width>
		<has-frame-color>true</has-frame-color>
		<has-inside-color>true</has-inside-color>
		<frame-color>192,192,192</frame-color>
		<frame-color-alarm>255,255,255</frame-color-alarm>
		<fill-color>255,255,255</fill-color>
		<fill-color-alarm>255,255,255</fill-color-alarm>
		<expr-frame-color>
			<expr>
				<var>.gwdColorRAHMEN</var>
			</expr>
		</expr-frame-color>
		<enable-text-input>false</enable-text-input>
		<hidden-input>false</hidden-input>
		<rect>0,0,1721,1201</rect>
	</element>
	<element type="button">
		<frame-type>anisotropic</frame-type>
		<elem-id>1</elem-id>
		<center>308,628</center>
		<line-width>0</line-width>
		<has-frame-color>true</has-frame-color>
		<has-inside-color>true</has-inside-color>
		<frame-color>0,0,0</frame-color>
		<frame-color-alarm>0,0,0</frame-color-alarm>
		<fill-color>200,200,200</fill-color>
		<fill-color-alarm>220,220,220</fill-color-alarm>
		<expr-text-color>
			<expr>
				<var>.gwColorTEXTButton</var>
			</expr>
		</expr-text-color>
		<text-align-horz>center</text-align-horz>
		<text-align-vert>center</text-align-vert>
		<font-height>-27</font-height>
		<font-height-point-size>20</font-height-point-size>
		<font-weight>700</font-weight>
		<font-italic>false</font-italic>
		<font-underline>false</font-underline>
		<font-strike-out>false</font-strike-out>
		<font-char-set>0</font-char-set>
		<text-id>739</text-id>
		<font-name><![CDATA[Arial Unicode MS]]></font-name>
		<font-color>0,0,0</font-color>
		<tap-false>false</tap-false>
		<expr-tap-var>
			<expr>
				<var>.gxSHOW_ACT2ACT</var>
			</expr>
		</expr-tap-var>
		<enable-text-input>false</enable-text-input>
		<text-display>
			<expr>
				<const>1</const>
			</expr>
		</text-display>
		<text-format><![CDATA[%|<|FileCopy08|>|]]></text-format>
		<hidden-input>false</hidden-input>
		<rect>80,580,536,676</rect>
	</element>
	<element type="simple">
		<simple-shape>rectangle</simple-shape>
		<elem-id>2</elem-id>
		<center>848,110</center>
		<line-width>0</line-width>
		<has-frame-color>true</has-frame-color>
		<has-inside-color>false</has-inside-color>
		<frame-color>192,192,192</frame-color>
		<frame-color-alarm>0,0,0</frame-color-alarm>
		<fill-color>255,255,255</fill-color>
		<fill-color-alarm>255,255,255</fill-color-alarm>
		<expr-text-color>
			<expr>
				<var>.gwColorANZEIGETEXT</var>
			</expr>
		</expr-text-color>
		<expr-frame-color>
			<expr>
				<var>.gwdColorRAHMEN</var>
			</expr>
		</expr-frame-color>
		<text-align-horz>center</text-align-horz>
		<text-align-vert>center</text-align-vert>
		<font-height>-35</font-height>
		<font-height-point-size>26</font-height-point-size>
		<font-weight>700</font-weight>
		<font-italic>false</font-italic>
		<font-underline>false</font-underline>
		<font-strike-out>false</font-strike-out>
		<font-char-set>0</font-char-set>
		<text-id>646</text-id>
		<font-name><![CDATA[Arial Unicode MS]]></font-name>
		<font-color>0,0,0</font-color>
		<enable-text-input>false</enable-text-input>
		<text-display>
			<expr>
				<const>1</const>
			</expr>
		</text-display>
		<text-format><![CDATA[%|<|FileCopy01|>|]]></text-format>
		<hidden-input>false</hidden-input>
		<rect>615,60,1081,161</rect>
	</element>
	<element type="button">
		<frame-type>anisotropic</frame-type>
		<elem-id>3</elem-id>
		<center>308,743</center>
		<line-width>0</line-width>
		<has-frame-color>true</has-frame-color>
		<has-inside-color>true</has-inside-color>
		<frame-color>0,0,0</frame-color>
		<frame-color-alarm>0,0,0</frame-color-alarm>
		<fill-color>200,200,200</fill-color>
		<fill-color-alarm>220,220,220</fill-color-alarm>
		<expr-text-color>
			<expr>
				<var>.gwColorTEXTButton</var>
			</expr>
		</expr-text-color>
		<text-align-horz>center</text-align-horz>
		<text-align-vert>center</text-align-vert>
		<font-height>-27</font-height>
		<font-height-point-size>20</font-height-point-size>
		<font-weight>700</font-weight>
		<font-italic>false</font-italic>
		<font-underline>false</font-underline>
		<font-strike-out>false</font-strike-out>
		<font-char-set>0</font-char-set>
		<text-id>728</text-id>
		<font-name><![CDATA[Arial Unicode MS]]></font-name>
		<font-color>0,0,0</font-color>
		<tap-false>false</tap-false>
		<expr-tap-var>
			<expr>
				<var>.gxSHOW_FAC2ACT</var>
			</expr>
		</expr-tap-var>
		<enable-text-input>false</enable-text-input>
		<text-display>
			<expr>
				<const>1</const>
			</expr>
		</text-display>
		<text-format><![CDATA[%|<|FileCopy05|>|]]></text-format>
		<hidden-input>false</hidden-input>
		<rect>80,695,536,791</rect>
	</element>
	<element type="button">
		<frame-type>anisotropic</frame-type>
		<elem-id>4</elem-id>
		<center>308,283</center>
		<line-width>0</line-width>
		<has-frame-color>true</has-frame-color>
		<has-inside-color>true</has-inside-color>
		<frame-color>0,0,0</frame-color>
		<frame-color-alarm>0,0,0</frame-color-alarm>
		<fill-color>200,200,200</fill-color>
		<fill-color-alarm>220,220,220</fill-color-alarm>
		<expr-text-color>
			<expr>
				<var>.gwColorTEXTButton</var>
			</expr>
		</expr-text-color>
		<text-align-horz>center</text-align-horz>
		<text-align-vert>center</text-align-vert>
		<font-height>-27</font-height>
		<font-height-point-size>20</font-height-point-size>
		<font-weight>700</font-weight>
		<font-italic>false</font-italic>
		<font-underline>false</font-underline>
		<font-strike-out>false</font-strike-out>
		<font-char-set>0</font-char-set>
		<text-id>729</text-id>
		<font-name><![CDATA[Arial Unicode MS]]></font-name>
		<font-color>0,0,0</font-color>
		<tap-false>false</tap-false>
		<expr-tap-var>
			<expr>
				<var>.gxSHOW_Info2USB</var>
			</expr>
		</expr-tap-var>
		<enable-text-input>false</enable-text-input>
		<text-display>
			<expr>
				<const>1</const>
			</expr>
		</text-display>
		<text-format><![CDATA[%|<|FileCopy02|>|]]></text-format>
		<hidden-input>false</hidden-input>
		<rect>80,235,536,331</rect>
	</element>
	<element type="button">
		<frame-type>anisotropic</frame-type>
		<elem-id>5</elem-id>
		<center>308,398</center>
		<line-width>0</line-width>
		<has-frame-color>true</has-frame-color>
		<has-inside-color>true</has-inside-color>
		<frame-color>0,0,0</frame-color>
		<frame-color-alarm>0,0,0</frame-color-alarm>
		<fill-color>200,200,200</fill-color>
		<fill-color-alarm>220,220,220</fill-color-alarm>
		<expr-text-color>
			<expr>
				<var>.gwColorTEXTButton</var>
			</expr>
		</expr-text-color>
		<text-align-horz>center</text-align-horz>
		<text-align-vert>center</text-align-vert>
		<font-height>-27</font-height>
		<font-height-point-size>20</font-height-point-size>
		<font-weight>700</font-weight>
		<font-italic>false</font-italic>
		<font-underline>false</font-underline>
		<font-strike-out>false</font-strike-out>
		<font-char-set>0</font-char-set>
		<text-id>730</text-id>
		<font-name><![CDATA[Arial Unicode MS]]></font-name>
		<font-color>0,0,0</font-color>
		<tap-false>false</tap-false>
		<expr-tap-var>
			<expr>
				<var>.gxSHOW_ACT2DEF</var>
			</expr>
		</expr-tap-var>
		<enable-text-input>false</enable-text-input>
		<text-display>
			<expr>
				<const>1</const>
			</expr>
		</text-display>
		<text-format><![CDATA[%|<|FileCopy03|>|]]></text-format>
		<hidden-input>false</hidden-input>
		<rect>80,350,536,446</rect>
	</element>
	<element type="button">
		<frame-type>anisotropic</frame-type>
		<elem-id>6</elem-id>
		<center>308,858</center>
		<line-width>0</line-width>
		<has-frame-color>true</has-frame-color>
		<has-inside-color>true</has-inside-color>
		<frame-color>0,0,0</frame-color>
		<frame-color-alarm>0,0,0</frame-color-alarm>
		<fill-color>200,200,200</fill-color>
		<fill-color-alarm>220,220,220</fill-color-alarm>
		<expr-text-color>
			<expr>
				<var>.gwColorTEXTButton</var>
			</expr>
		</expr-text-color>
		<text-align-horz>center</text-align-horz>
		<text-align-vert>center</text-align-vert>
		<font-height>-27</font-height>
		<font-height-point-size>20</font-height-point-size>
		<font-weight>700</font-weight>
		<font-italic>false</font-italic>
		<font-underline>false</font-underline>
		<font-strike-out>false</font-strike-out>
		<font-char-set>0</font-char-set>
		<text-id>731</text-id>
		<font-name><![CDATA[Arial Unicode MS]]></font-name>
		<font-color>0,0,0</font-color>
		<tap-false>false</tap-false>
		<expr-tap-var>
			<expr>
				<var>.gxSHOW_FAC2FAC</var>
			</expr>
		</expr-tap-var>
		<enable-text-input>false</enable-text-input>
		<text-display>
			<expr>
				<const>1</const>
			</expr>
		</text-display>
		<text-format><![CDATA[%|<|FileCopy06|>|]]></text-format>
		<hidden-input>false</hidden-input>
		<rect>80,810,536,906</rect>
	</element>
	<element type="button">
		<frame-type>anisotropic</frame-type>
		<elem-id>7</elem-id>
		<center>308,513</center>
		<line-width>0</line-width>
		<has-frame-color>true</has-frame-color>
		<has-inside-color>true</has-inside-color>
		<frame-color>0,0,0</frame-color>
		<frame-color-alarm>0,0,0</frame-color-alarm>
		<fill-color>200,200,200</fill-color>
		<fill-color-alarm>220,220,220</fill-color-alarm>
		<expr-text-color>
			<expr>
				<var>.gwColorTEXTButton</var>
			</expr>
		</expr-text-color>
		<text-align-horz>center</text-align-horz>
		<text-align-vert>center</text-align-vert>
		<font-height>-27</font-height>
		<font-height-point-size>20</font-height-point-size>
		<font-weight>700</font-weight>
		<font-italic>false</font-italic>
		<font-underline>false</font-underline>
		<font-strike-out>false</font-strike-out>
		<font-char-set>0</font-char-set>
		<text-id>732</text-id>
		<font-name><![CDATA[Arial Unicode MS]]></font-name>
		<font-color>0,0,0</font-color>
		<tap-false>false</tap-false>
		<expr-tap-var>
			<expr>
				<var>.gxSHOW_DEF2ACT</var>
			</expr>
		</expr-tap-var>
		<enable-text-input>false</enable-text-input>
		<text-display>
			<expr>
				<const>1</const>
			</expr>
		</text-display>
		<text-format><![CDATA[%|<|FileCopy04|>|]]></text-format>
		<hidden-input>false</hidden-input>
		<rect>80,465,536,561</rect>
	</element>
	<element type="simple">
		<simple-shape>rectangle</simple-shape>
		<elem-id>8</elem-id>
		<center>1075,608</center>
		<line-width>0</line-width>
		<has-frame-color>true</has-frame-color>
		<has-inside-color>true</has-inside-color>
		<frame-color>0,0,0</frame-color>
		<frame-color-alarm>255,0,0</frame-color-alarm>
		<fill-color>198,255,198</fill-color>
		<fill-color-alarm>255,255,255</fill-color-alarm>
		<enable-text-input>false</enable-text-input>
		<hidden-input>false</hidden-input>
		<rect>445,120,1706,1096</rect>
	</element>
	<element type="button">
		<frame-type>anisotropic</frame-type>
		<elem-id>9</elem-id>
		<center>135,105</center>
		<line-width>0</line-width>
		<has-frame-color>true</has-frame-color>
		<has-inside-color>true</has-inside-color>
		<frame-color>0,0,0</frame-color>
		<frame-color-alarm>0,0,0</frame-color-alarm>
		<fill-color>200,200,200</fill-color>
		<fill-color-alarm>220,220,220</fill-color-alarm>
		<expr-text-color>
			<expr>
				<var>.gwColorTEXTButton</var>
			</expr>
		</expr-text-color>
		<text-align-horz>center</text-align-horz>
		<text-align-vert>center</text-align-vert>
		<font-height>-27</font-height>
		<font-height-point-size>20</font-height-point-size>
		<font-weight>700</font-weight>
		<font-italic>false</font-italic>
		<font-underline>false</font-underline>
		<font-strike-out>false</font-strike-out>
		<font-char-set>0</font-char-set>
		<text-id>647</text-id>
		<font-name><![CDATA[Arial Unicode MS]]></font-name>
		<font-color>0,0,0</font-color>
		<expr-zoom>
			<expr>
				<placeholder>ED_FILE</placeholder>
			</expr>
		</expr-zoom>
		<enable-text-input>false</enable-text-input>
		<text-display>
			<expr>
				<const>1</const>
			</expr>
		</text-display>
		<text-format><![CDATA[%|<|RETURN01|>|]]></text-format>
		<hidden-input>false</hidden-input>
		<rect>60,60,211,151</rect>
	</element>
	<element type="button">
		<frame-type>anisotropic</frame-type>
		<elem-id>10</elem-id>
		<center>570,180</center>
		<line-width>0</line-width>
		<has-frame-color>true</has-frame-color>
		<has-inside-color>true</has-inside-color>
		<frame-color>0,0,0</frame-color>
		<frame-color-alarm>0,0,0</frame-color-alarm>
		<fill-color>200,200,200</fill-color>
		<fill-color-alarm>220,220,220</fill-color-alarm>
		<expr-text-color>
			<expr>
				<var>.gwColorTEXTButton</var>
			</expr>
		</expr-text-color>
		<text-align-horz>center</text-align-horz>
		<text-align-vert>center</text-align-vert>
		<font-height>-27</font-height>
		<font-height-point-size>20</font-height-point-size>
		<font-weight>700</font-weight>
		<font-italic>false</font-italic>
		<font-underline>false</font-underline>
		<font-strike-out>false</font-strike-out>
		<font-char-set>0</font-char-set>
		<text-id>663</text-id>
		<font-name><![CDATA[Arial Unicode MS]]></font-name>
		<font-color>0,0,0</font-color>
		<expr-zoom>
			<expr>
				<placeholder>ED_FILE</placeholder>
			</expr>
		</expr-zoom>
		<enable-text-input>false</enable-text-input>
		<text-display>
			<expr>
				<const>1</const>
			</expr>
		</text-display>
		<text-format><![CDATA[%|<|RETURN01|>|]]></text-format>
		<hidden-input>false</hidden-input>
		<rect>495,135,646,226</rect>
	</element>
	<element type="simple">
		<simple-shape>rectangle</simple-shape>
		<elem-id>11</elem-id>
		<center>800,650</center>
		<line-width>0</line-width>
		<has-frame-color>true</has-frame-color>
		<has-inside-color>true</has-inside-color>
		<frame-color>0,0,0</frame-color>
		<frame-color-alarm>0,0,0</frame-color-alarm>
		<fill-color>255,255,255</fill-color>
		<fill-color-alarm>255,255,255</fill-color-alarm>
		<enable-text-input>false</enable-text-input>
		<hidden-input>false</hidden-input>
		<rect>495,240,1106,1061</rect>
	</element>
	<element type="polygon">
		<poly-count>2</poly-count>
		<poly-shape>polyline</poly-shape>
		<point>1125,415</point>
		<point>1255,415</point>
		<elem-id>12</elem-id>
		<center>1190,415</center>
		<line-width>10</line-width>
		<has-frame-color>true</has-frame-color>
		<has-inside-color>true</has-inside-color>
		<frame-color>0,0,0</frame-color>
		<frame-color-alarm>255,0,0</frame-color-alarm>
		<fill-color>255,255,255</fill-color>
		<fill-color-alarm>255,255,255</fill-color-alarm>
		<enable-text-input>false</enable-text-input>
		<expr-toggle-color>
			<expr>
				<var>.gxSHOW_Info2USB</var>
				<var>.gxSHOW_ACT2ACT</var>
				<op>OR(2)</op>
			</expr>
		</expr-toggle-color>
		<hidden-input>false</hidden-input>
	</element>
	<element type="polygon">
		<poly-count>3</poly-count>
		<poly-shape>polyline</poly-shape>
		<point>1245,395</point>
		<point>1260,415</point>
		<point>1245,435</point>
		<elem-id>13</elem-id>
		<center>1250,415</center>
		<line-width>10</line-width>
		<has-frame-color>true</has-frame-color>
		<has-inside-color>true</has-inside-color>
		<frame-color>0,0,0</frame-color>
		<frame-color-alarm>255,0,0</frame-color-alarm>
		<fill-color>255,255,255</fill-color>
		<fill-color-alarm>255,255,255</fill-color-alarm>
		<enable-text-input>false</enable-text-input>
		<expr-toggle-color>
			<expr>
				<var>.gxSHOW_Info2USB</var>
			</expr>
		</expr-toggle-color>
		<hidden-input>false</hidden-input>
	</element>
	<element type="polygon">
		<poly-count>3</poly-count>
		<poly-shape>polyline</poly-shape>
		<point>1140,800</point>
		<point>1125,820</point>
		<point>1140,840</point>
		<elem-id>14</elem-id>
		<center>1135,820</center>
		<line-width>10</line-width>
		<has-frame-color>true</has-frame-color>
		<has-inside-color>true</has-inside-color>
		<frame-color>0,0,0</frame-color>
		<frame-color-alarm>255,0,0</frame-color-alarm>
		<fill-color>255,255,255</fill-color>
		<fill-color-alarm>255,255,255</fill-color-alarm>
		<enable-text-input>false</enable-text-input>
		<expr-toggle-color>
			<expr>
				<var>.gxSHOW_FAC2FAC</var>
			</expr>
		</expr-toggle-color>
		<hidden-input>false</hidden-input>
	</element>
	<element type="polygon">
		<poly-count>2</poly-count>
		<poly-shape>polyline</poly-shape>
		<point>660,685</point>
		<point>660,420</point>
		<elem-id>15</elem-id>
		<center>660,552</center>
		<line-width>10</line-width>
		<has-frame-color>true</has-frame-color>
		<has-inside-color>true</has-inside-color>
		<frame-color>0,0,0</frame-color>
		<frame-color-alarm>255,0,0</frame-color-alarm>
		<fill-color>255,255,255</fill-color>
		<fill-color-alarm>255,255,255</fill-color-alarm>
		<enable-text-input>false</enable-text-input>
		<expr-toggle-color>
			<expr>
				<var>.gxSHOW_DEF2ACT</var>
				<var>.gxSHOW_ACT2DEF</var>
				<op>OR(2)</op>
			</expr>
		</expr-toggle-color>
		<hidden-input>false</hidden-input>
	</element>
	<element type="polygon">
		<poly-count>3</poly-count>
		<poly-shape>polyline</poly-shape>
		<point>540,440</point>
		<point>565,415</point>
		<point>590,440</point>
		<elem-id>16</elem-id>
		<center>565,431</center>
		<line-width>10</line-width>
		<has-frame-color>true</has-frame-color>
		<has-inside-color>true</has-inside-color>
		<frame-color>0,0,0</frame-color>
		<frame-color-alarm>255,0,0</frame-color-alarm>
		<fill-color>255,255,255</fill-color>
		<fill-color-alarm>255,255,255</fill-color-alarm>
		<enable-text-input>false</enable-text-input>
		<expr-toggle-color>
			<expr>
				<var>.gxSHOW_FAC2ACT</var>
			</expr>
		</expr-toggle-color>
		<hidden-input>false</hidden-input>
	</element>
	<element type="polygon">
		<poly-count>3</poly-count>
		<poly-shape>polyline</poly-shape>
		<point>635,660</point>
		<point>660,690</point>
		<point>685,660</point>
		<elem-id>17</elem-id>
		<center>655,670</center>
		<line-width>10</line-width>
		<has-frame-color>true</has-frame-color>
		<has-inside-color>true</has-inside-color>
		<frame-color>0,0,0</frame-color>
		<frame-color-alarm>255,0,0</frame-color-alarm>
		<fill-color>255,255,255</fill-color>
		<fill-color-alarm>255,255,255</fill-color-alarm>
		<enable-text-input>false</enable-text-input>
		<expr-toggle-color>
			<expr>
				<var>.gxSHOW_ACT2DEF</var>
			</expr>
		</expr-toggle-color>
		<hidden-input>false</hidden-input>
	</element>
	<element type="polygon">
		<poly-count>2</poly-count>
		<poly-shape>polyline</poly-shape>
		<point>565,810</point>
		<point>565,420</point>
		<elem-id>18</elem-id>
		<center>565,615</center>
		<line-width>10</line-width>
		<has-frame-color>true</has-frame-color>
		<has-inside-color>true</has-inside-color>
		<frame-color>0,0,0</frame-color>
		<frame-color-alarm>255,0,0</frame-color-alarm>
		<fill-color>255,255,255</fill-color>
		<fill-color-alarm>255,255,255</fill-color-alarm>
		<enable-text-input>false</enable-text-input>
		<expr-toggle-color>
			<expr>
				<var>.gxSHOW_FAC2ACT</var>
			</expr>
		</expr-toggle-color>
		<hidden-input>false</hidden-input>
	</element>
	<element type="polygon">
		<poly-count>3</poly-count>
		<poly-shape>polyline</poly-shape>
		<point>635,440</point>
		<point>660,415</point>
		<point>685,440</point>
		<elem-id>19</elem-id>
		<center>660,431</center>
		<line-width>10</line-width>
		<has-frame-color>true</has-frame-color>
		<has-inside-color>true</has-inside-color>
		<frame-color>0,0,0</frame-color>
		<frame-color-alarm>255,0,0</frame-color-alarm>
		<fill-color>255,255,255</fill-color>
		<fill-color-alarm>255,255,255</fill-color-alarm>
		<enable-text-input>false</enable-text-input>
		<expr-toggle-color>
			<expr>
				<var>.gxSHOW_DEF2ACT</var>
			</expr>
		</expr-toggle-color>
		<hidden-input>false</hidden-input>
	</element>
	<element type="polygon">
		<poly-count>2</poly-count>
		<poly-shape>polyline</poly-shape>
		<point>1125,690</point>
		<point>1255,690</point>
		<elem-id>20</elem-id>
		<center>1190,690</center>
		<line-width>10</line-width>
		<has-frame-color>true</has-frame-color>
		<has-inside-color>true</has-inside-color>
		<frame-color>0,0,0</frame-color>
		<frame-color-alarm>255,0,0</frame-color-alarm>
		<fill-color>255,255,255</fill-color>
		<fill-color-alarm>255,255,255</fill-color-alarm>
		<enable-text-input>false</enable-text-input>
		<expr-toggle-color>
			<expr>
				<var>.gxSHOW_Info2USB</var>
			</expr>
		</expr-toggle-color>
		<hidden-input>false</hidden-input>
	</element>
	<element type="polygon">
		<poly-count>3</poly-count>
		<poly-shape>polyline</poly-shape>
		<point>1245,670</point>
		<point>1260,690</point>
		<point>1245,710</point>
		<elem-id>21</elem-id>
		<center>1250,690</center>
		<line-width>10</line-width>
		<has-frame-color>true</has-frame-color>
		<has-inside-color>true</has-inside-color>
		<frame-color>0,0,0</frame-color>
		<frame-color-alarm>255,0,0</frame-color-alarm>
		<fill-color>255,255,255</fill-color>
		<fill-color-alarm>255,255,255</fill-color-alarm>
		<enable-text-input>false</enable-text-input>
		<expr-toggle-color>
			<expr>
				<var>.gxSHOW_Info2USB</var>
			</expr>
		</expr-toggle-color>
		<hidden-input>false</hidden-input>
	</element>
	<element type="polygon">
		<poly-count>2</poly-count>
		<poly-shape>polyline</poly-shape>
		<point>1125,985</point>
		<point>1255,985</point>
		<elem-id>22</elem-id>
		<center>1190,985</center>
		<line-width>10</line-width>
		<has-frame-color>true</has-frame-color>
		<has-inside-color>true</has-inside-color>
		<frame-color>0,0,0</frame-color>
		<frame-color-alarm>255,0,0</frame-color-alarm>
		<fill-color>255,255,255</fill-color>
		<fill-color-alarm>255,255,255</fill-color-alarm>
		<enable-text-input>false</enable-text-input>
		<expr-toggle-color>
			<expr>
				<var>.gxSHOW_Info2USB</var>
			</expr>
		</expr-toggle-color>
		<hidden-input>false</hidden-input>
	</element>
	<element type="polygon">
		<poly-count>3</poly-count>
		<poly-shape>polyline</poly-shape>
		<point>1245,965</point>
		<point>1260,985</point>
		<point>1245,1005</point>
		<elem-id>23</elem-id>
		<center>1250,985</center>
		<line-width>10</line-width>
		<has-frame-color>true</has-frame-color>
		<has-inside-color>true</has-inside-color>
		<frame-color>0,0,0</frame-color>
		<frame-color-alarm>255,0,0</frame-color-alarm>
		<fill-color>255,255,255</fill-color>
		<fill-color-alarm>255,255,255</fill-color-alarm>
		<enable-text-input>false</enable-text-input>
		<expr-toggle-color>
			<expr>
				<var>.gxSHOW_Info2USB</var>
			</expr>
		</expr-toggle-color>
		<hidden-input>false</hidden-input>
	</element>
	<element type="polygon">
		<poly-count>2</poly-count>
		<poly-shape>polyline</poly-shape>
		<point>1130,820</point>
		<point>1260,820</point>
		<elem-id>24</elem-id>
		<center>1195,820</center>
		<line-width>10</line-width>
		<has-frame-color>true</has-frame-color>
		<has-inside-color>true</has-inside-color>
		<frame-color>0,0,0</frame-color>
		<frame-color-alarm>255,0,0</frame-color-alarm>
		<fill-color>255,255,255</fill-color>
		<fill-color-alarm>255,255,255</fill-color-alarm>
		<enable-text-input>false</enable-text-input>
		<expr-toggle-color>
			<expr>
				<var>.gxSHOW_Info2USB</var>
				<var>.gxSHOW_FAC2FAC</var>
				<op>OR(2)</op>
			</expr>
		</expr-toggle-color>
		<hidden-input>false</hidden-input>
	</element>
	<element type="polygon">
		<poly-count>3</poly-count>
		<poly-shape>polyline</poly-shape>
		<point>1250,800</point>
		<point>1265,820</point>
		<point>1250,840</point>
		<elem-id>25</elem-id>
		<center>1255,820</center>
		<line-width>10</line-width>
		<has-frame-color>true</has-frame-color>
		<has-inside-color>true</has-inside-color>
		<frame-color>0,0,0</frame-color>
		<frame-color-alarm>255,0,0</frame-color-alarm>
		<fill-color>255,255,255</fill-color>
		<fill-color-alarm>255,255,255</fill-color-alarm>
		<enable-text-input>false</enable-text-input>
		<expr-toggle-color>
			<expr>
				<var>.gxSHOW_Info2USB</var>
			</expr>
		</expr-toggle-color>
		<hidden-input>false</hidden-input>
	</element>
	<element type="simple">
		<simple-shape>rectangle</simple-shape>
		<elem-id>26</elem-id>
		<center>1483,655</center>
		<line-width>0</line-width>
		<has-frame-color>true</has-frame-color>
		<has-inside-color>true</has-inside-color>
		<frame-color>0,0,0</frame-color>
		<frame-color-alarm>0,0,0</frame-color-alarm>
		<fill-color>255,255,255</fill-color>
		<fill-color-alarm>255,255,255</fill-color-alarm>
		<enable-text-input>false</enable-text-input>
		<hidden-input>false</hidden-input>
		<rect>1285,250,1681,1061</rect>
	</element>
	<element type="simple">
		<simple-shape>rectangle</simple-shape>
		<elem-id>27</elem-id>
		<center>1483,718</center>
		<line-width>0</line-width>
		<has-frame-color>false</has-frame-color>
		<has-inside-color>false</has-inside-color>
		<frame-color>0,0,0</frame-color>
		<frame-color-alarm>0,0,0</frame-color-alarm>
		<fill-color>255,0,255</fill-color>
		<fill-color-alarm>255,255,255</fill-color-alarm>
		<text-align-horz>center</text-align-horz>
		<text-align-vert>center</text-align-vert>
		<font-height>-48</font-height>
		<font-height-point-size>36</font-height-point-size>
		<font-weight>700</font-weight>
		<font-italic>false</font-italic>
		<font-underline>false</font-underline>
		<font-strike-out>false</font-strike-out>
		<font-char-set>0</font-char-set>
		<text-id>716</text-id>
		<font-name><![CDATA[Arial Unicode MS]]></font-name>
		<font-color>0,0,0</font-color>
		<enable-text-input>false</enable-text-input>
		<text-format>
			<![CDATA[PA_DEFxx.DAT
.]]>
		</text-format>
		<hidden-input>false</hidden-input>
		<rect>1285,650,1681,786</rect>
	</element>
	<element type="simple">
		<simple-shape>rectangle</simple-shape>
		<elem-id>28</elem-id>
		<center>1483,315</center>
		<line-width>0</line-width>
		<has-frame-color>false</has-frame-color>
		<has-inside-color>false</has-inside-color>
		<frame-color>0,0,0</frame-color>
		<frame-color-alarm>0,0,0</frame-color-alarm>
		<fill-color>255,0,255</fill-color>
		<fill-color-alarm>255,255,255</fill-color-alarm>
		<text-align-horz>center</text-align-horz>
		<text-align-vert>center</text-align-vert>
		<font-height>-48</font-height>
		<font-height-point-size>36</font-height-point-size>
		<font-weight>700</font-weight>
		<font-italic>false</font-italic>
		<font-underline>false</font-underline>
		<font-strike-out>false</font-strike-out>
		<font-char-set>0</font-char-set>
		<text-id>717</text-id>
		<font-name><![CDATA[Arial Unicode MS]]></font-name>
		<font-color>0,0,0</font-color>
		<enable-text-input>false</enable-text-input>
		<text-format>
			<![CDATA[USB-Stick| |(d:\)
.
]]>
		</text-format>
		<hidden-input>false</hidden-input>
		<rect>1285,250,1681,381</rect>
	</element>
	<element type="simple">
		<simple-shape>rectangle</simple-shape>
		<elem-id>29</elem-id>
		<center>1483,445</center>
		<line-width>0</line-width>
		<has-frame-color>false</has-frame-color>
		<has-inside-color>false</has-inside-color>
		<frame-color>0,0,0</frame-color>
		<frame-color-alarm>0,0,0</frame-color-alarm>
		<fill-color>0,255,255</fill-color>
		<fill-color-alarm>255,255,255</fill-color-alarm>
		<text-align-horz>center</text-align-horz>
		<text-align-vert>center</text-align-vert>
		<font-height>-48</font-height>
		<font-height-point-size>36</font-height-point-size>
		<font-weight>700</font-weight>
		<font-italic>false</font-italic>
		<font-underline>false</font-underline>
		<font-strike-out>false</font-strike-out>
		<font-char-set>0</font-char-set>
		<text-id>718</text-id>
		<font-name><![CDATA[Arial Unicode MS]]></font-name>
		<font-color>0,0,0</font-color>
		<enable-text-input>false</enable-text-input>
		<text-format>
			<![CDATA[PA_ACTxx.DAT
PARAxxx.CSV]]>
		</text-format>
		<hidden-input>false</hidden-input>
		<rect>1285,380,1681,511</rect>
	</element>
	<element type="simple">
		<simple-shape>rectangle</simple-shape>
		<elem-id>30</elem-id>
		<center>1483,988</center>
		<line-width>0</line-width>
		<has-frame-color>false</has-frame-color>
		<has-inside-color>false</has-inside-color>
		<frame-color>0,0,0</frame-color>
		<frame-color-alarm>0,0,0</frame-color-alarm>
		<fill-color>255,0,255</fill-color>
		<fill-color-alarm>255,255,255</fill-color-alarm>
		<text-align-horz>center</text-align-horz>
		<text-align-vert>center</text-align-vert>
		<font-height>-48</font-height>
		<font-height-point-size>36</font-height-point-size>
		<font-weight>700</font-weight>
		<font-italic>false</font-italic>
		<font-underline>false</font-underline>
		<font-strike-out>false</font-strike-out>
		<font-char-set>0</font-char-set>
		<text-id>719</text-id>
		<font-name><![CDATA[Arial Unicode MS]]></font-name>
		<font-color>0,0,0</font-color>
		<enable-text-input>false</enable-text-input>
		<text-format>
			<![CDATA[BootStat.DAT
IPC_Info.DAT]]>
		</text-format>
		<hidden-input>false</hidden-input>
		<rect>1285,920,1681,1056</rect>
	</element>
	<element type="simple">
		<simple-shape>rectangle</simple-shape>
		<elem-id>31</elem-id>
		<center>1483,853</center>
		<line-width>0</line-width>
		<has-frame-color>false</has-frame-color>
		<has-inside-color>false</has-inside-color>
		<frame-color>0,0,0</frame-color>
		<frame-color-alarm>0,0,0</frame-color-alarm>
		<fill-color>0,255,255</fill-color>
		<fill-color-alarm>255,255,255</fill-color-alarm>
		<text-align-horz>center</text-align-horz>
		<text-align-vert>center</text-align-vert>
		<font-height>-48</font-height>
		<font-height-point-size>36</font-height-point-size>
		<font-weight>700</font-weight>
		<font-italic>false</font-italic>
		<font-underline>false</font-underline>
		<font-strike-out>false</font-strike-out>
		<font-char-set>0</font-char-set>
		<text-id>720</text-id>
		<font-name><![CDATA[Arial Unicode MS]]></font-name>
		<font-color>0,0,0</font-color>
		<enable-text-input>false</enable-text-input>
		<text-format>
			<![CDATA[PA_FACxx.DAT
.]]>
		</text-format>
		<hidden-input>false</hidden-input>
		<rect>1285,785,1681,921</rect>
	</element>
	<element type="simple">
		<simple-shape>rectangle</simple-shape>
		<elem-id>32</elem-id>
		<center>908,718</center>
		<line-width>0</line-width>
		<has-frame-color>false</has-frame-color>
		<has-inside-color>false</has-inside-color>
		<frame-color>0,0,0</frame-color>
		<frame-color-alarm>0,0,0</frame-color-alarm>
		<fill-color>255,0,255</fill-color>
		<fill-color-alarm>255,255,255</fill-color-alarm>
		<text-align-horz>center</text-align-horz>
		<text-align-vert>center</text-align-vert>
		<font-height>-48</font-height>
		<font-height-point-size>36</font-height-point-size>
		<font-weight>700</font-weight>
		<font-italic>false</font-italic>
		<font-underline>false</font-underline>
		<font-strike-out>false</font-strike-out>
		<font-char-set>0</font-char-set>
		<text-id>722</text-id>
		<font-name><![CDATA[Arial Unicode MS]]></font-name>
		<font-color>0,0,0</font-color>
		<enable-text-input>false</enable-text-input>
		<text-format>
			<![CDATA[PA_DEFxx.DAT
.]]>
		</text-format>
		<hidden-input>false</hidden-input>
		<rect>710,650,1106,786</rect>
	</element>
	<element type="simple">
		<simple-shape>rectangle</simple-shape>
		<elem-id>33</elem-id>
		<center>850,320</center>
		<line-width>0</line-width>
		<has-frame-color>false</has-frame-color>
		<has-inside-color>false</has-inside-color>
		<frame-color>0,0,0</frame-color>
		<frame-color-alarm>0,0,0</frame-color-alarm>
		<fill-color>255,0,255</fill-color>
		<fill-color-alarm>255,255,255</fill-color-alarm>
		<text-align-horz>center</text-align-horz>
		<text-align-vert>center</text-align-vert>
		<font-height>-48</font-height>
		<font-height-point-size>36</font-height-point-size>
		<font-weight>700</font-weight>
		<font-italic>false</font-italic>
		<font-underline>false</font-underline>
		<font-strike-out>false</font-strike-out>
		<font-char-set>0</font-char-set>
		<text-id>723</text-id>
		<font-name><![CDATA[Arial Unicode MS]]></font-name>
		<font-color>0,0,0</font-color>
		<enable-text-input>false</enable-text-input>
		<text-display>
			<expr>
				<const>1</const>
			</expr>
		</text-display>
		<text-format>
			<![CDATA[%|<|NAME01|>|| |(a:\)
.
]]>
		</text-format>
		<hidden-input>false</hidden-input>
		<rect>595,255,1106,386</rect>
	</element>
	<element type="simple">
		<simple-shape>rectangle</simple-shape>
		<elem-id>34</elem-id>
		<center>908,433</center>
		<line-width>0</line-width>
		<has-frame-color>false</has-frame-color>
		<has-inside-color>false</has-inside-color>
		<frame-color>0,0,0</frame-color>
		<frame-color-alarm>0,0,0</frame-color-alarm>
		<fill-color>0,255,255</fill-color>
		<fill-color-alarm>255,255,255</fill-color-alarm>
		<text-align-horz>center</text-align-horz>
		<text-align-vert>center</text-align-vert>
		<font-height>-48</font-height>
		<font-height-point-size>36</font-height-point-size>
		<font-weight>700</font-weight>
		<font-italic>false</font-italic>
		<font-underline>false</font-underline>
		<font-strike-out>false</font-strike-out>
		<font-char-set>0</font-char-set>
		<text-id>724</text-id>
		<font-name><![CDATA[Arial Unicode MS]]></font-name>
		<font-color>0,0,0</font-color>
		<enable-text-input>false</enable-text-input>
		<text-format>
			<![CDATA[PA_ACTxx.DAT
.]]>
		</text-format>
		<hidden-input>false</hidden-input>
		<rect>710,365,1106,501</rect>
	</element>
	<element type="simple">
		<simple-shape>rectangle</simple-shape>
		<elem-id>35</elem-id>
		<center>908,988</center>
		<line-width>0</line-width>
		<has-frame-color>false</has-frame-color>
		<has-inside-color>false</has-inside-color>
		<frame-color>0,0,0</frame-color>
		<frame-color-alarm>0,0,0</frame-color-alarm>
		<fill-color>255,0,255</fill-color>
		<fill-color-alarm>255,255,255</fill-color-alarm>
		<text-align-horz>center</text-align-horz>
		<text-align-vert>center</text-align-vert>
		<font-height>-48</font-height>
		<font-height-point-size>36</font-height-point-size>
		<font-weight>700</font-weight>
		<font-italic>false</font-italic>
		<font-underline>false</font-underline>
		<font-strike-out>false</font-strike-out>
		<font-char-set>0</font-char-set>
		<text-id>725</text-id>
		<font-name><![CDATA[Arial Unicode MS]]></font-name>
		<font-color>0,0,0</font-color>
		<enable-text-input>false</enable-text-input>
		<text-format>
			<![CDATA[BootStat.DAT
IPC_Info.DAT]]>
		</text-format>
		<hidden-input>false</hidden-input>
		<rect>710,920,1106,1056</rect>
	</element>
	<element type="simple">
		<simple-shape>rectangle</simple-shape>
		<elem-id>36</elem-id>
		<center>908,853</center>
		<line-width>0</line-width>
		<has-frame-color>false</has-frame-color>
		<has-inside-color>false</has-inside-color>
		<frame-color>0,0,0</frame-color>
		<frame-color-alarm>0,0,0</frame-color-alarm>
		<fill-color>0,255,255</fill-color>
		<fill-color-alarm>255,255,255</fill-color-alarm>
		<text-align-horz>center</text-align-horz>
		<text-align-vert>center</text-align-vert>
		<font-height>-48</font-height>
		<font-height-point-size>36</font-height-point-size>
		<font-weight>700</font-weight>
		<font-italic>false</font-italic>
		<font-underline>false</font-underline>
		<font-strike-out>false</font-strike-out>
		<font-char-set>0</font-char-set>
		<text-id>726</text-id>
		<font-name><![CDATA[Arial Unicode MS]]></font-name>
		<font-color>0,0,0</font-color>
		<enable-text-input>false</enable-text-input>
		<text-format>
			<![CDATA[PA_FACxx.DAT
.]]>
		</text-format>
		<hidden-input>false</hidden-input>
		<rect>710,785,1106,921</rect>
	</element>
	<element type="simple">
		<simple-shape>rectangle</simple-shape>
		<elem-id>37</elem-id>
		<center>1483,575</center>
		<line-width>0</line-width>
		<has-frame-color>false</has-frame-color>
		<has-inside-color>false</has-inside-color>
		<frame-color>0,0,0</frame-color>
		<frame-color-alarm>0,0,0</frame-color-alarm>
		<fill-color>0,255,255</fill-color>
		<fill-color-alarm>255,255,255</fill-color-alarm>
		<text-align-horz>center</text-align-horz>
		<text-align-vert>center</text-align-vert>
		<font-height>-48</font-height>
		<font-height-point-size>36</font-height-point-size>
		<font-weight>700</font-weight>
		<font-italic>false</font-italic>
		<font-underline>false</font-underline>
		<font-strike-out>false</font-strike-out>
		<font-char-set>0</font-char-set>
		<text-id>733</text-id>
		<font-name><![CDATA[Arial Unicode MS]]></font-name>
		<font-color>0,0,0</font-color>
		<enable-text-input>false</enable-text-input>
		<text-format>
			<![CDATA[TIMExxx.CSV
.]]>
		</text-format>
		<hidden-input>false</hidden-input>
		<rect>1285,510,1681,641</rect>
	</element>
	<element type="polygon">
		<poly-count>2</poly-count>
		<poly-shape>polyline</poly-shape>
		<point>1165,475</point>
		<point>1255,475</point>
		<elem-id>38</elem-id>
		<center>1210,475</center>
		<line-width>10</line-width>
		<has-frame-color>true</has-frame-color>
		<has-inside-color>true</has-inside-color>
		<frame-color>0,0,0</frame-color>
		<frame-color-alarm>255,0,0</frame-color-alarm>
		<fill-color>255,255,255</fill-color>
		<fill-color-alarm>255,255,255</fill-color-alarm>
		<enable-text-input>false</enable-text-input>
		<expr-toggle-color>
			<expr>
				<var>.gxSHOW_Info2USB</var>
			</expr>
		</expr-toggle-color>
		<hidden-input>false</hidden-input>
	</element>
	<element type="polygon">
		<poly-count>3</poly-count>
		<poly-shape>polyline</poly-shape>
		<point>1245,455</point>
		<point>1260,475</point>
		<point>1245,495</point>
		<elem-id>39</elem-id>
		<center>1250,475</center>
		<line-width>10</line-width>
		<has-frame-color>true</has-frame-color>
		<has-inside-color>true</has-inside-color>
		<frame-color>0,0,0</frame-color>
		<frame-color-alarm>255,0,0</frame-color-alarm>
		<fill-color>255,255,255</fill-color>
		<fill-color-alarm>255,255,255</fill-color-alarm>
		<enable-text-input>false</enable-text-input>
		<expr-toggle-color>
			<expr>
				<var>.gxSHOW_Info2USB</var>
			</expr>
		</expr-toggle-color>
		<hidden-input>false</hidden-input>
	</element>
	<element type="polygon">
		<poly-count>2</poly-count>
		<poly-shape>polyline</poly-shape>
		<point>1165,540</point>
		<point>1260,540</point>
		<elem-id>40</elem-id>
		<center>1212,540</center>
		<line-width>10</line-width>
		<has-frame-color>true</has-frame-color>
		<has-inside-color>true</has-inside-color>
		<frame-color>0,0,0</frame-color>
		<frame-color-alarm>255,0,0</frame-color-alarm>
		<fill-color>255,255,255</fill-color>
		<fill-color-alarm>255,255,255</fill-color-alarm>
		<enable-text-input>false</enable-text-input>
		<expr-toggle-color>
			<expr>
				<var>.gxSHOW_Info2USB</var>
			</expr>
		</expr-toggle-color>
		<hidden-input>false</hidden-input>
	</element>
	<element type="polygon">
		<poly-count>3</poly-count>
		<poly-shape>polyline</poly-shape>
		<point>1245,520</point>
		<point>1260,540</point>
		<point>1245,560</point>
		<elem-id>41</elem-id>
		<center>1250,540</center>
		<line-width>10</line-width>
		<has-frame-color>true</has-frame-color>
		<has-inside-color>true</has-inside-color>
		<frame-color>0,0,0</frame-color>
		<frame-color-alarm>255,0,0</frame-color-alarm>
		<fill-color>255,255,255</fill-color>
		<fill-color-alarm>255,255,255</fill-color-alarm>
		<enable-text-input>false</enable-text-input>
		<expr-toggle-color>
			<expr>
				<var>.gxSHOW_Info2USB</var>
			</expr>
		</expr-toggle-color>
		<hidden-input>false</hidden-input>
	</element>
	<element type="polygon">
		<poly-count>2</poly-count>
		<poly-shape>polyline</poly-shape>
		<point>1165,415</point>
		<point>1165,540</point>
		<elem-id>42</elem-id>
		<center>1165,477</center>
		<line-width>10</line-width>
		<has-frame-color>true</has-frame-color>
		<has-inside-color>true</has-inside-color>
		<frame-color>0,0,0</frame-color>
		<frame-color-alarm>255,0,0</frame-color-alarm>
		<fill-color>255,255,255</fill-color>
		<fill-color-alarm>255,255,255</fill-color-alarm>
		<enable-text-input>false</enable-text-input>
		<expr-toggle-color>
			<expr>
				<var>.gxSHOW_Info2USB</var>
			</expr>
		</expr-toggle-color>
		<hidden-input>false</hidden-input>
	</element>
	<element type="polygon">
		<poly-count>3</poly-count>
		<poly-shape>polyline</poly-shape>
		<point>1140,395</point>
		<point>1125,415</point>
		<point>1140,435</point>
		<elem-id>43</elem-id>
		<center>1135,415</center>
		<line-width>10</line-width>
		<has-frame-color>true</has-frame-color>
		<has-inside-color>true</has-inside-color>
		<frame-color>0,0,0</frame-color>
		<frame-color-alarm>255,0,0</frame-color-alarm>
		<fill-color>255,255,255</fill-color>
		<fill-color-alarm>255,255,255</fill-color-alarm>
		<enable-text-input>false</enable-text-input>
		<expr-toggle-color>
			<expr>
				<var>.gxSHOW_ACT2ACT</var>
			</expr>
		</expr-toggle-color>
		<hidden-input>false</hidden-input>
	</element>
	<key-info-list/>
	<variablelist>
		<variable name=".gwdColorRAHMEN">4,31954,4,5</variable>
		<variable name=".gwColorTEXTButton">4,31962,4,5</variable>
		<variable name=".gxSHOW_ACT2ACT">4,27671,1,0</variable>
		<variable name=".gwColorANZEIGETEXT">4,31958,4,5</variable>
		<variable name=".gxSHOW_FAC2ACT">4,27669,1,0</variable>
		<variable name=".gxSHOW_Info2USB">4,27666,1,0</variable>
		<variable name=".gxSHOW_ACT2DEF">4,27667,1,0</variable>
		<variable name=".gxSHOW_FAC2FAC">4,27670,1,0</variable>
		<variable name=".gxSHOW_DEF2ACT">4,27668,1,0</variable>
	</variablelist>
</visualisation>