<?xml version="1.0" encoding="ISO-8859-1"?>

<visualisation>
	<time-stamp>1634725283,3452816845</time-stamp>
	<name>RELAIS_O</name>
	<symplified-user-input>false</symplified-user-input>
	<keyboard-usage-for-table>true</keyboard-usage-for-table>
	<size>81,61</size>
	<usage-type>0</usage-type>
	<use-language-file>false</use-language-file>
	<use-dynamic-text>true</use-dynamic-text>
	<hide-elements>false</hide-elements>
	<language>ENGLISH</language>
	<dynamic-text-file>VIS\SPRACHE\DYNSPR.XML</dynamic-text-file>
	<element type="simple">
		<simple-shape>rectangle</simple-shape>
		<elem-id>0</elem-id>
		<center>40,30</center>
		<line-width>0</line-width>
		<has-frame-color>false</has-frame-color>
		<has-inside-color>false</has-inside-color>
		<frame-color>0,0,0</frame-color>
		<frame-color-alarm>0,0,0</frame-color-alarm>
		<fill-color>192,192,192</fill-color>
		<fill-color-alarm>255,255,255</fill-color-alarm>
		<enable-text-input>false</enable-text-input>
		<hidden-input>false</hidden-input>
		<rect>0,0,81,61</rect>
	</element>
	<element type="polygon">
		<poly-count>2</poly-count>
		<poly-shape>bezier</poly-shape>
		<point>40,55</point>
		<point>40,45</point>
		<elem-id>1</elem-id>
		<center>40,50</center>
		<line-width>8</line-width>
		<has-frame-color>true</has-frame-color>
		<has-inside-color>true</has-inside-color>
		<frame-color>0,0,0</frame-color>
		<frame-color-alarm>0,0,0</frame-color-alarm>
		<fill-color>255,255,255</fill-color>
		<fill-color-alarm>255,255,255</fill-color-alarm>
		<expr-frame-color>
			<expr>
				<placeholder>$dwtextcolor$</placeholder>
			</expr>
		</expr-frame-color>
		<enable-text-input>false</enable-text-input>
		<hidden-input>false</hidden-input>
	</element>
	<element type="polygon">
		<poly-count>2</poly-count>
		<poly-shape>bezier</poly-shape>
		<point>50,5</point>
		<point>50,15</point>
		<elem-id>2</elem-id>
		<center>50,10</center>
		<line-width>8</line-width>
		<has-frame-color>true</has-frame-color>
		<has-inside-color>true</has-inside-color>
		<frame-color>0,0,0</frame-color>
		<frame-color-alarm>0,0,0</frame-color-alarm>
		<fill-color>255,255,255</fill-color>
		<fill-color-alarm>255,255,255</fill-color-alarm>
		<expr-frame-color>
			<expr>
				<placeholder>$dwtextcolor$</placeholder>
			</expr>
		</expr-frame-color>
		<enable-text-input>false</enable-text-input>
		<hidden-input>false</hidden-input>
	</element>
	<element type="polygon">
		<poly-count>2</poly-count>
		<poly-shape>polyline</poly-shape>
		<point>30,15</point>
		<point>40,45</point>
		<elem-id>3</elem-id>
		<center>35,30</center>
		<line-width>8</line-width>
		<has-frame-color>true</has-frame-color>
		<has-inside-color>true</has-inside-color>
		<frame-color>0,0,0</frame-color>
		<frame-color-alarm>0,0,0</frame-color-alarm>
		<fill-color>255,255,255</fill-color>
		<fill-color-alarm>255,255,255</fill-color-alarm>
		<expr-frame-color>
			<expr>
				<placeholder>$dwtextcolor$</placeholder>
			</expr>
		</expr-frame-color>
		<enable-text-input>false</enable-text-input>
		<expr-invisible>
			<expr>
				<placeholder>$switch_w$</placeholder>
				<const>TRUE</const>
				<op>=(2)</op>
			</expr>
		</expr-invisible>
		<hidden-input>false</hidden-input>
	</element>
	<element type="polygon">
		<poly-count>2</poly-count>
		<poly-shape>polyline</poly-shape>
		<point>50,15</point>
		<point>40,45</point>
		<elem-id>4</elem-id>
		<center>45,30</center>
		<line-width>8</line-width>
		<has-frame-color>true</has-frame-color>
		<has-inside-color>true</has-inside-color>
		<frame-color>0,0,0</frame-color>
		<frame-color-alarm>0,0,0</frame-color-alarm>
		<fill-color>255,255,255</fill-color>
		<fill-color-alarm>255,255,255</fill-color-alarm>
		<expr-frame-color>
			<expr>
				<placeholder>$dwtextcolor$</placeholder>
			</expr>
		</expr-frame-color>
		<enable-text-input>false</enable-text-input>
		<expr-invisible>
			<expr>
				<placeholder>$switch_w$</placeholder>
				<const>FALSE</const>
				<op>=(2)</op>
			</expr>
		</expr-invisible>
		<hidden-input>false</hidden-input>
	</element>
	<element type="simple">
		<simple-shape>rectangle</simple-shape>
		<elem-id>5</elem-id>
		<center>68,13</center>
		<line-width>0</line-width>
		<has-frame-color>false</has-frame-color>
		<has-inside-color>false</has-inside-color>
		<frame-color>0,0,0</frame-color>
		<frame-color-alarm>0,0,0</frame-color-alarm>
		<fill-color>255,255,255</fill-color>
		<fill-color-alarm>255,255,255</fill-color-alarm>
		<expr-text-color>
			<expr>
				<placeholder>$dwtextcolor$</placeholder>
			</expr>
		</expr-text-color>
		<text-align-horz>center</text-align-horz>
		<text-align-vert>center</text-align-vert>
		<font-height>-19</font-height>
		<font-height-point-size>14</font-height-point-size>
		<font-weight>700</font-weight>
		<font-italic>false</font-italic>
		<font-underline>false</font-underline>
		<font-strike-out>false</font-strike-out>
		<font-char-set>0</font-char-set>
		<text-id>41</text-id>
		<font-name>Arial</font-name>
		<font-color>0,0,0</font-color>
		<enable-text-input>false</enable-text-input>
		<text-format>no</text-format>
		<hidden-input>false</hidden-input>
		<rect>55,0,81,26</rect>
	</element>
	<key-info-list/>
	<variablelist/>
</visualisation>